/*
Navicat MySQL Data Transfer

Source Server         : seho
Source Server Version : 50726
Source Host           : localhost:3306
Source Database       : hotel

Target Server Type    : MYSQL
Target Server Version : 50726
File Encoding         : 65001

Date: 2020-12-04 18:47:28
*/

SET FOREIGN_KEY_CHECKS=0;

-- ----------------------------
-- Table structure for activitys
-- ----------------------------
DROP TABLE IF EXISTS `activitys`;
CREATE TABLE `activitys` (
  `id` int(11) NOT NULL AUTO_INCREMENT,
  `start` varchar(15) NOT NULL,
  `end` varchar(15) NOT NULL,
  `types` varchar(5) NOT NULL DEFAULT '' COMMENT '1全部2pc3手机',
  `price` varchar(5) NOT NULL,
  `create_time` varchar(11) NOT NULL,
  `name` varchar(255) NOT NULL,
  `building_id` int(11) DEFAULT NULL,
  PRIMARY KEY (`id`)
) ENGINE=MyISAM AUTO_INCREMENT=15 DEFAULT CHARSET=utf8;

-- ----------------------------
-- Records of activitys
-- ----------------------------
INSERT INTO `activitys` VALUES ('14', '2020-11-10', '2020-11-21', '1', '0.8', '1604973697', '打折活动', '56');
INSERT INTO `activitys` VALUES ('13', '2020-11-08', '2020-11-10', '1', '0.9', '1604804803', '双11', '44');

-- ----------------------------
-- Table structure for admin
-- ----------------------------
DROP TABLE IF EXISTS `admin`;
CREATE TABLE `admin` (
  `id` int(10) unsigned NOT NULL AUTO_INCREMENT,
  `username` varchar(50) NOT NULL,
  `password` varchar(32) NOT NULL,
  `create_time` varchar(11) NOT NULL,
  `building_id` int(11) DEFAULT NULL,
  `surname` varchar(50) DEFAULT NULL,
  `tel` varchar(15) DEFAULT NULL,
  PRIMARY KEY (`id`)
) ENGINE=MyISAM AUTO_INCREMENT=13 DEFAULT CHARSET=utf8;

-- ----------------------------
-- Records of admin
-- ----------------------------
INSERT INTO `admin` VALUES ('1', 'bool', 'e10adc3949ba59abbe56e057f20f883e', '1590835948', null, null, null);
INSERT INTO `admin` VALUES ('2', 'weixin', 'e10adc3949ba59abbe56e057f20f883e', '1598486735', '39', '出生地', '323');
INSERT INTO `admin` VALUES ('4', 'daniu', 'e10adc3949ba59abbe56e057f20f883e', '1598487179', '41', 'long', '115');
INSERT INTO `admin` VALUES ('5', 'nook', 'e10adc3949ba59abbe56e057f20f883e', '1598487860', '43', null, null);
INSERT INTO `admin` VALUES ('6', 'wode', 'e10adc3949ba59abbe56e057f20f883e', '1598998506', '44', null, null);
INSERT INTO `admin` VALUES ('7', 'dalong', 'e10adc3949ba59abbe56e057f20f883e', '1600909414', '39', null, null);
INSERT INTO `admin` VALUES ('8', 'seho', 'e10adc3949ba59abbe56e057f20f883e', '1600909431', '39', null, null);
INSERT INTO `admin` VALUES ('9', 'sehochen', 'e10adc3949ba59abbe56e057f20f883e', '1601005923', '41', '陈大龙', '158901');
INSERT INTO `admin` VALUES ('11', 'test', 'e10adc3949ba59abbe56e057f20f883e', '1602121043', '55', 'test', '17625608736');
INSERT INTO `admin` VALUES ('12', 'yaduo', 'e10adc3949ba59abbe56e057f20f883e', '1604553359', '56', '亚朵', '18669907336');

-- ----------------------------
-- Table structure for admin_city
-- ----------------------------
DROP TABLE IF EXISTS `admin_city`;
CREATE TABLE `admin_city` (
  `id` int(11) unsigned NOT NULL AUTO_INCREMENT,
  `citys` varchar(255) DEFAULT NULL,
  `create_time` varchar(20) DEFAULT NULL,
  PRIMARY KEY (`id`)
) ENGINE=MyISAM AUTO_INCREMENT=7 DEFAULT CHARSET=utf8;

-- ----------------------------
-- Records of admin_city
-- ----------------------------
INSERT INTO `admin_city` VALUES ('1', '青岛', '1605597485');
INSERT INTO `admin_city` VALUES ('2', '上海', '1605597487');
INSERT INTO `admin_city` VALUES ('3', '成都', '1605597700');
INSERT INTO `admin_city` VALUES ('4', '太原', '1605601272');
INSERT INTO `admin_city` VALUES ('5', '西安', '1605601278');

-- ----------------------------
-- Table structure for app_activity_propaganda_img
-- ----------------------------
DROP TABLE IF EXISTS `app_activity_propaganda_img`;
CREATE TABLE `app_activity_propaganda_img` (
  `id` int(11) unsigned NOT NULL AUTO_INCREMENT COMMENT '手机活动宣传图',
  `image` text,
  `title` varchar(255) DEFAULT NULL,
  `status` varchar(255) DEFAULT '1',
  PRIMARY KEY (`id`)
) ENGINE=MyISAM AUTO_INCREMENT=7 DEFAULT CHARSET=utf8;

-- ----------------------------
-- Records of app_activity_propaganda_img
-- ----------------------------
INSERT INTO `app_activity_propaganda_img` VALUES ('1', 'https://desk-fd.zol-img.com.cn/g5/M00/02/09/ChMkJ1bKziGIRD-dAAQfhDIav3AAALJHwFlMCkABB-c113.jpg', '2332', '1');
INSERT INTO `app_activity_propaganda_img` VALUES ('2', 'https://desk-fd.zol-img.com.cn/g5/M00/02/03/ChMkJlbKxuWIAK0qAAJMoktgCVoAALHsAEr5_gAAky6525.jpg', '33223', '1');
INSERT INTO `app_activity_propaganda_img` VALUES ('3', 'http://pic.rmb.bdstatic.com/6db2b11c57223990aa3101ac455778cd.jpeg', '23', '1');
INSERT INTO `app_activity_propaganda_img` VALUES ('6', 'https://desk-fd.zol-img.com.cn/g5/M00/02/03/ChMkJ1bKxuWIFj0VAATuE1Mhc2gAALHsAEuNLIABO4r608.jpg', null, '1');

-- ----------------------------
-- Table structure for app_activity_top_notice
-- ----------------------------
DROP TABLE IF EXISTS `app_activity_top_notice`;
CREATE TABLE `app_activity_top_notice` (
  `id` int(11) unsigned NOT NULL AUTO_INCREMENT COMMENT '手机活动顶部公告',
  `title` varchar(255) DEFAULT NULL,
  PRIMARY KEY (`id`)
) ENGINE=MyISAM AUTO_INCREMENT=4 DEFAULT CHARSET=utf8;

-- ----------------------------
-- Records of app_activity_top_notice
-- ----------------------------
INSERT INTO `app_activity_top_notice` VALUES ('1', '欢迎使用布尔酒店管理系统');
INSERT INTO `app_activity_top_notice` VALUES ('3', 'QQ:30024167');
INSERT INTO `app_activity_top_notice` VALUES ('2', '如有问题请联系');

-- ----------------------------
-- Table structure for app_member
-- ----------------------------
DROP TABLE IF EXISTS `app_member`;
CREATE TABLE `app_member` (
  `id` int(11) unsigned NOT NULL AUTO_INCREMENT,
  `tel` varchar(20) DEFAULT NULL,
  `password` varchar(32) DEFAULT NULL,
  `create_time` varchar(20) DEFAULT NULL,
  `token` varchar(255) DEFAULT NULL,
  PRIMARY KEY (`id`)
) ENGINE=MyISAM AUTO_INCREMENT=4 DEFAULT CHARSET=utf8;

-- ----------------------------
-- Records of app_member
-- ----------------------------
INSERT INTO `app_member` VALUES ('3', '18669907331', '431701c4d3526bde27a60efffddc07c6', '1605425691', '7cb94c3661eff1d14be889165fc1b4d2');

-- ----------------------------
-- Table structure for app_subscribe
-- ----------------------------
DROP TABLE IF EXISTS `app_subscribe`;
CREATE TABLE `app_subscribe` (
  `id` int(11) NOT NULL AUTO_INCREMENT COMMENT '手机预订',
  `hotel` varchar(255) DEFAULT NULL,
  `identification` varchar(255) DEFAULT NULL,
  `layout` varchar(255) DEFAULT NULL,
  `mobile` varchar(255) DEFAULT NULL,
  `price` decimal(10,2) DEFAULT NULL,
  `token` varchar(255) DEFAULT NULL,
  `type` varchar(255) DEFAULT NULL,
  `user_id` int(11) DEFAULT NULL,
  `username` varchar(255) DEFAULT NULL,
  `create_time` varchar(15) DEFAULT NULL,
  `layout_id` int(11) DEFAULT NULL,
  `building_id` int(11) DEFAULT NULL,
  `start` varchar(255) DEFAULT NULL,
  `ends` varchar(255) DEFAULT NULL,
  `order_num` varchar(50) DEFAULT NULL,
  `pay_status` varchar(2) DEFAULT '1' COMMENT '支付状态',
  `daycount` varchar(5) DEFAULT NULL,
  PRIMARY KEY (`id`)
) ENGINE=MyISAM AUTO_INCREMENT=48 DEFAULT CHARSET=utf8;

-- ----------------------------
-- Records of app_subscribe
-- ----------------------------
INSERT INTO `app_subscribe` VALUES ('40', '亚朵酒店', '371325199308093055', '双人床', '18669907331', '1050.00', '94ed6bb25ea5a964a40a1558ea981bb4', 'wechat', '16', '323', '1604714094', '19', '56', '2020-11-07', '2020-11-10', '2011070954542939', '1', '3');
INSERT INTO `app_subscribe` VALUES ('41', '亚朵酒店', '371325199308093055', '双人床', '18669907331', '350.00', '24855a21f3ef946a7d6a50925dba0498', 'wechat', '16', '323', '1604714570', '19', '56', '2020-11-07', '2020-11-08', '2011071002504424', '1', '1');
INSERT INTO `app_subscribe` VALUES ('42', '亚朵酒店', '371325199308093055', '假日房', '18669907331', '350.00', '29b7bb6767532ea2a9b14cd808d841e7', 'wechat', '19', '323', '1604738581', '24', '56', '2020-11-07', '2020-11-08', '2011071643012035', '1', '1');
INSERT INTO `app_subscribe` VALUES ('43', '亚朵酒店', '371325199308093055', '游戏房', '18669907331', '560.00', '17447274f7fdd16fed4c18b2f1920208', 'alipay', '19', '323', '1604741632', '20', '56', '2020-11-07', '2020-11-08', '2011071733525094', '1', '1');
INSERT INTO `app_subscribe` VALUES ('44', '亚朵酒店', '371325199308093055', '双人床', '18669907331', '350.00', '92a6936b832c166060609af33741e3fd', 'wechat', '19', '323', '1604742474', '19', '56', '2020-11-07', '2020-11-08', '2011071747548382', '1', '1');
INSERT INTO `app_subscribe` VALUES ('45', '亚朵酒店', '371325199308093055', '双人床', '18669907331', '700.00', '92a6936b832c166060609af33741e3fd', 'wechat', '19', '323', '1604742857', '19', '56', '2020-11-09', '2020-11-11', '2011071754176866', '1', '2');
INSERT INTO `app_subscribe` VALUES ('46', '格林豪泰', '371325199308093055', '假日房', '18669907331', '700.00', '92a6936b832c166060609af33741e3fd', 'alipay', '19', '323', '1604742878', '24', '44', '2020-11-09', '2020-11-11', '2011071754382381', '1', '2');
INSERT INTO `app_subscribe` VALUES ('47', '亚朵酒店', '371325199308093055', '双人床', '18669907331', '700.00', '8d8a35622eba536a842e4938c52b5c11', 'alipay', '19', '323', '1604743404', '19', '56', '2020-11-09', '2020-11-11', '2011071803246700', '1', '2');

-- ----------------------------
-- Table structure for app_subscribe_order
-- ----------------------------
DROP TABLE IF EXISTS `app_subscribe_order`;
CREATE TABLE `app_subscribe_order` (
  `id` int(11) unsigned NOT NULL AUTO_INCREMENT,
  `count` varchar(4) DEFAULT NULL COMMENT '入住 天数',
  `numbers` int(11) DEFAULT NULL COMMENT '房间数量',
  `user` varchar(255) DEFAULT NULL COMMENT '用户',
  `mobile` varchar(255) DEFAULT NULL COMMENT '手机',
  `price` decimal(10,2) DEFAULT NULL COMMENT '价格',
  `types` varchar(255) DEFAULT NULL COMMENT '订单类型',
  `building_id` varchar(255) DEFAULT NULL COMMENT '酒店',
  `layout_id` varchar(255) DEFAULT NULL COMMENT '房型',
  `create_time` varchar(255) DEFAULT NULL,
  `times` varchar(200) DEFAULT NULL,
  `status` varchar(255) DEFAULT '0' COMMENT '状态',
  `token` varchar(255) DEFAULT NULL,
  `user_id` int(11) DEFAULT NULL,
  PRIMARY KEY (`id`)
) ENGINE=MyISAM AUTO_INCREMENT=11 DEFAULT CHARSET=utf8;

-- ----------------------------
-- Records of app_subscribe_order
-- ----------------------------
INSERT INTO `app_subscribe_order` VALUES ('5', '1', '1', '测试', '186699xxxx', '99.00', 'subscribe', '56', '35', '1605585907', '2020-11-17 到 2020-11-18', '0', '330a12efe7b89aacb66961b13ce9b174', '3');
INSERT INTO `app_subscribe_order` VALUES ('6', '1', '1', '测试', '186699xxxx', '99.00', 'subscribe', '56', '35', '1605587625', '2020-11-17 到 2020-11-18', '0', '9fb3621d78da1ac0aafeb4ed0ae0f8fa', '3');
INSERT INTO `app_subscribe_order` VALUES ('7', '1', '2', '测试', '186699xxxx', '1630.00', 'subscribe', '44', '40', '1605591276', '2020-11-17 到 2020-11-18', '0', 'ff7b3aac572b99e6733f47e8e7939341', '3');
INSERT INTO `app_subscribe_order` VALUES ('8', '1', '1', '测试', '186699xxxx', '200.00', 'subscribe', '44', '39', '1605593255', '2020-11-17 到 2020-11-18', '0', '7b08f7a067e353148baa8f7845e10361', '3');
INSERT INTO `app_subscribe_order` VALUES ('9', '9', '1', '测试', '186699xxxx', '900.00', 'subscribe', '55', '41', '1605594021', '2020-11-17 到 2020-11-26', '0', '7b08f7a067e353148baa8f7845e10361', '3');
INSERT INTO `app_subscribe_order` VALUES ('10', '1', '1', '测试', '186699xxxx', '99.00', 'subscribe', '56', '35', '1605604027', '2020-11-17 到 2020-11-18', '0', 'e5e3c510041657808c494eb2844a8c15', '3');

-- ----------------------------
-- Table structure for app_user
-- ----------------------------
DROP TABLE IF EXISTS `app_user`;
CREATE TABLE `app_user` (
  `id` int(11) unsigned NOT NULL AUTO_INCREMENT COMMENT '手机常用人',
  `user_name` varchar(50) DEFAULT NULL,
  `user_id` int(11) DEFAULT NULL,
  `tel` varchar(20) DEFAULT NULL,
  `num` varchar(50) DEFAULT NULL,
  `token` varchar(50) DEFAULT NULL,
  PRIMARY KEY (`id`)
) ENGINE=MyISAM AUTO_INCREMENT=13 DEFAULT CHARSET=utf8;

-- ----------------------------
-- Records of app_user
-- ----------------------------
INSERT INTO `app_user` VALUES ('1', '陈不二', '16', '18669907336', '371325198807306', '6fec1ff84b8526dfe4d31f983c1328f4');
INSERT INTO `app_user` VALUES ('2', '陈不二', '16', '18669907336', '371325198807306', '6fec1ff84b8526dfe4d31f983c1328f4');
INSERT INTO `app_user` VALUES ('11', '陈不二', '19', '18669907336', '371325198807306', '29b7bb6767532ea2a9b14cd808d841e7');
INSERT INTO `app_user` VALUES ('12', '陈不二', '19', '18669907336', '371325198807306', '17447274f7fdd16fed4c18b2f1920208');

-- ----------------------------
-- Table structure for blacklist
-- ----------------------------
DROP TABLE IF EXISTS `blacklist`;
CREATE TABLE `blacklist` (
  `id` int(11) NOT NULL AUTO_INCREMENT,
  `name` varchar(50) NOT NULL,
  `identity` varchar(50) NOT NULL,
  `create_time` varchar(11) NOT NULL,
  `building_id` int(11) DEFAULT NULL,
  `desc` varchar(255) DEFAULT NULL COMMENT '备注',
  PRIMARY KEY (`id`)
) ENGINE=MyISAM AUTO_INCREMENT=9 DEFAULT CHARSET=utf8;

-- ----------------------------
-- Records of blacklist
-- ----------------------------
INSERT INTO `blacklist` VALUES ('3', '陈大牛', '37215115151', '1601289055', '44', null);
INSERT INTO `blacklist` VALUES ('7', '武汉', '123456', '1603840831', '44', '多少度');
INSERT INTO `blacklist` VALUES ('5', '大牛黑名单', '233232', '1601289217', '39', null);
INSERT INTO `blacklist` VALUES ('6', '的士速递', '143243', '1603840097', '44', '432432');
INSERT INTO `blacklist` VALUES ('8', '32', '3232', '1605171742', '56', '');

-- ----------------------------
-- Table structure for building
-- ----------------------------
DROP TABLE IF EXISTS `building`;
CREATE TABLE `building` (
  `id` int(10) unsigned NOT NULL AUTO_INCREMENT,
  `building` varchar(50) NOT NULL,
  `create_time` varchar(11) NOT NULL,
  PRIMARY KEY (`id`)
) ENGINE=MyISAM AUTO_INCREMENT=57 DEFAULT CHARSET=utf8;

-- ----------------------------
-- Records of building
-- ----------------------------
INSERT INTO `building` VALUES ('39', '布尔酒店', '1591062642');
INSERT INTO `building` VALUES ('40', '快捷酒店', '1591064732');
INSERT INTO `building` VALUES ('41', '如家酒店', '1591064739');
INSERT INTO `building` VALUES ('43', '7天连锁酒店', '1591067213');
INSERT INTO `building` VALUES ('44', '格林豪泰', '1591067220');
INSERT INTO `building` VALUES ('55', '香格里拉', '1601008811');
INSERT INTO `building` VALUES ('56', '亚朵酒店', '1604552303');

-- ----------------------------
-- Table structure for charge
-- ----------------------------
DROP TABLE IF EXISTS `charge`;
CREATE TABLE `charge` (
  `id` int(11) NOT NULL AUTO_INCREMENT,
  `username` varchar(50) NOT NULL COMMENT '普通用户、vip用户',
  `overtime` varchar(5) NOT NULL COMMENT '超时宽限时间',
  `check_out` varchar(5) NOT NULL COMMENT '退房时间',
  `exceed` varchar(5) NOT NULL COMMENT '离店时间超过退房时间的价格',
  `leave` varchar(5) NOT NULL COMMENT '离店时间(？)点',
  `additional` varchar(5) NOT NULL COMMENT '(超过设定离店时间)加收一天的费用 （？）',
  `building_id` int(11) DEFAULT NULL,
  PRIMARY KEY (`id`)
) ENGINE=MyISAM AUTO_INCREMENT=16 DEFAULT CHARSET=utf8;

-- ----------------------------
-- Records of charge
-- ----------------------------
INSERT INTO `charge` VALUES ('6', 'ordinary', '10', '14', '0.8', '17', '0.2', null);
INSERT INTO `charge` VALUES ('4', 'ordinary', '30', '14', '0.8', '17', '0.2', '44');
INSERT INTO `charge` VALUES ('5', 'vip', '30', '15', '0.1', '16', '0.3', '44');
INSERT INTO `charge` VALUES ('7', 'vip', '10', '14', '0.8', '17', '0.2', null);
INSERT INTO `charge` VALUES ('8', 'ordinary', '10', '14', '0.8', '17', '0.2', '39');
INSERT INTO `charge` VALUES ('9', 'vip', '10', '14', '0.8', '17', '0.2', '39');
INSERT INTO `charge` VALUES ('10', 'ordinary', '10', '14', '0.8', '17', '0.2', '56');
INSERT INTO `charge` VALUES ('11', 'vip', '10', '14', '0.8', '17', '0.2', '56');
INSERT INTO `charge` VALUES ('12', 'ordinary', '10', '14', '0.8', '17', '0.2', '55');
INSERT INTO `charge` VALUES ('13', 'vip', '10', '14', '0.8', '17', '0.2', '55');
INSERT INTO `charge` VALUES ('14', 'ordinary', '10', '14', '0.8', '17', '0.2', '41');
INSERT INTO `charge` VALUES ('15', 'vip', '10', '14', '0.8', '17', '0.2', '41');

-- ----------------------------
-- Table structure for classes
-- ----------------------------
DROP TABLE IF EXISTS `classes`;
CREATE TABLE `classes` (
  `id` int(11) unsigned NOT NULL AUTO_INCREMENT,
  `classe` varchar(50) NOT NULL,
  `create_time` varchar(11) DEFAULT NULL,
  `start` varchar(50) DEFAULT NULL COMMENT '开始时间',
  `end` varchar(50) DEFAULT NULL COMMENT '结束时间',
  `building_id` int(11) DEFAULT NULL,
  PRIMARY KEY (`id`)
) ENGINE=MyISAM AUTO_INCREMENT=22 DEFAULT CHARSET=utf8;

-- ----------------------------
-- Records of classes
-- ----------------------------
INSERT INTO `classes` VALUES ('7', '早班1', '1591361501', null, null, null);
INSERT INTO `classes` VALUES ('5', '中班', '1591361025', null, null, null);
INSERT INTO `classes` VALUES ('6', '晚班', '1591361031', null, null, null);
INSERT INTO `classes` VALUES ('15', '早班', '1603864539', '06:00:00', '14:00:00', '44');
INSERT INTO `classes` VALUES ('16', '中班', '1603864905', '14:00:00', '22:00:00', '44');
INSERT INTO `classes` VALUES ('18', '晚班', '1603865636', '22:00:00', '06:00:00', '44');
INSERT INTO `classes` VALUES ('19', '亚朵早班', '1605152450', '06:00:00', '14:00:00', '56');
INSERT INTO `classes` VALUES ('20', '亚朵中班', '1605152474', '14:00:00', '22:00:00', '56');
INSERT INTO `classes` VALUES ('21', '亚朵晚班', '1605152500', '22:00:00', '06:00:00', '56');

-- ----------------------------
-- Table structure for consume
-- ----------------------------
DROP TABLE IF EXISTS `consume`;
CREATE TABLE `consume` (
  `id` int(11) NOT NULL AUTO_INCREMENT COMMENT '增加消费',
  `room_id` int(11) NOT NULL,
  `goods_id` int(11) NOT NULL,
  `num` int(11) DEFAULT NULL,
  `create_time` varchar(11) DEFAULT NULL,
  `status` varchar(5) DEFAULT '1',
  `operator` varchar(255) DEFAULT NULL COMMENT '操作者',
  `building_id` int(11) DEFAULT NULL,
  PRIMARY KEY (`id`)
) ENGINE=MyISAM AUTO_INCREMENT=27 DEFAULT CHARSET=utf8;

-- ----------------------------
-- Records of consume
-- ----------------------------
INSERT INTO `consume` VALUES ('23', '64', '11', '1', '1604112469', '0', '6', '44');
INSERT INTO `consume` VALUES ('24', '64', '18', '1', '1604112474', '0', '6', '44');
INSERT INTO `consume` VALUES ('25', '64', '21', '1', '1604112504', '0', '6', '44');
INSERT INTO `consume` VALUES ('26', '98', '25', '1', '1605170856', '1', '12', '56');

-- ----------------------------
-- Table structure for goodss
-- ----------------------------
DROP TABLE IF EXISTS `goodss`;
CREATE TABLE `goodss` (
  `id` int(11) NOT NULL AUTO_INCREMENT COMMENT '商品模型',
  `name` varchar(50) NOT NULL,
  `price` varchar(10) NOT NULL COMMENT '价格',
  `number` varchar(10) DEFAULT '0' COMMENT '数量',
  `create_time` int(11) NOT NULL,
  `order_id` int(11) DEFAULT NULL COMMENT '订单id',
  `building_id` int(11) DEFAULT NULL,
  PRIMARY KEY (`id`)
) ENGINE=MyISAM AUTO_INCREMENT=27 DEFAULT CHARSET=utf8;

-- ----------------------------
-- Records of goodss
-- ----------------------------
INSERT INTO `goodss` VALUES ('11', '红牛', '100', '3653', '1601601969', '18', '44');
INSERT INTO `goodss` VALUES ('13', '脉动', '4', '204', '1601602146', '17', '39');
INSERT INTO `goodss` VALUES ('14', '娃哈哈', '5', '100', '1601603273', '17', '39');
INSERT INTO `goodss` VALUES ('15', '沙琪玛', '6', '1298', '1601604185', '24', '44');
INSERT INTO `goodss` VALUES ('17', '大龙肉', '40', '0', '1602981196', null, '44');
INSERT INTO `goodss` VALUES ('18', '大满足纯肉零食大礼包', '189', '-1', '1603611767', null, '44');
INSERT INTO `goodss` VALUES ('19', '手撕面包', '32', '0', '1603611795', null, '44');
INSERT INTO `goodss` VALUES ('20', '川味麻辣牛肉干', '39', '0', '1603611827', null, '44');
INSERT INTO `goodss` VALUES ('21', '每日坚果干果礼盒', '168', '-1', '1603611885', null, '44');
INSERT INTO `goodss` VALUES ('22', '奥尔良小鸡腿', '30', '50', '1603611911', '18', '44');
INSERT INTO `goodss` VALUES ('23', '芝麻夹心海苔', '17', '0', '1603611992', null, '44');
INSERT INTO `goodss` VALUES ('24', '原味开心果', '41', '50', '1603612020', '18', '44');
INSERT INTO `goodss` VALUES ('25', '脉动', '4', '-1', '1605168922', null, '56');
INSERT INTO `goodss` VALUES ('26', '香蕉', '4', '0', '1605168943', null, '56');

-- ----------------------------
-- Table structure for guest
-- ----------------------------
DROP TABLE IF EXISTS `guest`;
CREATE TABLE `guest` (
  `id` int(11) unsigned NOT NULL AUTO_INCREMENT,
  `guest` varchar(50) NOT NULL,
  `create_time` varchar(11) NOT NULL,
  PRIMARY KEY (`id`)
) ENGINE=MyISAM AUTO_INCREMENT=17 DEFAULT CHARSET=utf8;

-- ----------------------------
-- Records of guest
-- ----------------------------
INSERT INTO `guest` VALUES ('1', '微信', '1591151514');
INSERT INTO `guest` VALUES ('2', '携程', '1591152058');
INSERT INTO `guest` VALUES ('4', '自来', '1591152394');
INSERT INTO `guest` VALUES ('9', '爱彼迎', '1600135157');

-- ----------------------------
-- Table structure for home_handover
-- ----------------------------
DROP TABLE IF EXISTS `home_handover`;
CREATE TABLE `home_handover` (
  `id` int(11) unsigned NOT NULL AUTO_INCREMENT,
  `img` mediumtext,
  `create_time` varchar(255) DEFAULT NULL,
  `operator` varchar(255) DEFAULT NULL,
  `building_id` int(11) DEFAULT NULL,
  PRIMARY KEY (`id`)
) ENGINE=MyISAM AUTO_INCREMENT=12 DEFAULT CHARSET=utf8;

-- ----------------------------
-- Records of home_handover
-- ----------------------------
INSERT INTO `home_handover` VALUES ('8', 'data:image/png;base64,iVBORw0KGgoAAAANSUhEUgAAA6oAAANoCAYAAADJXBehAAAgAElEQVR4XuzdC5hdZX0v/ndCEkJCAkkggYBcwh1BBCJ3EGISIKBcRKlVq7aPempbj1ZPLx6PVmvtzZ62Vtuqx9oWT1GLCHJPMIR7CBBAkPsdAoRbuIXcM//nXadr/ntm9sysvfead/ba89nP06eYWWu97/q8b/Kb715rvasr+BAgQIAAAQIECBAgQIAAgTYS6GqjvugKAQIECBAgQIAAAQIECBAIgqpJQIAAAQIECBAgQIAAAQJtJSCottVw6AwBAgQIECBAgAABAgQICKrmAAECBAgQIECAAAECBAi0lYCg2lbDoTMECBAgQIAAAQIECBAgIKiaAwQIECBAgAABAgQIECDQVgKCalsNh84QIECAAAECBAgQIECAgKBqDhAgQIAAAQIECBAgQIBAWwkIqm01HDpDgAABAgQIECBAgAABAoKqOUCAAAECBAgQIECAAAECbSUgqLbVcOgMAQIECBAgQIAAAQIECAiq5gABAgQIECBAgAABAgQItJWAoNpWw6EzBAgQIECAAAECBAgQICComgMECBAgQIAAAQIECBAg0FYCLQXV7u7us0IIXwshHNhWZ6UzBAgQIECAAAECBAgQIDBSAveGEP64q6vr5812oNWg+lgIYY9mG7cfAQIECBAgQIAAAQIECHSkwKNdXV17NXtmrQbV7mYbth8BAgQIECBAgAABAgQIdK5AV1dX03mz6R0jZ3d3t6DaufPKmREgQIAAAQIECBAgQKBpAUG1aTo7EiBAgAABAgQIECBAgMBwCAiqw6HqmAQIECBAgAABAgQIECDQtICg2jSdHQkQIECAAAECBAgQIEBgOAQE1eFQdUwCBAgQIECAAAECBAgQaFpAUG2azo4ECBAgQIAAAQIECBAgMBwCgupwqDomAQIECBAgQIAAAQIECDQtIKg2TWdHAgQIECBAgAABAgQIEBgOAUF1OFQdkwABAgQIECBAgAABAgSaFhBUm6azIwECBAgQIECAAAECBAgMh4CgOhyqjkmAAAECBAgQIECAAAECTQsIqk3T2ZEAAQIECBAgQIAAAQIEhkNAUB0OVcckQIAAAQIECBAgQIAAgaYFBNWm6exIgAABAgQIECBAgAABAsMhIKgOh6pjEiBAgAABAgQIECBAgEDTAoJq03R2JECAAAECBAgQIECAAIHhEBBUh0PVMQkQIECAAAECBAgQIECgaQFBtWk6OxIgQIAAAQIECBAgQIDAcAgIqsOh6pgECBAgQIAAAQIECBAg0LSAoNo0nR0JECBAgAABAgQIECBAYDgEBNXhUHVMAgQIECBAgAABAgQIEGhaQFBtms6OBAgQIECAAAECBAgQIDAcAqMuqD722GPhxz/+cfjMZz4T7r333nDjjTeG3/u93wv/8A//EI499tgwe/bs8I1vfCN8/vOfD9tvv30v83Xr1oW/+7u/C+eee26YOnVqdox77rmn7rjsvPPO4Zvf/GbYc889s5/H48dPbCv/vPLKK+HLX/5ydpx8u9qfnXfeeeHjH/94mDBhQr82fv7zn4cnnnii1/GGY4I4JgECBAgQIECAAAECBFILjLqgGoFXrFiRBdQYTOP/j5/434cddliIQfaaa64Jv/mbv9lvLPoG1SKBNgbQwQJpDJzLly8PX/ziF/sF0qF+Jqim/uuiPQIECBAgQIAAAQIEUgiMuqAaw99Xv/rVurbf/e53w9NPP93v56eccko49NBDw5//+Z/37Bf/LG5b5Ipq7dXPwdrPD/6lL30pvOc978n+Z36lN4bo2o8rqin+emiDAAECBAgQIECAAIGREBh1QTVHjldVP/GJT4SPfOQjPbfP9r3yWXubcLz9tpkrqvEW4Xq398Zjfe1rXwtnn312diW30Y+g2qiY7QkQIECAAAECBAgQqIrAqAyq8SrlokWLwgc/+MHsedT8edJHHnkkxAD42c9+NntmNL9FOH+udLCgOlDwjG3tvvvu2RXS+N+rVq3KbvP93ve+1/PntceN7ebHuvLKK7N5FK/0xluU/+3f/m3QeRWv8ta7hbgqk1E/CRAgQIAAAQIECBAgEAVGXVCtXdQoD6Knn356+PSnPx2mT58ePvShD4U333yzJ1jmITNi1QbIT33qU+G6664b8NbfuP38+fOzWbZ48eLs/+dXb+tdDY1Xb+NCTV/5yld6FnEa7KqrK6r+AhMgQIAAAQIECBAg0KkCoy6o5gM5UNDLb/f96Ec/mj2Tmq/IGwNuvKKZX32Nt/TWLqY0WKiMx1y7dm048MADs6u08ZbjgT61V0UF1U79a+e8CBAgQIAAAQIECBAYTGDUBdU8cPZFyQNi/PP47Ohrr70WpkyZ0utW2tpbdON28TU38XPBBRf0Mz7ooIOyK6SrV6/OrtY+++yz2Tb5QkkxsF544YX9bgOuXTxJUPWXlwABAgQIECBAgACB0Sgw6oJqvfBX+xxpnAQxRMYFkGrfgxr/vDaoxgCav9qm9vbguF1clCm/2hpvD46BNIbW2vey1j7/2rf9fCIKqqPxr6RzJkCAAAECBAgQIEBg1AXV5557LrsN9/vf/37IFyvqu/JvvN03vnam9s/7BtVLL700Wwwpvst0sKCah9M8dMbjfP7zn8+CbL7ib21QrQ2wtUF19uzZ4bzzzgsf//jHs/etekbVX14CBAgQIECAAAECBDpVYNQF1fyKZ20Yjc+exltyd9111+z50fjfCxYsyG4Bjp98Jd38iuqcOXPCJZdcki18FMNjvdV4+976G48Tr9DGZ1zjcWfOnNnzWpzaoFobQOut/pu/ykZQ7dS/ks6LAAECBAgQIECAAIFRF1TzV9P0va03Br/4yph6f758+fJw6KGHZosrxQB6wgknhB122KHuysB5EI5XTONrbX7yk5+ED3/4w9ltv/lCSvF1M7XvTu27wFL+87gIU3y+NQbivu9aFVT95SVAgAABAgQIECBAoFMFRl1Q7dSBdF4ECBAgQIAAAQIECBDoFAFBtVNG0nkQIECAAAECBAgQIECgQwQE1Q4ZSKdBgAABAgQIECBAgACBThEQVDtlJJ0HAQIECBAgQIAAAQIEOkRAUO2QgXQaBAgQIECAAAECBAgQ6BQBQbVTRtJ5ECBAgAABAgQIECBAoEMEBNUOGUinQYAAAQIECBAgQIAAgU4REFQ7ZSSdBwECBAgQIECAAAECBDpEQFDtkIF0GgQIECBAgAABAgQIEOgUAUG1U0bSeRAgQIAAAQIECBAgQKBDBATVDhlIp0GAAAECBAgQIECAAIFOERBUO2UknQcBAgQIECBAgAABAgQ6REBQ7ZCBdBoECBAgQIAAAQIECBDoFAFBtVNG0nkQIECAAAECBAgQIECgQwQqGVTXrl3bIfxOgwABAgQIECBAgAABAp0psM022zR9YpUMqk2frR0JECBAgAABAgQIECBAoO0FBNW2HyIdJECAAAECBAgQIECAwOgSEFRH13g7WwIECBAgQIAAAQIECLS9gKDa9kOkgwQIECBAgAABAgQIEBhdAoLq6BpvZ0uAAAECBAgQIECAAIG2FxBU236IdJAAAQIECBAgQIAAAQKjS0BQHV3j7WwJECBAgAABAgQIECDQ9gKCatsPkQ4SIECAAAECBAgQIEBgdAkIqqNrvJ0tAQIECBAgQIAAAQIE2l5AUG37IdJBAgQIECBAgAABAgQIjC6BURdUt2zZEjZt2hS6u7tH10g7WwIECBAYcYGurq4wduzYMGbMmEJ9UbMKMdmIAAECBIZBoNGaVXYXRl1Q3bBhg5Ba9ixyPAIECBAoLBAL//jx4wttr2YVYrIRAQIECAyTQCM1q+wujLqgun79+rINHY8AAQIECDQksPXWWxfaXs0qxGQjAgQIEBhGgaI1q+wuCKplizoeAQIECBAYQqBo0RdUTSUCBAgQGGmBojWr7H4KqmWLOh4BAgQIEBBUzQECBAgQ6BABQTXRQPp2OhG0ZggQIEBgQIGiRV/NMokIECBAYKQFitassvvpimrZoo5HgAABAgRcUTUHCBAgQKBDBATVRAPp2+lE0JohQIAAAVdUzQECBAgQqLyAoJpoCAXVRNCaIUCAAAFB1RwgQIAAgcoLCKqJhlBQTQStGQIECBAQVM0BAgQIEKi8gKCaaAgF1UTQmiFAgAABQdUcIECAAIHKCwiqiYZQUE0ErRkCBAgQEFTNAQIECBCovICgmmgIBdVE0JohQIAAAUHVHCBAgACBygsIqomGUFBNBK0ZAgQIEBBUzQECBAgQqLyAoJpoCAXVRNCaIUCAAAFB1RwgQIAAgcoLCKqJhlBQTQStGQIECBAQVM0BAgQIEKi8gKCaaAgF1UTQmiFAgAABQdUcIECAAIHKCwiqiYZQUE0ErRkCBAgQEFTNAQIECBCovICgmmgIBdVE0JohQIAAAUHVHCBAgACBygsIqomGUFBNBK0ZAgQIEBBUzQECBAgQqLyAoJpoCAXVRNCaIUCAAAFB1RwgQIAAgcoLCKqJhlBQTQStGQIECBAQVM0BAgQIEKi8gKCaaAgF1UTQmiFAgAABQdUcIECAAIHKCwiqiYZQUE0ErRkCBAgQEFTNAQIECBCovICgmmgIBdVE0JohQIAAAUHVHCBAgACBygsIqomGUFBNBK0ZAgQIEBBUzQECBAgQqLyAoJpoCAXVRNCaIUCAAAFB1RwgQIAAgcoLCKqJhlBQTQStGQIECBAQVM0BAgQIEKi8gKCaaAgF1UTQmiFAgAABQdUcIECAAIHKCwiqiYZQUE0ErRkCBAgQEFTNAQIECBCovICgmmgIywiq8RjXX399OPLII8PkyZOznr/++uth6dKl4cQTT+z5s/yU+m4ft9t3333DrFmzBjzr5cuXh9deey3MmzcvkYxmCBAgQCCVQNGiPxI1q9Yg1qKpU6eGffbZpxBNo9sXOqiNCBAgQGBEBYrWrLI72dXV1dXsMZveMTbY3d3d3WzDrexXRtHvG0zHjx/fL7jW9rE2qMZAe9ddd4W5c+eGoQY9Fvz4OeKII1o5ZfsSIECAQJsJDPXvf97dkahZjQTVvsG03v9Wx9ps8ukOAQIEGhQoWrMaPOyQmwuqQxL13uChhx4KN91006B7HXDAAVm4fOaZZ8KDDz4Yjj766J4ge8stt4SVK1f223+XXXbpd/U0/oKyZMmScMghhwx69bXBU7A5AQIECIywQNGi32pQLVqzYp1ZtGhRePnllwvJ5DVLUC3EZSMCBAhUWqBozSr7JAXVBkVj0X/iiScGvCW39ipo36C6ww47ZFdTjznmmJ7bqAa7DThefb388svD9OnT3QLc4DjZnAABAu0sULTolxFUi9asel5D3corqLbzLNM3AgQIlCNQtGaV09r/fxRBtUHRVoLqxo0bw5QpU8K4ceOyK65DXTGNbT388MNZD11VbXCgbE6AAIE2Fiha9FMG1djWUFdVp02bFhYsWNDz6EoMqvfdd9+g0vldRm08HLpGgAABAoMIFK1ZZSMKqg2KFr2NaqBbf2Nzd999d3ZVNV4xjbcCH3/88f2eV81/Ydh///2zHg72jXiDp2BzAgQIEBhhgaJFv4ygWvRxlZwk1rnVq1f3Wx+hyCJ/nlEd4YmleQIECAyDQNGaVXbTgmqDoq1cUc1XCc5v912zZk3dXwZil2I7999/f/bNdfx4VrXBgbI5AQIE2ligaNEvI6g2eutvvZXt46Msy5YtC/Pnz+9Z2b7edn2D6mBfyLbx8OgaAQIECNQIFK1ZZaMJqi2IDnXrbizs8ZnU+JqZ+Fm4cGFW4PM/X7t2bTjqqKP6LZSUP5t62GGH9TzLOlRAbuE07EqAAAECiQWKFv1Wg2rtaQ1Vs2q3zetUXKH+pZdeyhYEjHf/1L5WTVBNPGk0R4AAgRESKFqzyu6eoNqAaF7k4/M28Zmc+NxoXOgoPtMTb9GN75m7+uqrs+dQ462/8Zvlxx57LFsI6Y477uh57+pQiyTVHqO2ewP9eQOnYFMCBAgQaAOBokW/laDaaM3qyxLD6jXXXBPGjh3b80Vr3+Db953irqi2weTSBQIECJQsULRmldxsEFQbEM2DYgyo9W7FjT/ffffds9t5V61a1bPgRO23zjHgxqujJ510Uoi3/saiHv87fkudP5e6zTbb1F3lN//5zJkzvVu1gXGzKQECBNpNoGjRbyWoNluz8i9T161bl62nEG8djq9Vq12xPnoWWXwpbtd3AaZ2Gwv9IUCAAIHBBYrWrLIdBdUmReutdDhQMc6DarzVt28IrQ2nsSv51diBuiWsNjlgdiNAgEAbCRQt+q0E1drTHapm1YbOCRMm1L2CGoNv/h7weu/+rsfrGdU2mnS6QoAAgSYFitasJg8/4G6CatmijkeAAAECBIYQKFr0ywqqBoQAAQIECDQrULRmNXv8gfYTVMsWdTwCBAgQICComgMECBAg0CECgmqigfTtdCJozRAgQIDAgAJFi76aZRIRIECAwEgLFK1ZZffTFdWyRR2PAAECBAi4omoOECBAgECHCAiqiQbSt9OJoDVDgAABAq6omgMECBAgUHkBQTXREAqqiaA1Q4AAAQKCqjlAgAABApUXEFQTDaGgmghaMwQIECAgqJoDBAgQIFB5AUE10RAKqomgNUOAAAECgqo5QIAAAQKVFxBUEw2hoJoIWjMECBAgIKiaAwQIECBQeQFBNdEQCqqJoDVDgAABAoKqOUCAAAEClRcQVBMNoaCaCFozBAgQICComgMECBAgUHkBQTXREAqqiaA1Q4AAAQKCqjlAgAABApUXEFQTDaGgmghaMwQIECAgqJoDBAgQIFB5AUE10RAKqomgNUOAAAECgqo5QIAAAQKVFxBUEw2hoJoIWjMECBAgIKiaAwQIECBQeQFBNdEQCqqJoDVDgAABAoKqOUCAAAEClRcQVBMNoaCaCFozBAgQICComgMECBAgUHkBQTXREAqqiaA1Q4AAAQKCqjlAgAABApUXEFQTDaGgmghaMwQIECAgqJoDBAgQIFB5AUE10RAKqomgNUOAAAECgqo5QIAAAQKVFxBUEw2hoJoIWjMECBAgIKiaAwQIECBQeQFBNdEQCqqJoDVDgAABAoKqOUCAAAEClRcQVBMNoaCaCFozBAgQICComgMECBAgUHkBQTXREJYdVNdu3hSWrHwy/PtD94btxm8dvnv8/Lpn8sybb4R3XvLj8NSa1wc806NnzgoXLzgzTBk3vtc2b27aFH70yP3hf999W3j09Vezn+06aXL47QMOCZ884JAwcezYfsfc3N0dLn3ykfDXd90a7njp+RD/98xtJoX3zd43/K9Dj8r6OtSnO4TwhVuvD3979+3Zpl867Ojwhbcf2Wu3W194Lpx+1c/CqxvWD3W4QX/+lkmTw7XvPjfMmrhtS8exMwECBKogULToj1TNyg3z+vPNX60ID726Oqsl24/fOizcbXb4k8OODrttO6UK3PpIgAABAi0IFK1ZLTRRd9eurq6uZo/Z9I6xwe7u7piDkn/KKPqvbFgfLnr84fDP990V7n75haxwx8/79tw3nHfSwrrn1GxQjW19YMll4Zpnnqx73JNm7RbOn3ta9otD/tmwZXP43RuXhB8+fG/YUod5/+2nhZ/NPyPsOXm7Qf2XPvtUeO/in4c1mzZm2wmqyaerBgkQ6FCBokV/pGpWZI9fjP76ksvCnS89X3cU8i9nz9h97w4dJadFgAABAlGgaM0qW0tQbVD0tY0bwhmLLgo3r3om23PrrbYKMbGv27y5UFCN+1968lnhHTvuNGTLMf5++qYl4Xv3/zJM33pC+JujTgxn77lPtt/3H7gn/NHy68L6zZvDZw8+PHz9Hcdn/Yifb/3qjvAHy68L48aMCV8+7Jjw8f0PDhPHjguXP/Vo+G/XLw4vrV8X3r3bXuH/zl0Yxo/Zqm4/YkCO5/n466+FCVttFZ5447W6QXXIk7ABAQIECPQTKFr0Ww2qzdasNzZuDGcuviiseHFV+N23Hho+uf8hYdakbcPGLZvD1SufzGrT02teD/tsNzUsPvWcsNPESUaZAAECBDpUoGjNKvv0BdUGRWPR/9i1V4ZpW08IH9v3oDBnx5nht669KvznYw+WHlTvevmFsPCKn4bY5neOmx9+fe8DenobQ+yf3bEsfO2OZWGXSduGRaeeE/aasn147s01Yf4VF2S3aH3x0KPC/zz0qJ4AG3f+j4fvC5+8YXEWUH9+8pnh2Jm79BPIj/31O28Jv3/w4eHGVc9kwbzeFdUG+WxOgAABAg18O11GUG2mZsW68/s3Lw2fOfiwcNDUHfqNWawJZy6+OLy+cUP44UkLw9l7/L8vUX0IECBAoPMEBNVEY9pq0a/XzQ9fc/mwBNUYFL+64uZw+A4zw2WnnN3r9t7Yj4dfeyXMu/w/w/Nr3+z5ReHCxx8KH7rm8rDzxEk94bW2z6vXrwunXnlhdivXQMFz2fPPhvcuvjjsvd3U8MMTF4bfuPYKQTXR/NQMAQKjQ6Bo0R+pmhW/sIyPjmw1wONBcV2Cdy+6KCx//llfYo6OKessCRAYxQJFa1bZRK6oliA6HEE1LtJ0ztU/D79Y+WT47wcdFv7yiBP69TS/NeuG51b2bPM7N/4ifP+Bu8Npu80OP5p7enb7b99P/Hb9/Efur7tN/BY9tnv7C6vCT+e/Jxy2w8yeW51dUS1hsjgEAQIEEl5RbfbL1aEGqfaW4q/OOTb8wdveMdQufk6AAAECFRUQVBMN3Eh9O50vplT0GdUX1r0Z5l12QXjg1ZfDv594anj/7P3qCuWhMy7k9N0TFvSE27g6bwyW9T5/9ctbw5duuzHUW2X4L+9aHr6y4ubwW/sdHL55zNzstq78mdzaoJpf7S172OLiHEWf4S27bccjQIBAKoGiRX+katZQDvH51LmX/Wd49s03wgXz3hNO3nWPoXbxcwIECBCoqEDRmlX26bmiWoJoI1dUa19PE2+pikv7x2d7/uCQd/R6ZUwebFe++Ub48btOzxY/qvfJA2MMnfE5oXjbb3x2aLBvuH/2+MPhA0suDX1fCfPLl18Ip135szB9woRw1anvzV5nU/utuaBawmRxCAIECHTAFdV80b5Dp8+o+2iKQSZAgACBzhEQVBON5Uh9Oz3U62l2nDAx/Ohdp/UsbnTP6hfDKVf8NGzcsmXQK4y1QfX7J5wczlp0cXYV9vy5p4ez9qj/yoB6QTW+K+/cX1wSrnvu6fCDd57SszDGQEF1oOHKz/ONTRvCZSe/Nxy2w4yeTfN3rh44dXrd98UmmgKaIUCAwIgLFC36I1WzBgPK1zGot9DfiMPqAAECBAiULlC0ZpXdsCuqJYgWuaIa37X6xsYNPVdN40IVz6x5I/zrg/eEb/7qjhAXpojL/F9+8tnhLdtODnmoi90b7FbY2qD6z8fND6dfeWGIV20bDar/+uCvwqduvDpbufh7JyzoeW1Ns0E19vvad58bZk3cVlAtYY45BAECnSVQtOi3W1B97PVXw+lX/Sw88tor4YN7HxD+6bh5A77mrLNGzNkQIEBg9AoUrVllCwmqJYgWCaqDNZMv8x/DanxX6u8c+PaeFX3jn100/4zwzp3fUvcQeVA9bqddwg9OOCW87xeXZCv6xtfZfGTft9bdJ7+iusfk7cLS096f3d578hUXZNtedeo5Yd/tpvbsJ6iWMEEcggABAn0Eihb9dgqqL69fF9539SXhxlUrQ6w58dnU7cdvbWwJECBAoMMFitasshkE1RJEWw2q8fbeX1tyabjsyUd73sVae6vwYFdHaxdT+vZx8wqt0Fu7mNIF896dvSsvvgf2r444IXuxe+2n0aCa37K87bjxWQiufQm8W39LmGwOQYBARwgULfrtElSffXNNVqduef5ZIbUjZqCTIECAQHGBojWr+BGLbSmoFnMadKtWg2o8eN9j1AbEgVbwrX2FTb54Un6cuEDT/517Wuiq0/P8FTYf2Gv/8Gt77Z+tFBzDctFPvdWC832vevrx7HhHztg5XDT/zLDtuHE9hxVUiwrbjgCBThcoWvTbIag+9cbrPXfrnDRrt3D+3NNcSe30Cer8CBAgUCNQtGaVjSaoliDaalCtDZzxtTDfPvZdWa/yQHnizm8JF84/I0wcO7ZXbx9+7ZUw7/L/zJ5vzW8P/va9d4bPLVuaPe+6+NRzel3RjDuvXr8unHrlhT23B08Zv3W2AnAjn8GC6hdvuyF845e3Za+3yc8jP/ZQQfVLt98Y7nn5xfA/3vaO7NU5PgQIEOhUgaJFf6SD6oOvrg5nLb44eyb1vXvuE+JaCJPHje/UYXFeBAgQIFBHoGjNKhtPUC1BtEhQjWF0m616B8286R8/+kD4xPWLwpbu7vCjuaeH03abnf0o3gocb7UaP2ar8NP57wkxsOafuBjTn92xLHztjmXh8B1m9rwe4K6XXwgLr/hpWL1hffjHY+eFj/Z5TvU/Hr4vfPKGxWHGNhPDolPPCXtN2X5QgUZu/X3uzTVh/hUXZL/QxFflxKu6tZ+hgmrumD+nW8LQOAQBAgTaUqBo0R/JoBof5Tjn6kvCk2+8Fj55wCHhL4843sJJbTmbdIoAAQLDK1C0ZpXdC0G1BNEiQfWj114ZNm3ZEj73tjnhrVOnZ8U+Brt/vO/OEN9HF18Pc8LOu2aLU0z5r2+r81fGLF75RNh10uTwrWPfFebvsnvYsGVz+JcH7glfuPX6rPe1r5OJAfbTNy0J37v/l9kKw395xAnh1/feP9vuiqceC5+64eosxH75sKPDHx5yxJBnXzSoxnZjf/727tvD/ttP63kPa9Ggml9VvuaZpwZ9b+yQHbYBAQIEKiBQtOiPVFC9/cVV4dxfXBqeffON8D8PPSqrF/Hd3z4ECBAgMPoEitassmUE1QZFa4PbULvGV72cd9LCbLN80aOB9okrKJ534sKw88RJvTapfRVA333jLw1fOuzo8AeHHNHrWYqoGYcAACAASURBVNRXNqzPnhO94bmV/Zob09UVPrT3geFbx84t9M14kaAaX73zl3ctz67wjh0zJnz3+AXh3Nn79Wt7sCuq+S3J8XwHex3PUOZ+ToAAgSoIFC36rQbVZmpWI/tE68EW/KvCWOgjAQIECAwuULRmle0oqDYo2kgBrw2q8erod+67K/zTfXeFp9e8nt3mG585PWjajuFzBx8eTt9trwG/rY7PoP7pHcvC+Q/fF15avy5svdVW4ZBpO4avHH5sOHHWW+oumJS39w+/uiPEFYRjqI3PrcZvxd8/e7/C34wPFVRj3373xl+Enz7+UCb5+wcfnoXneMW47ycPqvG8Lz357OzKcvzEoBtt/nD5dWGXSZP7rRbc4BDZnAABAm0vULToC6ptP5Q6SIAAgY4XKFqzyoYQVMsWHSXHi+EyPu8aw2V8t14MwnERpC8ceuSAV2pfWrc2e4b13tUvDaj08f3fFr55zNy64XuU0DpNAgRGgUDRot9qUB0FlE6RAAECBIZZoGjNKrsbgmrZoqPkeP/77ttDXOE3XhneccLE8L0TFoSTd91jyIC55Jknw+8vWxriSpJx3/wTr7LGW5L/7B3HWVFylMwhp0lgNAsULfqC6mieJc6dAAEC7SFQtGaV3VtBtWzRUXK8uKDT55ZdG8aNGZMtzBQXbvIhQIAAgWICRYu+oFrM01YECBAgMHwCRWtW2T0QVMsWdTwCBAgQIDCEQNGiL6iaSgQIECAw0gJFa1bZ/RRUyxZ1PAIECBAgIKiaAwQIECDQIQKCaqKB9O10ImjNECBAgMCAAkWLvpplEhEgQIDASAsUrVll99MV1bJFHY8AAQIECLiiag4QIECAQIcICKqJBtK304mgNUOAAAECrqiaAwQIECBQeQFBNdEQCqqJoDVDgAABAoKqOUCAAAEClRcQVBMNoaCaCFozBAgQICComgMECBAgUHkBQTXREAqqiaA1Q4AAAQKCqjlAgAABApUXEFQTDaGgmghaMwQIECAgqJoDBAgQIFB5AUE10RAKqomgNUOAAAECgqo5QIAAAQKVFxBUEw2hoJoIWjMECBAgIKiaAwQIECBQeQFBNdEQCqqJoDVDgAABAoKqOUCAAAEClRcQVBMNoaCaCFozBAgQICComgMECBAgUHkBQTXREAqqiaA1Q4AAAQKCqjlAgAABApUXEFQTDaGgmghaMwQIECAgqJoDBAgQIFB5AUE10RAKqomgNUOAAAECgqo5QIAAAQKVFxBUEw2hoJoIWjMECBAgIKiaAwQIECBQeQFBNdEQCqqJoDVDgAABAoKqOUCAAAEClRcQVBMNoaCaCFozBAgQICComgMECBAgUHkBQTXREAqqiaA1Q4AAAQKCqjlAgAABApUXEFQTDaGgmghaMwQIECAgqJoDBAgQIFB5AUE10RAKqomgNUOAAAECgqo5QIAAAQKVFxBUEw2hoJoIWjMECBAgIKiaAwQIECBQeQFBNdEQCqqJoDVDgAABAoKqOUCAAAEClRcQVBMN4YYNG0J3d3ei1jRDgAABAgR6C3R1dYXx48cXYlGzCjHZiAABAgSGSaCRmlV2F7pi401+mt4xttc9Qmlxy5YtYePGjU2est0IECBAgEBrAuPGjQtjxowpdBA1qxCTjQgQIEBgmAQaqVlld2HUBdWyAR2PAAECBAgQIECAAAECBMoVEFTL9XQ0AgQIECBAgAABAgQIEGhRQFBtEdDuBAgQIECAAAECBAgQIFCugKBarqejESBAgAABAgQIECBAgECLAoJqi4B2J0CAAAECBAgQIECAAIFyBQTVcj0djQABAgQIECBAgAABAgRaFBBUWwS0OwECBAgQIECAAAECBAiUKyColuvpaAQIECBAgAABAgQIECDQooCg2iKg3QkQIECAAAECBAgQIECgXAFBtVxPRyNAgAABAgQIECBAgACBFgVGXVDdsmVL2LRpU+ju7m6Rzu4ECBAgQKAxga6urjB27NgwZsyYQjuqWYWYbESAAAECwyDQaM0quwujLqhu2LBBSC17FjkeAQIECBQWiIV//PjxhbZXswox2YgAAQIEhkmgkZpVdhdGXVBdv3592YaOR4AAAQIEGhLYeuutC22vZhVishEBAgQIDKNA0ZpVdhcE1bJFHY8AAQIECAwhULToC6qmEgECBAiMtEDRmlV2PwXVskUdjwABAgQICKrmAAECBAh0iICgmmggfTudCFozBAgQIDCgQNGir2aZRAQIECAw0gJFa1bZ/XRFtWxRxyNAgAABAq6omgMECBAg0CECgmqigfTtdCJozRAgQICAK6rmAAECBAhUXkBQTTSEgmoiaM0QIECAgKBqDhAgQIBA5QUE1URDKKgmgtYMAQIECAiq5gABAgQIVF5AUE00hIJqImjNECBAgICgag4QIECAQOUFBNVEQyioJoLWDAECBAgIquYAAQIECFReQFBNNISCaiJozRAgQICAoGoOECBAgEDlBQTVREMoqCaC1gwBAgQICKrmAAECBAhUXkBQTTSEgmoiaM0QIECAgKBqDhAgQIBA5QUE1URDKKgmgtYMAQIECAiq5gABAgQIVF5AUE00hIJqImjNECBAgICgag4QIECAQOUFBNVEQyioJoLWDAECBAgIquYAAQIECFReQFBNNISCaiJozRAgQICAoGoOECBAgEDlBQTVREMoqCaC1gwBAgQICKrmAAECBAhUXkBQTTSEgmoiaM0QIECAgKBqDhAgQIBA5QUE1URDKKgmgtYMAQIECAiq5gABAgQIVF5AUE00hIJqImjNECBAgICgag4QIECAQOUFBNVEQyioJoLWDAECBAgIquYAAQIECFReQFBNNISCaiJozRAgQICAoGoOECBAgEDlBQTVREMoqCaC1gwBAgQICKrmAAECBAhUXkBQTTSEgmoiaM0QIECAgKBqDhAgQIBA5QUE1URDKKgmgtYMAQIECAiq5gABAgQIVF5AUE00hIJqImjNECBAgICgag4QIECAQOUFBNVEQyioJoLWDAECBAgIquYAAQIECFReQFBNNIRlBNWHHnoo3H///WHBggWh78C9/vrr4fLLLw+HHXZY2GeffULcdvXq1eGII44Ise1FixaFmTNnZv+777b1CJYvX54d46STTgqzZs3qt0l+jHXr1tUVnDBhQli4cGGYPHlyImHNECBAgMBQAkWLfhk1K+9L3xpUr4+N1JRnnnkmPP/88+GAAw4I119/fTjyyCPDfffdF6ZOnZod+oknngjz5s0bisLPCRAgQKDNBYrWrLJPo6urq6vZYza9Y2ywu7u7u9mGW9mvlaIfQ2MswrWfGAT322+/cNddd2V/3DcY5kH1kEMOyULqyy+/XLf7xxxzTBZsaz+xvVWrVoX4s2uvvTYcddRR/cJq/KVi6dKl4cQTT+wXRgf7WSuG9iVAgACB1gSKFv1ma1YeSgeqOX17P23atOzL1w0bNoRbbrklHH/88f2+iI3HzANp/uVnrFOTJk0Kzz77bBg7dmyYOHFi9kVs/PMYWPvWtdbU7E2AAAECIyFQtGaV3TdBtQHRvkU6FuL4icW43jfHV199dVi5cmW2TSzq22yzTZgyZUrYc889w4MPPhj23Xff8Pjjj2e/GOyyyy69CnrcN37yb6PjN9fxF4T4y0PtldVGvv1u4FRtSoAAAQLDKFC06DcbVGu7Xu9Kav5FaN87g2JNKRpU6315G9uNX8w+8MADofZOnzwIFz3vYaR3aAIECBBoUGCk/u0WVBscqBgY49XTeKtTDJnxSma8ajrQLU61V1Rj0Dz00EOz24bXrl2bBdcZM2Zktwbn3zzH419zzTVZaI3fStf7ZSP+Wb3bjhs8FZsTIECAwAgJFC36rQTVoldVa0NkM19+3nrrreGpp54K48aNy2pTrJHxbqD8Cu1Ad/2MEL1mCRAgQKBBgaI1q8HDDrm5oDok0f/bYLCCH6+G5ldO88Plhf/JJ5/MgmiRW3/jdvmtvvGKar3nTmNbu+++e3ZbVXxu9emnn+53O3LfU4qhum/oLXjaNiNAgACBYRAoWvRbDaq1t+rGwBjv5FmzZk3Pl6uDXUEd6rTzujh79uzs1t8ddtghO/bGjRuzL2OPO+64bC2GGFznzp3b71bioY7v5wQIECDQHgJFa1bZvRVUmxDtW9hrr6jmvwjkt+fWLqbURFND7jLUc0DD3f6QHbQBAQIECPQTKFr0ywiq8U6em266Key///49j5jEL0NjmIxrINxxxx3ZYyUvvfRSdkfPpk2bevobfx4/cf/8E59FjV+U5o+wTJ8+PXs0Jb9jaM6cOdkXqPGOoRhc8wUFTQMCBAgQqKZA0ZpV9tkJqg2IDraY0osvvpg9TzpYUB3oeZ786mu9XxIG6l6+T/ymunbBir7BVVBtYIBtSoAAgUQCRYt+GUE1BssYPvve+RPv0MkfQ8mDagyf8ZGW+IlhNt7BEz+1j7fU1rnYvyVLlmR3DdWun5B/gRv3jcewqFKiiaUZAgQIDINA0ZpVdtOCagOi8fnRZcuWhaOPPjrceeed2Z7x1qZ8JeB4e+1QQTXuU3sb7mC3XeWLNQ12227fYJr/YpH/UiCoNjDANiVAgEAigaJFv4ygGl8b89xzz/W6spnXjp122qln8aT4ZWkjQfXee+8d8LGXyBhXuo8fayokmlSaIUCAwDAJFK1ZZTcvqBYUrf3WOK7gG1dFjLc5xVum4ufAAw/Mvk2uF1TjLVPxtTXx/anxW+m+n3qrIfZdoKlvAM2PURtUaxfByF93I6gWHGCbESBAIKFA0aJfZlCtvX03nmqsE60E1XiM+OXt/Pnzw/jx47Ngmt9enNej+LoaQTXhxNIUAQIEhkGgaM0qu2lBtQnR2qug8Rvo2oUiaoNqDJdxcaT4LE8MsfWukNa7opqvLFy7+ES+aEVcKbjeC9Tz24rzgJq/Gqfve12bOF27ECBAgEDJAkWLfplBtd6zorX1ptFnVGNd67tKcL7gXwzFsR7liwQKqyVPIIcjQIBAQoGiNavsLgmqDYjWrvwbi3EMjH2vdPa9olp7+KGeUY2TYKBXA+SLV8RbreK7WPMXque3HQ+0sm9+vLjYRb2A28Dp25QAAQIEShIoWvTLCqrxTqDaT7zbJr/CmtePGFobvfW39svYePx43BUrVoSFCxdm7w/P/yy+lk1YLWnyOAwBAgQSCxStWWV3S1AtW9TxCBAgQIDAEAJFi34rQdUgECBAgACBMgSK1qwy2qo9hqBatqjjESBAgAABQdUcIECAAIEOERBUEw2kb6cTQWuGAAECBAYUKFr01SyTiAABAgRGWqBozSq7n66oli3qeAQIECBAwBVVc4AAAQIEOkRAUE00kL6dTgStGQIECBBwRdUcIECAAIHKCwiqiYZQUE0ErRkCBAgQEFTNAQIECBCovICgmmgIBdVE0JohQIAAAUHVHCBAgACBygsIqomGUFBNBK0ZAgQIEBBUzQECBAgQqLyAoJpoCAXVRNCaIUCAAAFB1RwgQIAAgcoLCKqJhlBQTQStGQIECBAQVM0BAgQIEKi8gKCaaAgF1UTQmiFAgAABQdUcIECAAIHKCwiqiYZQUE0ErRkCBAgQEFTNAQIECBCovICgmmgIBdVE0JohQIAAAUHVHCBAgACBygsIqomGUFBNBK0ZAgQIEBBUzQECBAgQqLyAoJpoCAXVRNCaIUCAAAFB1RwgQIAAgcoLCKqJhlBQTQStGQIECBAQVM0BAgQIEKi8gKCaaAgF1UTQmiFAgAABQdUcIECAAIHKCwiqiYZQUE0ErRkCBAgQEFTNAQIECBCovICgmmgIBdVE0JohQIAAAUHVHCBAgACBygsIqomGUFBNBK0ZAgQIEBBUzQECBAgQqLyAoJpoCAXVRNCaIUCAAAFB1RwgQIAAgcoLCKqJhlBQTQStGQIECBAQVM0BAgQIEKi8gKCaaAgF1UTQmiFAgAABQdUcIECAAIHKCwiqiYawrKD66ob14dv33hn+9cFfhafXvJ71ftdJk8NvH3BI+OQBh4SJY8fWPaNm90vEoxkCBAgQSCBQtOiXVbPyU3ryjdfC1+9cHq546rGwau2asFVXV5iz407hn4+bHw7Yflq22WsbN4QzFl0Ubl71TCGJo2fOChcvODNMGTe+0PY2IkCAAIFqCRStWWWfVVdXV1ezx2x6x9hgd3d3d7MNt7JfGUX/ntUvhg8suSw89Orqul05adZu4fy5p4Xtx2/d6+fN7tfK+dqXAAECBNpPoGjRL6NmZTU3hPCDB+4Jn79laXhz06Z+IHtM3i4sPe39YaeJkxoOqp9/25zwtTnHtR+yHhEgQIBAKQJFa1YpjdUcRFBtUPSldWvD6Vf9LNzx0vNhn+2mhn84Zm44fqddw+buLeE/Hr4//OHy60K8avrx/d8WvnnM3JCn+Wb3a7B7NidAgACBCggULfplBdUfP/pA+MT1i8L6zZvDu3bZLfzZnOPDwdN2yGrX1SufDH979+3h3048JcyauG0hvbtefiEsvOKn2baXn/recMi0HQvtZyMCBAgQqJ5A0ZpV9pkJqg2Kxtt9P7dsadh54qRw1annhH23m9rrCP/x8H3hkzcsDtuN3zpceep7w0FTd8h+3ux+DXbP5gQIECBQAYGiRb+MoPrgq6vDyVdcEJ59c0344N4HhH86bl4YP2arXkqbu7vDmK6uni9XhyL84m03hG/88rZw4s5vCRfOP2PAx12GOo6fEyBAgED7CxStWWWfiaDagGi8deqDSy4LFz7+UPit/Q4O3z72Xf32rn2252+OOjH8zoFvz265ama/BrpmUwIECBCokEDRot9qUI3159M3LQnfu/+X4dDpM8KlJ58Vpk/YpiWp595cE+ZfcUF45LVXwnePnx8+tPeBLR3PzgQIECDQ3gJFa1bZZyGoNiBaG0K/dNjR4QtvP7Lu3h++5vLwn489GD6w1/7hB+88pdfzPo3s10DXbEqAAAECFRIoWvRbDap5qIxrKvzFESeEzxx0WMtKP3z43vCJ6xeHvaZsHxafek72XKsPAQIECHSuQNGaVbaAoNqA6NrNm8I5V/88/GLlkwNeUa29ehqfA7pg3nuyFprZb5ut6q8c3ECXbUqAAAECbShQtOi3GlSvevrxrP70fRylWZK4ENPZiy8OS599KlhEqVlF+xEgQKBaAkVrVtlnJag2KJo/lxNXSLz8lLPD7Mnb9TpC7bNAtUv2N7tfg92zOQECBAhUQKBo0W81qObrI7x9+oxw2clnhaufeTL86Yqbw6Ovv5o9jxoXBfzDQ44I75+9X/aqmqE+N65aGd5z1UVhwlZbWURpKCw/J0CAQIcIFK1ZZZ+uoNqg6C9ffiGcduXPwgvr3swWSvrO8fND/AUgfhavfCJ89uZrsveqbtyyJdQG1Wb3a7B7NidAgACBCggULfqtBtWvrrg5fP3OW8KRM3YOR8+YFb75qxVhS523ww20yFItZbxj6FM3Xp295ubMPfYO5524MIwbM6YC2rpIgAABAq0IFK1ZrbRRb19BtQnRnzz6QPhvNyyu+y66A6dOD+/Ycafwbw/+KnsFQLz1N7+Ft9n9muiiXQgQIECgjQWKFv1Wg2q+ZsKukyaHTd1bwmcOOjz81n4Hhcnjxof4/OqXV9wUznvo3kzqr444IfzuWw8dUC0unrTgigvC82vfDD+ae3o4bbfZbSysawQIECBQlkDRmlVWe/lxBNUmRe9++cXwx7deH25atTILrNuP3zq8b/Z+4Wtzjg1fuPWG8P0H7g7v23PfcN5JC3u10Ox+TXbTbgQIECDQhgJFi35ZQTVe+fzOcfPDr+99QC+NDVs2hw8uuTxc8uQjve4Cqkf2d/esCH+0/Lpw+A4zw2WnnJ3VPR8CBAgQ6HyBojWrbAlBtWTR2gWXvjrn2PAHb3tHoRaa3a/QwW1EgAABAm0lULTotxpU81t/99tuWrj6tHPCjhMm9nOId/v8xtIrwlsmTQ7XvvvcMGvitv22eWXD+nDalReG219cVdrqwW01IDpDgAABAgMKFK1ZZRMKqiWL1t4aFW/7PXnXPQq10Ox+hQ5uIwIECBBoK4GiRb/VoJovpnTEjJ3DJQvOzFb/7fv52eMPhw8suXTQoHrZk4+GX1tyaZixzcSw6NRzslfT+BAgQIDA6BAoWrPK1hBUSxZt9taoZvcrufsOR4AAAQIJBIoW/VaD6rXPPhXOXHxxFlCvXvi+sHedgJlfUR3oqmtcHPDDSy8PFz3+cPjYfgeFfzx2XrZisA8BAgQIjA6BojWrbA1BtUHRuOphXDGx3jL+y55/Nrx38cVh9Yb1/RalaHa/BrtncwIECBCogEDRot9qUK29ZfezBx8evv6O43uFzLjGwrm/uCRbtX6glXzvevmFsPCKn4Z1mzeHn598Zjh25i4VENZFAgQIEChLoGjNKqu9/DiCaoOir23cED6y9Ipwyq57hHP32j9bTCL+InD+I/eHP7n9pvDqhvXhhJ13zVb7nTJufM/Rm92vwe7ZnAABAgQqIFC06LcaVCPFhY8/FD527ZVh05Yt4fcPnhM+97Y5We2Kj5x8dtnSsOjpx8P0rSeEi08+K8zZYWY/vfw94BZRqsDE0kUCBAgMg0DRmlV204Jqg6JvbNwYzlx8UbjhuZV191z4lj3D/znh5DBt6wm9ft7sfg12z+YECBAgUAGBokW/jKAa7+j58ztvCV+7Y1ndd6hOHDs2/PNx88P7Z+/XTy6+wmb+FReEh15dbRGlCswrXSRAgMBwCBStWWW3Lag2Ifrsm2vC/7zthnDR4w9lr6aJRf6gaTuGzx18eDh9t73q3hYcm2l2vya6aBcCBAgQaGOBokW/jKAaGWJYXfrMU+HLt98Y4q286zdvzq6qLtxtdviTw44Ou207pa7WDx++N3zi+sVh54mTLKLUxvNJ1wgQIDCcAkVrVtl9EFTLFnU8AgQIECAwhEDRol9WUDUgBAgQIECgWYGiNavZ4w+0n6BatqjjESBAgAABQdUcIECAAIEOERBUEw2kb6cTQWuGAAECBAYUKFr01SyTiAABAgRGWqBozSq7n66oli3qeAQIECBAwBVVc4AAAQIEOkRAUE00kL6dTgStGQIECBBwRdUcIECAAIHKCwiqiYZQUE0ErRkCBAgQEFTNAQIECBCovICgmmgIBdVE0JohQIAAAUHVHCBAgACBygsIqomGUFBNBK0ZAgQIEBBUzQECBAgQqLyAoJpoCAXVRNCaIUCAAAFB1RwgQIAAgcoLCKqJhlBQTQStGQIECBAQVM0BAgQIEKi8gKCaaAgF1UTQmiFAgAABQdUcIECAAIHKCwiqiYZQUE0ErRkCBAgQEFTNAQIECBCovICgmmgIBdVE0JohQIAAAUHVHCBAgACBygsIqomGUFBNBK0ZAgQIEBBUzQECBAgQqLyAoJpoCAXVRNCaIUCAAAFB1RwgQIAAgcoLCKqJhlBQTQStGQIECBAQVM0BAgQIEKi8gKCaaAgF1UTQmiFAgAABQdUcIECAAIHKCwiqiYZQUE0ErRkCBAgQEFTNAQIECBCovICgmmgIBdVE0JohQIAAAUHVHCBAgACBygsIqomGUFBNBK0ZAgQIEBBUzQECBAgQqLyAoJpoCAXVRNCaIUCAAAFB1RwgQIAAgcoLCKqJhlBQTQStGQIECBAQVM0BAgQIEKi8gKCaaAgF1UTQmiFAgAABQdUcIECAAIHKCwiqiYZQUE0ErRkCBAgQEFTNAQIECBCovICgmmgIBdVE0JohQIAAAUHVHCBAgACBygsIqomGUFBNBK0ZAgQIEBBUzQECBAgQqLyAoJpoCAXVRNCaIUCAAAFB1RwgQIAAgcoLCKqJhnDDhg2hu7s7UWuaIUCAAAECvQW6urrC+PHjC7GoWYWYbESAAAECwyTQSM0quwtdsfEmP03vGNvrHqG0uGXLlrBx48YmT9luBAgQIECgNYFx48aFMWPGFDqImlWIyUYECBAgMEwCjdSssrsw6oJq2YCOR4AAAQIECBAgQIAAAQLlCgiq5Xo6GgECBAgQIECAAAECBAi0KCCotghodwIECBAgQIAAAQIECBAoV0BQLdfT0QgQIECAAAECBAgQIECgRQFBtUVAuxMgQIAAAQIECBAgQIBAuQKCarmejkaAAAECBAgQIECAAAECLQoIqi0C2p0AAQIECBAgQIAAAQIEyhUQVMv1dDQCBAgQIECAAAECBAgQaFFAUG0R0O4ECBAgQIAAAQIECBAgUK6AoFqup6MRIECAAAECBAgQIECAQIsCoy6obtmyJWzatCl0d3e3SGd3AgQIECDQmEBXV1cYO3ZsGDNmTKEd1axCTDYiQIAAgWEQaLRmld2FURdUN2zYIKSWPYscjwABAgQKC8TCP378+ELbq1mFmGxEgAABAsMk0EjNKrsLoy6orl+/vmxDxyNAgAABAg0JbL311oW2V7MKMdmIAAECBIZRoGjNKrsLgmrZoo5HgAABAgSGECha9AVVU4kAAQIERlqgaM0qu5+CatmijkeAAAECBARVc4AAAQIEOkRAUE00kL6dTgStGQIECBAYUKBo0VezTCICBAgQGGmBojWr7H66olq2qOMRIECAAAFXVM0BAgQIEOgQAUE10UD6djoRtGYIECBAwBVVc4AAAQIEKi8gqCYaQkE1EbRmCBAgQEBQNQcIECBAoPICgmqiIRRUE0FrhgABAgQEVXOAAAECBCovIKgmGkJBNRG0ZggQIEBAUDUHCBAgQKDyAoJqoiEUVBNBa4YAAQIEBFVzgAABAgQqLyCoJhpCQTURtGYIECBAQFA1BwgQIECg8gKCaqIhFFQTQWuGAAECBARVc4AAAQIEKi8gqCYaQkE1EbRmCBAgQEBQNQcIECBAoPICgmqiIRRUE0FrhgABAgQEVXOAAAECBCovIKgmGkJBNRG0ZggQIEBAq01w2AAAIABJREFUUDUHCBAgQKDyAoJqoiEUVBNBa4YAAQIEBFVzgAABAgQqLyCoJhpCQTURtGYIECBAQFA1BwgQIECg8gKCaqIhFFQTQWuGAAECBARVc4AAAQIEKi8gqCYaQkE1EbRmCBAgQEBQNQcIECBAoPICgmqiIRRUE0FrhgABAgQEVXOAAAECBCovIKgmGkJBNRG0ZggQIEBAUDUHCBAgQKDyAoJqoiEUVBNBa4YAAQIEBFVzgAABAgQqLyCoJhpCQTURtGYIECBAQFA1BwgQIECg8gKCaqIhFFQTQWuGAAECBARVc4AAAQIEKi8gqCYaQkE1EbRmCBAgQEBQNQcIECBAoPICgmqiIRRUE0FrhgABAgQEVXOAAAECBCovIKgmGkJBNRG0ZggQIEBAUDUHCBAgQKDyAoJqoiEUVBNBa4YAAQIEBFVzgAABAgQqLyCoJhrCMoNqPNaiRYvC/vvvH/bZZ59CZ3D11VeHKVOmhCOOOKLf9s8880x4/vnnwwEHHBCuv/76cOSRR4b77rsvTJ06Ndv2iSeeCPPmzSvUjo0IECBAoH0FihZ9Nat9x1DPCBAgMFoEitassj26urq6mj1m0zvGBru7u7ubbbiV/cos+rEfr7/+eli8eHE46qijwqxZs3p17aGHHgo33XRToe4ec8wxWdhdvnx5mDRpUnj22WfD2LFjw8SJE7NQG/88BtaigbhQozYiQIAAgRERKFr01awRGR6NEiBAgECNQNGaVTaaoFpQNL96+vLLLxfaY9q0aWHBggUhDmy9K68xxK5evbrXldUYRuMV1L6fQw45JDzwwANh3bp1PT+qPX6hDtmIAAECBNpGoGjRbzaoqlltM9Q6QoAAgcoLFK1ZZZ+ooNqE6EBXN2vDZyu/JNx6663hqaeeCuPGjcvC7l133RVWrVqV/feGDRvC0qVLw4knnhgmT57cRO/tQoAAAQIjLVC06DcbVGvPT80a6dHWPgECBKotULRmlX2WgmoTovFZ0gcffDALi7WfGCD33XffXrcAx21j0Jw7d252dbXvp3afPNzOnj07u/V3hx12CGvWrAkbN24Ma9euDccdd1x2q/Fgx2vidOxCgAABAokFihb9MoKqmpV4cDVHgACBDhMoWrPKPm1BtQnR+IvDkiVLQrwlN38udaBAGv/8mmuuCZs2barbUnwO9aSTTsqOk4fW6dOnZ4spHXrooeH+++8Pc+bMyW4JnjFjRhZc+94y3MQp2IUAAQIERlCgaNEvI6iqWSM40JomQIBABwgUrVlln6qg2qRobTCNt+MOtKBSI1dUY1fq/UIR/zzeVhxX/Y2f3Xff3aJKTY6b3QgQINAOAkWLfhlBNZ6vmtUOo64PBAgQqKZA0ZpV9tkJqi2I5qv61l4V7Xu4Rq6oxlfXrFy5stch8kWT4h/GV+HET75IUwtdtysBAgQIjKBA0aJfVlDNv/CMK9GrWSM48JomQIBABQWK1qyyT01QbUG09vUz+etlhjpcXNQifgZ6j+qyZcvC/Pnzw/jx43u9ozU+m3r55Zdnr6sRVIdS9nMCBAi0t0DRoj8cQTXKqFntPT/0jgABAu0kULRmld1nQbUJ0fzK5y677BLmzZuXHSH/swMOOKAnhNa7QjpQc/mV03gbcQyk+atoYhvxVt/4LXj8xSI+n5qvADxSk6YJMrsQIECAQI1A0X+/ywiqapapR4AAAQKtCBStWa20UW9fQbWgaO3rZgb7Jjp/F+pA7zkd7Ipq/GUihtB8caXYtXjVdsWKFWHhwoU9r6OJfxYXWXJlteDg2YwAAQJtJlC06DcbVNWsNhtw3SFAgECFBYrWrLJPUVAtW9TxCBAgQIDAEAJFi36zQdUAECBAgACBsgSK1qyy2suPI6iWLep4BAgQIEBAUDUHCBAgQKBDBATVRAPp2+lE0JohQIAAgQEFihZ9NcskIkCAAIGRFihas8rupyuqZYs6HgECBAgQcEXVHCBAgACBDhEQVBMNpG+nE0FrhgABAgRcUTUHCBAgQKDyAoJqoiEUVBNBa4YAAQIEBFVzgAABAgQqLyCoJhpCQTURtGYIECBAQFA1BwgQIECg8gKCaqIhFFQTQWuGAAECBARVc4AAAQIEKi8gqCYaQkE1EbRmCBAgQEBQNQcIECBAoPICgmqiIRRUE0FrhgABAgQEVXOAAAECBCovIKgmGkJBNRG0ZggQIEBAUDUHCBAgQKDyAoJqoiEUVBNBa4YAAQIEBFVzgAABAgQqLyCoJhpCQTURtGYIECBAQFA1BwgQIECg8gKCaqIhFFQTQWuGAAECBARVc4AAAQIEKi8gqCYaQkE1EbRmCBAgQEBQNQcIECBAoPICgmqiIRRUE0FrhgABAgQEVXOAAAECBCovIKgmGkJBNRG0ZggQIEBAUDUHCBAgQKDyAoJqoiEUVBNBa4YAAQIEBFVzgAABAgQqLyCoJhpCQTURtGYIECBAQFA1BwgQIECg8gKCaqIhFFQTQWuGAAECBARVc4AAAQIEKi8gqCYaQkE1EbRmCBAgQEBQNQcIECBAoPICgmqiIRRUE0FrhgABAgQEVXOAAAECBCovIKgmGkJBNRG0ZggQIEBAUDUHCBAgQKDyAoJqoiEsO6g++cZr4et3Lg9XPPVYWLV2TdiqqyvM2XGn8M/HzQ8HbD8tO6vXNm4IZyy6KNy86plCZ3n0zFnh4gVnhinjxhfa3kYECBAgUC2BokW/6jXrzU2bwv954JfhXx64Jzz06uqwubs7zJq4bfjanGPDB/Y+IHQNMGzN7letWaC3BAgQqIZA0ZpV9tl0dXUNVCaGbKrpHeORu7u7u4dsYRg2KKvox87/4IF7wudvWRpiQe372WPydmHpae8PO02c1HBQ/fzb5oSvzTluGM7eIQkQIECgHQSKFv0q16x7Vr8YPrDksiyg9v2M6eoKP37X6eHdu+3V72fN7tcO46oPBAgQ6ESBojWr7HMXVJsU/fGjD4RPXL8orN+8Obxrl93Cn805Phw8bYewuXtLuHrlk+Fv7749/NuJp2TfHBf53PXyC2HhFT/NNr381PeGQ6btWGQ32xAgQIBABQWKFv2ygmrqmvXY66+G06/6WXjktVfCrpMmh6+/47jw7t33ChO2GpsF1z9cfl346L5vDWfsvnev0Wt2vwpOAV0mQIBAZQSK1qyyT0hQbUL0wVdXh5OvuCA8++aa8MG9Dwj/dNy8MH7MVr2OFG9vit8YF73s/MXbbgjf+OVt4cSd3xIunH9GmDh2bBM9swsBAgQIVEGgaNEvI6imrlkbtmwOH1xyebjkyUfCXlO2D5eefFbYc/J2vYYl3pW0pbs7e1wm/zS7XxXGWx8JECBQZYGiNavscxRUGxSNxfXTNy0J37v/l+HQ6TOyAjx9wjYNHqX35s+9uSbMv+KC7Jvn7x4/P3xo7wNbOp6dCRAgQKC9BYoW/VaD6kjUrCuffjyc+4tLwtiuMeGn89+TfQFb5NPsfkWObRsCBAgQaF6gaM1qvoX6ewqqDYrmoTLeuvQXR5wQPnPQYQ0eof/mP3z43vCJ6xdn3zwvPvWc7LlWHwIECBDoXIGiRb/VoJq6ZsVg/Kkbr87WcGjkDqFm9+vcGeLMCBAg0D4CRWtW2T0WVBsUverpx8M5V/88bDd+63Dlqe8NB03docEj9N48LsR09uKLw9JnnwoWUWqJ0s4ECBCojEDRot9qUE1ds15Y92aYd9kF4YFXXw5/c9SJ4XcOfHuhMWl2v0IHtxEBAgQItCRQtGa11EidnQXVBkW/fe+d4XPLloa3T58RLjv5rHD1M0+GP11xc3j09Vez51H32W5q+MNDjgjvn71fr2dvBmrmxlUrw3uuuihM2Goriyg1OBY2J0CAQFUFihb9VoNq6poVV+w95YqfhjWbNoaL5p8RZmwzKVsd/4bnVmaLD87cZlJ43+x9w/869KjsC9/80+x+VR1//SZAgECVBIrWrLLPSVBtUPSrK24OX7/zlnDkjJ3D0TNmhW/+akW2IETfz0CLLNVuV3ur05l77B3OO3FhGDdmTIM9sjkBAgQIVE2gaNFvNaimrlm3PP9sePdVPwvx1XdfePuR4a/uWh5eWr+u3/D0XWSp2f2qNu76S4AAgSoKFK1ZZZ+boNqg6IevuTz852MPZsvtb+reEj5z0OHht/Y7KEweNz7EZ4G+vOKmcN5D92ZH/asjTgi/+9ZDB2whLp604IoLwvNr3ww/mnt6OG232Q32xuYECBAgUEWBokW/1aCaumb97PGHwweWXJpdLY3/d/gOM7L1HHbfdkpYu3lTOP/h+8Mf33p9eHXD+jB/l93Dj9/17myV+2b3q+LY6zMBAgSqJlC0ZpV9XoJqg6J50Y9XPr9z3Pzw63sf0OsItcvrHz1zVrh4wZlhyrjxdVv5u3tWhD9afl04fIeZ4bJTzg7b19wG1WC3bE6AAAECFRIoWvTLCqqpalYeOONQnDt7v/C9Exb0e33bvz74q2zBpfgFb1w5/x077tQTVBvdr0JDrqsECBCorEDRmlX2CQqqDYrmt1Htt920cPVp54QdJ0zsd4SfPPpA+I2lV4S3TJocrn33uWHWxG37bfPKhvXhtCsvDLe/uKq01YMbPBWbEyBAgMAICRQt+q0G1dQ1K7+FN149vWDee8LJu+7RT/ipN14PJ17247ByzRvh/Lmnh7P22Ds0u98IDZ9mCRAgMKoEitasslEE1QZF84Upjpixc7hkwZm9FoPID5V/ozxYUL3syUfDry25NMzYZmJYdOo52atpfAgQIEBgdAgULfqtBtXUNStfFGnD5s3hkpPPytZz6Pt55s03wjsv+XF4as3rPUG12f1Gx2xxlgQIEBhZgaI1q+xeCqoNil777FPhzMUXZwH16oXvC3vXCZj5FdWBrrpu3LIlfHjp5eGixx8OH9vvoPCPx87LVgz2IUCAAIHRIVC06LcaVFPXrNXr14VTr7ww3PnS89njMR/Z9639BjS/ohrXZ8ivuja73+iYLc6SAAECIytQtGaV3UtBtUHR2lt2P3vw4eHr7zi+V8iM70U99xeXhMUrnwgDreR718svhIVX/DSs27w5/PzkM8OxM3dpsBc2J0CAAIEqCxQt+q0G1ZGoWV+87YbwjV/eFg6dPiN7BnX6hG16DdW3fnVH+IPl14WdJ07qdUdRs/tVeR7oOwECBKogULRmlX0ugmoTohc+/lD42LVXhk1btoTfP3hO+Nzb5mQLIcVVfD+7bGlY9PTjYfrWE8LFJ58V5uwws18LeTG2iFIT+HYhQIBABwgULfqtBtVIlbpmxSumC6+6MDz06upw3E67ZHcNxXeMv7FxQ/j7e1aEv/7lrSHeWfTlw47O3juef5rdrwOmg1MgQIBAWwsUrVlln4Sg2oRofP/pn995S/jaHcvqvkM1LrX/z8fND++fvV+/o8dX2My/4oKsgMcl+z9z0GFN9MAuBAgQIFBlgaJFv4ygOhI1a9nzz4b3Lr647jtUx3R1hQ/tfWD41rFz+60I3Ox+VZ4L+k6AAIF2Fyhas8o+D0G1SdFY+Jc+81T48u03hngr7/rNm7Orqgt3mx3+5LCjw27bTql75B8+fG/4xPWL+93y1GQ37EaAAAECFRQoWvTLCKqRZyRq1pNvvBb+ZMXN4fInHw3xFuStt9oqHDJtx/CVw48NJ856y4BrMzS7XwWngS4TIECgEgJFa1bZJyOoli3qeAQIECBAYAiBokW/rKBqQAgQIECAQLMCRWtWs8cfaD9BtWxRxyNAgAABAoKqOUCAAAECHSIgqCYaSN9OJ4LWDAECBAgMKFC06KtZJhEBAgQIjLRA0ZpVdj9dUS1b1PEIECBAgIArquYAAQIECHSIgKCaaCB9O50IWjMECBAg4IqqOUCAAAEClRcQVBMNoaCaCFozBAgQICComgMECBAgUHkBQTXREAqqiaA1Q4AAAQKCqjlAgAABApUXEFQTDaGgmghaMwQIECAgqJoDBAgQIFB5AUE10RAKqomgNUOAAAECgqo5QIAAAQKVFxBUEw2hoJoIWjMECBAgIKiaAwQIECBQeQFBNdEQCqqJoDVDgAABAoKqOUCAAAEClRcQVBMNoaCaCFozBAgQICComgMECBAgUHkBQTXREAqqiaA1Q4AAAQKCqjlAgAABApUXEFQTDaGgmghaMwQIECAgqJoDBAgQIFB5AUE10RAKqomgNUOAAAECgqo5QIAAAQKVFxBUEw2hoJoIWjMECBAgIKiaAwQIECBQeQFBNdEQCqqJoDVDgAABAoKqOUCAAAEClRcQVBMNoaCaCFozBAgQICComgMECBAgUHkBQTXREAqqiaA1Q4AAAQKCqjlAgAABApUXEFQTDaGgmghaMwQIECAgqJoDBAgQIFB5AUE10RAKqomgNUOAAAECgqo5QIAAAQKVFxBUEw2hoJoIWjMECBAgIKiaAwQIECBQeQFBNdEQCqqJoDVDgAABAoKqOUCAAAEClRcQVBMNoaCaCFozBAgQICComgMECBAgUHkBQTXREAqqiaA1Q4AAAQKCqjlAgAABApUXEFQTDaGgmghaMwQIECAgqJoDBAgQIFB5AUE10RAKqomgNUOAAAECgqo5QIAAAQKVFxBUEw3hhg0bQnd3d6LWNEOAAAECBHoLdHV1hfHjxxdiUbMKMdmIAAECBIZJoJGaVXYXumLjTX6a3jG21z1CaXHLli1h48aNTZ6y3QgQIECAQGsC48aNC2PGjCl0EDWrEJONCBAgQGCYBBqpWWV3YdQF1bIBHY8AAQIECBAgQIAAAQIEyhUQVMv1dDQCBAgQIECAAAECBAgQaFFAUG0R0O4ECBAgQIAAAQIECBAgUK6AoFqup6MRIECAAAECBAgQIECAQIsCgmqLgHYnQIAAAQIECBAgQIAAgXIFBNVyPR2NAAECBAgQIECAAAECBFoUEFRbBLQ7AQIECBAgQIAAAQIECJQrIKiW6+loBAgQIECAAAECBAgQINCigKDaIqDdCRAgQIAAAQIECBAgQKBcAUG1XE9HI0CAAAECBAgQIECAAIEWBQTVFgHtToAAAQIECBAgQIAAAQLlCgiq5Xo6GgECBAgQIECAAAECBAi0KCCotghodwIECBAgQIAAAQIECBAoV0BQLdfT0QgQIECAAAECBAgQIECgRQFBtUVAuxMgQIAAAQIECBAgQIBAuQKCarmejkaAAAECBAgQIECAAAECLQoIqi0C2p0AAQIECBAgQIAAAQIEyhUQVMv1dDQCBAgQIECAAAECBAgQaFFAUG0R0O4ECBAgQIAAAQIECBAgUK6AoFqup6MRIECAAAECBAgQIECAQIsCgmqLgHYnQIAAAQIECBAgQIAAgXIFBNVyPR2NAAECBAgQIECAAAECBFoUEFRbBLQ7AQIECBAgQIAAAQIECJQrIKiW6+loBAgQIECAAAECBAgQINCigKDaIqDdCRAgQIAAAQIECBAgQKBcAUG1XE9HI0CAAAECBAgQIECAAIEWBQTVFgHtToAAAQIECBAgQIAAAQLlCgiq5Xo6GgECBAgQIECAAAECBAi0KCCotghodwIECBAgQIAAAQIECBAoV0BQLdfT0QgQIECAAAECBAgQIECgRYFKBtXVq1e3eNp2J0CAAAECBAgQIECAAIHhFJg6dWrTh69kUG36bO1IgAABAgQIECBAgAABAm0vIKi2/RDpIAECBAgQIECAAAECBEaXgKA6usbb2RIgQIAAAQIECBAgQKDtBQTVth8iHSRAgAABAgQIECBAgMDoEhBUR9d4O1sCBAgQIECAAAECBAi0vYCg2vZDpIMECBAgQIAAAQIECBAYXQKC6ugab2dLgAABAgQIECBAgACBthcQVNt+iHSQAAECBAgQIECAAAECo0tAUB1d4+1sCRAgQIAAAQIECBAg0PYCgmrbD5EOEiBAgAABAgQIECBAYHQJCKqja7ydLQECBAgQIECAAAECBNpeQFBt+yHSQQIECBAgQIAAAQIECIwuAUF1dI23syVAgAABAgQIECBAgEDbCwiqbT9EOkiAAAECBAgQIECAAIHRJSCojq7xdrYECBAgQIAAAQIECBBoewFBte2HSAcJECBAgAABAgQIECAwugQE1dE13s6WAAECBAgQIECAAAECbS8gqLb9EOkgAQIECBAgQIAAAQIERpeAoDq6xtvZEiBAgAABAgQIECBAoO0FBNW2HyIdJECAAAECBAgQIECAwOgSEFRH13g7WwIECBBoI4E5c+b09Oa2225ro57pCgECBAgQaE6grNomqDbnby8CBAgQINCyQFnFvOWOOAABAgQIEChJoKzaJqiWNCAOQ4AAAQIEGhUoq5g32q7tCRAgQIDAcAmUVdsE1eEaIcclQIAAAQJDCJRVzEETIECAAIF2ESirtgmq7TKi+kGAAAECo06grGI+6uCcMAECBAi0rUBZtU1Qbdsh1jECBAgQ6HSBsop5pzs5PwIECBCojkBZtU1Qrc6Y6ykBAgQIdJhAWcW8w1icDgECBAhUWKCs2iaoVngS6DoBAgQIVFugrGJebQW9J0CAAIFOEiirtgmqnTQrnAsBAgQIVEqgrGJeqZPWWQIECBDoaIGyapug2tHTxMkRIECAQDsLlFXM2/kc9Y0AAQIERpdAWbVNUB1d88bZEiBAgEAbCZRVzNvolHSFAAECBEa5QFm1TVAd5RPJ6RMgQIDAyAmUVcxH7gy0TIAAAQIEeguUVdsEVTOLAAECBAiMkEBZxXyEuq9ZAgQIECDQT6Cs2jbqgurSG28Lf//d/wiPPbnStEooMHv3XcKnP/Hr4cRj5iRsVVMECBBob4Gyirna1t7jnPdOLazGOOklAQKtCZRV20ZdUF3wvt8Oz7/4cmv69m5KYOeZO4YrfvStpva1EwECBDpRoKxirrZVZ3aohdUZKz0lQKA5gbJq26gLqm8/6dzmxO3VS+DL/+OTYdZOM8InP/enDcncec2PG9rexgQIEOhkgbKKudo2MrNELRwZd60SINDeAmXVNkH1v8b5wh/8TZi9x649o/7Kq69n/739dpP7zYR4RfaLX/92WH7HPT0/O+LQg8LXvvA74cbld4av/PV3eu2T/2zGDtN6/vxnly8Jt991X/hvHzknbDtpYq92bllxT08AHKgIfudv/ld2rMGCYpFt4vEPOXDfcPbHPpcdL/7vY494e7/zy3921sK5g/7NiOfV9/xrdxBU2/sfFr0jQCCtQFnFvJGgOlBtaKZW3XXPA+FjHzgjjBs3NoNb8+ba8Od//y/hNz9wRrjr3gezelCvPp6+4ITw+U/9RvjJxYvCP/7gJwOix5q04MSjs2Neuui6woMT2/yjT38s/Mv5F/fsF9v89Mc/EL75vfP7HUstLExrQwIECAwpUFZtE1TrUMfQmhfYPKAVuXo4WMiLx/nUx94fFs47Lnz1G98Nv/Whs8K6devDW2bNDH/xzR+EOW8/sOdnMQDHYw0VCvOu1wbb2tMpElTP/+5fhMmTJoZdZ80ccNLlwfzUecf2CrV9d+jrVu+AguqQf7dtQIDAKBIoq5iXEVRz9kZqVdz2+KMPCx/4xB9lgTQPh3lQjV/I/vF//82waOnNvb7E7PvlcO2Qb9y4Kfzg/It7Amweaq+58dYstE6auE3dGfLo40/3fOkaN6gNps+/8HK/4Fp7ELVwFP2lc6oECAy7QFm1TVD9r6HKC2H8Vvie+x/JrlTGoHfkYQf1G8x41TBehay9AjvYiOfFs5Hinx+v6BXVgfpar195sK3tT+3V4YHOpUh4dkV12P/ua4AAgQ4SKKuYDxRUW60NQ32pmgfV115fE1a/8lrYd/Zu2VXMGFSfemZVOGDfPftdwYwhddttJ2aj2PfqZvxZ/OR3+dQO9WBXRGu3K1Krar/gVQs76C+UUyFAoC0EyqptgmrNcPa9FaneFcn4Z8889/ygt7cONEOaDaoDXVkd6EpqbD+2FW/H2rBxY91bpvJbsR578pnw/R/+LLttufbW5Pwc8tu44i1XfW+N6nuerqi2xb8NOkGAQIUEyirmRa+oDlUb8vpR9O6fwYJq7Z1J+ZDU1tVYc/OrrS+8uDqrWZcuvq6nvtbWqfjlcSNBtfaRlr7TobYPamGF/rLoKgEClREoq7YJqiH0PD9TG9RiQHty5XMhfkt8yVXXZt8Ox1t047fLtUG13rM3sQjuOG37Xt8I197mFG9rWvXCS+GRx58e8NbffCYWvaJaO3Pz26/Wb9yY/fH69RvCR3/vS70md/4t+2Bht+/fhiLfUruiWpl/Q3SUAIE2ECirmBcJqkVqQ6O1ql5QjbXngH327Kfb99bcPDTnz7fGHerVkPwqa7xSO9AzprWNDfWlam1QVQvb4C+BLhAg0HECZdU2QbVmauRFfPF1y8L8E44Kr695M6xbv2HAoJoX2XiI2udp8kDX9zmb2iuq8TmeeFtUfEZ1/PhxvZ4RjeExBt2itxb3Xdwpv7IZn6uNnxis+z5j+6//8NXw6mtvhAkTtnZFteP+eXBCBAhURaCsYl4kqBapDdGtkVoVF1OKz6jWu/X3wUef7LkVON6V03expnoLE9YG5cGeOR1sYaUiX6rmX9KqhVX5m6KfBAhUSaCs2iao1gmqeYB84eVXsp/Wu6Ia/zxfiXC3XXbqWQhpxo7TelYyjNu8/4wF4Rv/+O/ZCoO1xf+zv/2hEBd32GuPXbPFlfouppR3q97KiPE4tcetnbixyMd+58/Yxp/F/67983z7RpfVL1L8XVGt0j8j+kqAwEgLlFXMhwqqjdSGRmpVfkU11rOnn10Vjj78bT3PqMZbf+OXpIM9LtNIHRqOW3/j+DfSh3z7oRY7VAtH+m+W9gkQGEmBsmqboFonqObL2ee3B8Uimz/vMtAzqvntvvFweVDsO0H6LthQWxzrLeaQB8O84NXertT3Z32f5Ylt933Gtu8iFbXtD7TT4xF/AAAgAElEQVQCY+0zqmVMeKv+lqHoGAQIdIpAWcV8oKDaTG1otFbFscgXSMpf3ZZfvY2r/tberlvvFTh9x7Lv3Uj5rbxFb/2tPV5s70uf/0S4/OobBnwNjlrYKX+bnAcBAu0iUFZtE1QHCarxR7VFdbBvSPNFIWKw6/uO1byJvsW/dvGhej97yy47ZQtL1FuOPxbym269KxzzjkPCUyufy5qI317HT71vevPCP++EI7Nt4oqKtcU5Ls1//c0rehXy2m+v4z7xl41oEG+Lzn9hmLrdlJ7bnousnCiotss/IfpBgEA7CJRVzAcKqnmdaaQ2NFKr4nHzq6r3P/RYz3u44+Mt+WJKA726rV6IrPf+04FCb73xy4957c23h3cefXgWUG+7895e7znve4eRWtgOfxP0gQCBThIoq7YJqoME1fwZ1BV3399z+2xcUr82iPZ9TjUeLq5cGMNjvrx+vW+Q7/rVg2H61O2y237jq2GKhLwi70WtneRDbd/It8i178TLF5aqfaVN3lZ8XilfLbLeK28E1U76Z8i5ECDQqkBZxXyoW3+L1IZmalXfsJnfdRTvQorrPOy+687Z4y/vPvmdYc/dZvXUz7x21q7yG/vY9/beel+Y9n2lTe255SE0rmZf70pq7XO6eX/iO8LzdRyGurtILWx1xtufAIHRIFBWbRNU/2u25MUpX9whfhs8c8b0fq92yW9BirvFxY7qLQYRf1b7PGfflXVrC3tcWTguz1/7AvN4zEsXXR/OPXPBgC82zyf5YLfmNhJUh7qimi9cMdBtW0VvERZUR8M/T86RAIGiAmUV8zKCat8+F6lVmzdvDstuv7vXK9vyOhGP1/cOo7w21tbOvqv/1tbMeq+zqa2XtX3uW4/rvUO2Xs1u5IqqWlh0ZtuOAIHRLFBWbRNUR/MsGoFzF1RHAF2TBAi0rUBZxbyRoNq2GKOoY2rhKBpsp0pgFAqUVdsE1VE4eUbylBXnkdTXNgEC7SZQVjEXVNttZAfvj1pYrfHSWwIEGhMoq7aNuqB6yrm/E557/sXGtG1disCsnXYMl5//rVKO5SAECBDoBIGyirnaVp3ZoBZWZ6z0lACB5gTKqm2jLqheueSm8Ed/+vfNqdurJYG//vJnw/wTj2rpGHYmQIBAJwmUVczVturMCrWwOmOlpwQINCdQVm0bdUG1OW57ESBAgACB8gXKKubl98wRCRAgQIBAcwJl1TZBtTl/exEgQIAAgZYFyirmLXfEAQgQIECAQEkCZdU2QbWkAXEYAgQIECDQqEBZxbzRdm1PgAABAgSGS6Cs2iaoDtcIOS4BAgQIEBhCoKxiDpoAAQIECLSLQFm1TVBtlxHVDwIECBAYdQJlFfNRB+eECRAgQKBtBcqqbYJq2w6xjhEgQIBApwuUVcw73cn5ESBAgEB1BMqqbYJqdcZcTwkQIECgwwTKKuYdxuJ0CBAgQKDCAmXVNkG1wpNA1wkQIECg2gJlFfNqK+g9AQIECHSSQFm1TVDtpFnhXAgQIECgUgJlFfNKnbTOEiBAgEBHC5RV2wTVjp4mTo4AAQIE2lmgrGLezueobwQIECAwugTKqm2VDKpr164dXaPtbAkQIECgIwWOP/74nvO6/vrrO/IcnRQBAgQIjC6B2tp22223NX3ylQyqTZ+tHQkQIECAQBsJlPWtcxudkq4QIECAwCgXKKu2CaqjfCI5fQIECBAYOYGyivnInYGWCRAgQIBAb4GyapugamYRIECAAIEREiirmI9Q9zVLgAABAgT6CZRV2wRVk4sAAQIECIyQQFnFfIS6r1kCBAgQICComgMECBAgQKDTBATVThtR50OAAAECZdU2V1TNJQIECBAgMEICZRXzEeq+ZgkQIECAgCuq5gABAgQIEOg0AUG100bU+RAgQIBAWbXNFVVziQABAgQIjJBAWcV8hLqvWQIECBAg4IqqOUCAAAECBDpNQFDttBF1PgQIECBQVm1zRdVcIkCAAAECIyRQVjEfoe5rlgABAgQIuKJqDhAg8P+1d/+xl1T1/fiHP2pWa1tW2tKlVATSpCAmyhpag7W1RUtTJAZEbOuKURc1lR+xNNiG8CtYNKWUH21UqEZEiRYlihgJxVKpaIOAtiKatu5CvwghFXdTVCj/+M1rPj3vnvfszL1z73ved+beedyELLt3fpzzmHPvmeecM3MJECCwagKC6qodUfUhQIAAga76NiOq2hIBAgQIEOhJoKvOvKfi2y0BAgQIEDCiqg0QIECAAIFVExBUV+2Iqg8BAgQIdNW3GVHVlggQIECAQE8CXXXmPRXfbgkQIECAgBFVbYAAAQIECKyagKC6akdUfQgQIECgq77NiKq2RIAAAQIEehLoqjPvqfh2S4DAHAI333xzcfDBBxdHH310ufbevXuL66+/vti5c2exZcuWObZoFQLDEuiqbxtVUH3qqaeKSy65pLj11lvXjuY111xTHHbYYcX73//+4tFHHy3uuuuutffOP//84sQTT9znyFe/YGZpGlGGK664ojj11FOLQw89tFw1thev2Ff8/8UXX1y7yShr+lKbZZ+WXX6B++67rzj99NNbVUQ7acVkIQKDEOiqM+/iRDf6n4ceeqg444wzBmEzSyGuvvrq4rrrrpu4SlOfPst+LLv8AtHOr7322uKqq65aOw/LaxWfpbPPPru4//77ayt71FFHledx+++//z7vxzlebHvHjh2178cKaZkjjjiieNe73tUIetppp3X+WfQ5Wf72uyw16KpvG1VQTQd39+7dxSc+8Ynyi+i2224rnvWsZxXf+ta3yitZEVbTe3FVKwLCww8/vBZYp30JVQNF9YumLqhWw2pdI4wvl2OPPXauoBr1PfPMM8u6xSsPMvl7+ZdvNdTn9ci/xLdt29b4ZZ/qUdcppO3HMuedd97EK4j5F2t+opFbT+o4muqYOoz84sWkixPpAkL1mDaVr3ocm5abVL66tpDsjjnmmNoLKZPWSRdp2h7PvMzHH3/8umPVtt5RnnSsqiF62glDqksbu2ltsakMaR/T3p90nPILTJNOLpqWm/UztSwdlXJOF+iqM0+fs5tuuqk455xzissuu2zdRdm8JOmzHP1f04XRtPyk79bptWv+7Oefp7bfLT4nbcQtM0kgvoPvvvvu4h3veEdx6aWXlueBadAgrRftLD4/8TmqhtFJ7+XnPJMu+ETbv+OOO4o3velNa0Xt4kJTXv4UtKf1i1oLgc0S6KpvE1SnBNU4gHGSfMghh5ShYNLIVpyExysF21g2Thri73VX5qJzfv3rX198+ctfLr+w6kZTU3CaN6hWv/ziC/LCCy8s/9u6dWv5JR0hNkZq0xd4BMcbbrihePnLX15+gefB6JWvfGU5Kp1CUtQxrkrWXV1MJxUxveWJJ55Y6xCSYZzQP/bYYxODal6mKEcqb5Q91SPK2DQSkMpQV8c4VlGXk046aeIFgLyOcfEir39T+aoj303LxWh+0zFomv6Tt8eoQ5sR/g996EMzH88777xz3dSk2G+8YrSlbb1T24njH6845mHT1DbqvjDb2qXPW/XCR1MZ8n1FeS644IKyXGedddY+7WFSO3rggQfWPgPV9pHvo6kdzfKZ2qwOxXb7E+iqM89PkvMphfHvky6QVpetfi6aTtiniU363OX9UvoeTn1K0+f9yCOPbN33TCub98cpkPdhIZCfD+VhdZYR1Umz4KrK6SJmmkWXvvvzWX5pnerFm7ZHrHohe9I5WtttWo7APAJd9W2CaougmkZRTznllOLDH/7wumm76SQgTfXYtWvXuqAaU4nzaVTVE4b8ylo1cOSjufMG1Wrjyve/Z8+eMkinE/t0sl53hTF9sb7gBS8oQ+lFF11UXmlMX4qTwl7TdpuCRSpz3bZTII0LB/kVy6arnNV95GWJ+lePT92HsRoM0zbTqEVe97rAPKkeMUre9hhMsp61fcxzPKPe4RUzD6oBf9qUwaayT2pz6bPVtK+qXdPJ+KT2lN4LvwjQn//852svXExqR7fccsvahazYXlO7bmpHcbHqfe9730yfqXk6DesMU6CrznxS7SYF1c0eUW3TR6Tvj0nfLSeccMLMfc8wj7hSLVogjd5H+6rezjXL7K5p5a5+zqJ/i4uX+UXnFILjvCGCavVWsBSg85l90/abvx91nfUcbZbtW5ZAW4Gu+rbRBdV8CmFMiYiT3cBsmvqbH5B0oh7Bszp9OJarG3GNK2ixjzTKuhlBtXqVcFIjygNdjJilcjeFgvxEPuoRr2q4q56AV/c/b1CtC58pBLzoRS8qHnnkkbWLAE37yO//rdYx6vFzP/dzxcc+9rFyWnSa4paPitV1JKkjeOc731nei5JPD0rli5OquO85Oox4VUcl8nr8xE/8xLqp5U2jvG3uLWl7f2oKtrMcz2T5spe9rLE+TdO45w2qk9pAGEdITPucdkLc9H5TAK+OINd9VqIM//iP/7ju4lVqH29+85uLv/zLvyxH/uO7pnpCkpY7+eSTi3/5l39Zd0Fr2meqbUdhueELdNGZ57dq1I3EzDKiOkvba9P3zPK5jBkmTd+V8Vn76le/us/n5KCDDiq+9rWvNU5zrrYA96kO/zPRZQnzqb5xP2jd7LZ0nhazamKG2De+8Y2pU+Kr7ajuHKRuxDbKc/vttxfHHXdcGVSrz01JdZ80ojrpc5efp+bnbz4nXbYq22oj0EXfFvsZXVCNSuchM4JG3NAeQfWHP/xh8clPfnLNP/8iyqdOxgJNoyb5KGj+hZHWr56wVkdUq1e320z9bXOykH9hpWnM1ROSSSfyadQv7mmq3nsx7cRm3qBavTKYu8dJy7vf/e61+2PDOnUy+RSepjqmkBPbTEEnOaar+jEVLUJZbDcfZc6DyAc/+MG1kbBq+VJQjZHb/ApnvtwBBxxQHH744a2CavWLoS6ET3uIQ7Xttj2e+bGYVJ+ug+qkNhAjkX/yJ39S+sdoaLpqnv5e9apr33nbjM9mfpEg/1w1taM40fjUpz7V2D5SUI2p6k3t6CUveUnxX//1X4Jqm55vBZfpqjOv9m35KM6koBrf59MeQtR033WbvmdSv5IeEJcusE36vFcvTkZ96/qefGZS3b2AK9iEVKljgWm30+TneflFoqZi5PeJRkj93ve+Vz4bZd4R1Umfu7rZTT4nHTcQm2sl0FXfNvqgGvdiPve5zy3uueee8mSz+jCl1PlXb3xPV+li1CQPRk1BNXWYf/AHf7BuZGWRU3+rX26TRhvTPZbV+xuartZF+I1pwemhTfkX8yxBNR81fN3rXlfeM1g3YhmBKH8QyGte85ryg5M/TTn+3lTHFFTzabt1J0l1J3htRlTzwDZtZLjtiOq0oNrmm2OW45mmSFWvCk+qT8w2OPfcc9euWqcT0FlGVGdpA3F/aDrZjSvQz372s8vOv+7p2HVlyDvwSSM/k9pR04hqmh4fx2VSOzKi2qblru4yXXXm8wTV/JaBzQp100ZUU+CMP+NJqbOOqKYLr/nF2PTgwc2q0+q2xtWrWf7Qrmm1yx8ylt+7Pem2rHyb+SBItPv0czOxTH4ReTPvUZ10jpZPe17EZ3+at/dXW6Crvm30QbX6ZN/8iyZdka6OpqZl3vjGNxZf/OIXy3CUXk1BNb2/GVN/2zT1uitw1Stv1UBZdxN+dSS5zUnILEE1r0vdek33QtYdtxRUq/eyppGtmDaaP0m5KahWp+Imgwhlf/7nf75uNK2ufJPqUXevbXXkLQWdpilCudmk6ULzHM+6qUuzHJe83ddNaZ52j+os+2q6T7mpDJMemFGd1tX0WXn7299efPSjH113X2vdbIu6z0k+TXyWKcxtPu+WWR6BrjrzalD9zGc+U/zO7/zO2rME6u6Fy/u2aI91P4HV9naCJvE2fUR+8e/yyy+v/U6tuye9+p0yqX9dnhahpJspUL3oWLevajCtPgMiP8/L189DYv7AsOqDEfOg2vU9qm3O0XxONrOF2XYS6KpvE1S3bCmnD+VXYCf9PE31xLn6pVft7Kf9PM1mT/1NJwl1P2VSV5cU6vInL1ankOUnB01ToKcFzni/zbp5QGgKNZNOhCbVsRrc6qb+pvuO09TnKHde/6byxfTY/GnITctVp4ROeyhR7tqmw03Lz3M886fZVh/R3+a45GWdZUS1+jXfdl/TpqBPO2Guvp9f3JnWjuraR/XJ1Hl7z9tRepppGt1v87nQFa6OQFedeR5U4/9/8id/cm06ed2Ifn5hJ92XX30o3rQpkPNO/a2e6FfvB0/90KSp+XWfk+poUnVEtW60aXVakppME6ge/2oAzfvLNKKaX9BMF23qgmq1/6gG1by9xmyweG3GParVcvicTGsV3t8sga76tlEF1bp7CWJa6YMPPlhewY3OOh+Zi4OXT9eYdB9kLBsjbF2OqOaNpzqqm7837cb66lXyfFpuHqzTaFw41f3YdRplyqfSTPqNvboRq9j32972tvJ+vfzVNBJYPWapo6hue9JV/7o6pvAdJ2LpvuBUhhQi8nCfT0fNR9uaylcNwU3LpcCeT1+d9ruyeWca/199imH1S6dp5HDS8UwnrtXH5qcLL5PqUxdQq9uJUZNo0/mDLZp+761pX9V/b3pIStM9RNU2MymoTjtOde2jbjS6qR21/UxtVodiu/0JdNWZp6Aat19Un25aF1Tzk/Zol3U/FdZ0Ip+0JvU90z53+Wch//6f9N0y6XMS3+VxwSj/qbRqUJ3l4l5/LcKeN0OgbtZVamsHHnjgumcE5H1snB+kviK12ep5T+pj40JP6o/rgmp6EOVGR1SnXSDyOdmMFmSbswp01beNKqhWkfPOO/2maH7inHee074Ypo2E1QWiFIyr97+mcuYBa6M/uj5rA7P8sATyk7ppJWt68Mm09bxPgMDiBbrqzNPFlPSE+fh7UxiM99LFz5h2Hq/0M2qTLuwtXmf6HieFjepFuqaLYdP3YollFmi6WJvaQ/4TY/m5WtPFz7S97du3lyz33nvvPr8lX3ehJgXe2Ec8UCl+eaHuKcTJet7fUq07Vj4ny9yCl7PsXfVtow6qy3nolZoAAQIEVkWgq858VTzUgwABAgSWX6Crvk1QXf62oAYECBAgsKQCXXXmS1p9xSZAgACBFRToqm8TVFewcagSAQIECCyHQFed+XLUVikJECBAYAwCXfVtguoYWos6EiBAgMAgBbrqzAdZOYUiQIAAgVEKdNW3CaqjbD4qTYAAAQJDEOiqMx9CXZSBAAECBAiEQFd9m6CqPREgQIAAgZ4EuurMeyq+3RIgQIAAgX0EuurbBFWNiwABAgQI9CTQVWfeU/HtlgABAgQICKraAAECBAgQWDUBQXXVjqj6ECBAgEBXfZsRVW2JAAECBAj0JNBVZ95T8e2WAAECBAgYUdUGCBAgQIDAqgkIqqt2RNWHAAECBLrq24yoaksECBAgQKAnga46856Kb7cECBAgQMCIqjZAgAABAgRWTUBQXbUjqj4ECBAg0FXfZkRVWyJAgAABAj0JdNWZ91R8uyVAgAABAkZUtQECBAgQILBqAoLqqh1R9SFAgACBrvo2I6raEgECBAgQ6Emgq868p+LbLQECBAgQMKKqDRAgQIAAgVUTEFRX7YiqDwECBAh01bcZUdWWCBAgQIBATwJddeY9Fd9uCRAgQICAEVVtgAABAgQIrJqAoLpqR1R9CBAgQKCrvs2IqrZEgAABAgR6EuiqM++p+HZLgAABAgSMqGoDBAgQIEBg1QQE1VU7oupDgAABAl31bUZUtSUCBAgQINCTQFedeU/Ft1sCBAgQIGBEVRsgQIAAAQKrJiCortoRVR8CBAgQ6KpvM6KqLREgQIAAgZ4EuurMeyq+3RIgQIAAASOqXbSBp556qrjkkkuKW2+9dW1z11xzTXHYYYcV73//+4tHH320uOuuu9beO//884sTTzxxn13ffPPNxcEHH1wcffTRtcXau3dvcfbZZxf3339/7fvbtm0rrrrqquLQQw/tolq2QYAAAQJLKrAZQTX6qIceeqg444wzpqrs3r27+MQnPlH2WVu2bCmqf5+6gYEvEPU588wzy/696XXUUUcVV1xxRbH//vsPvDaKt5kC6dwt2kvT+d209nT88ccX5513XvlZis/h3XffXf79tttuWztvjP1cf/31xc6dO8vlPvShDxUvf/nL150TxjKXXXZZcc4555RVzpffTINZt3311VcX11133cTVms6lZ92X5ZdLoKu+bZQjqnlHHF8ez3rWs4pvfetb5ZdGdGZ5p33fffcVDz/88FpgjbB77bXXFjt27Gjs1KpfQnnTivWjQzz11FPnDqrVL8oI2+lLNX8v73yrIf20005bO4nJg3WbEB1fvmGQh+20/ahr+pJu+kjlX2z5F1hYn3766eVqThyW6wtJaQkQmE+gq868uvf4no5X3cXWfNm65ar93nw1+39rpe/1vJ+Kf8/7qvzkflJflcqR1o0+O+rXdLJc3edG6mHd1RKYNqBQrW06Z4q2d8cddxRvetOb9gGpO/eL5eOc76KLLipuuummMpBu3bp1LXg+8MAD5QBJXFSKz+LFF188FTo/f5u6cMMC1c9lXQCPz0+c/9aVSficV34863XVtwmqU4JqNKnoBA855JCyQ8zDVLW5pU5x2hdgmzDY1JSrX4Tx5XLhhReW/8WXX1wVT1cD86t5N9xww9oVu3QicMwxxxSvfOUry1Hm+P9UvwigdVeXU71iNPmJJ54o9xWjwskkvjwfe+yxiUE1L1OUI5U3yp7qEducZURgPB97NSVAYNUEuurMqy5tLoqmC6+vetWryu/fpllA85wYp34m+op4xTbSBdW8H4v38j4oH13K+6oUuFO94uLyySefXBvEo0+KUDDtoumqtSX1mU+gbiQ1zvviVZ2VMGtQzUuU2v0pp5xS3HjjjUX6M42s1i0b70WbTyOqMZjSFJTb1j7KccEFFxTx51lnnVV+LvNAPWlmQdvl2pbFcqsr0FXfJqi2CKqpM48vlQ9/+MP7jIZWR1k3e0Q1b9b5yciePXvWdc7pyygFyny9dBX9BS94wdrVvvhySicGJ5100sSpzfElV93utJODum2nQBoXAvKpavm0F9OxVveLTM0IjF2gq8686phOvrdv3944BbjpO3va7S2zHLM2fcqkC5PVEd/09+gv0gXkannyi8uzlNWy4xKYNqiQNPILNW2n/qYLMHXnUk3niPOUZ54jFp+PCKef//zni1S+tgHUIMI84uNcp6u+bXRBNZ8iFCObxx57bBGYTVN/8+YVnXqaolGdPhzLTZti1bapNl3Jq1s/D3R33nlnuUh+5TmuVNd9UcY+ou7xSnVK25/WyTcF4GlBtS58pnVe9KIXFY888si66ch1YbitoeUIECCwDAJddebVusZ3a9zaEq+6W00m3a7RNqi26aumBdVp76e+Ko36pFtz4vaTuqCan3Dv2rVr7XaSaW3B7SbThFbv/erIfrqtKz+XmjSC2kYknU/FTLR0a1N1vTTLLv49jZbmZctHVOOe1qZX3QyEuu+FOOeLkdr8/LAawOum9ubnflHm6jNfJnmYKtymtazWMl31baMLqtEM8pAZX0xHHHFEGVR/+MMfFp/85CfXWkr+ware7F4Xyuoe1jSp2TV1jG06/7pQWQ2YTScAednjRKb60I3NCqp1V+xSWU444YTi3e9+99p9r/HvEVQ9dGq1vrjUhgCB9QJddeb5VvPv/vj36sXI+LcIo9/73vfKfq869XARQTW/jabpXtK8r4oy5yfWTf1U04hPmwfYaJvjEsin4l566aVrs8TS5+fAAw8s4twkhcfqrV8pYH7jG99Ydx9n3bldPtBRVU7nl/Hv0x78Fcs03T42LajWBc2mEd/8NrJU3kmDEfl3xkbD/bha4erWtqu+bfRBNe7dfO5zn1vcc8895ZdU9WFKKdhW7wlI91q++c1vrn0oUpcPo2hqxtVAW50iVRdUo1z5Pah1X57pBCCmBacvzfyLcZYR1XwE+3Wve115T0Q8xS5N562G5nTT/mte85qy2ht56NTqfvzVjACBVRHoqjPPPaoBr+4Bfrfffnv50Lq4Vy6Caly0bXp650YeSjRtxDTKXXdxttpXVQNoXVCddLtL9WnGdU9aXZU2pR7tBFJQjaWrAxVpxl289/M///Plw5Py87r8tqsIqvGK2WzVW8Hy2WvTRlTTL0HENj796U8Xr371q8unAnd1kSX/zEz7XFY/b9OWr8582Oh9tO2OoKWGLNBV3zb6oBpfAvmXT92j+asdWlrmjW98Y/HFL36xDFP5q83I6kY6/qaOvfrFUu20qx1/bKd6hWzal1GsM0tQzV3q1mu6+r1qP5Ew5C8TZSNAoD+BrjrzVIO6B8M0jeY03SvXdkS1jVqbPqU626baV03qU/P7ByeN+FQNBNU2R2+1l8nbf/7zMVHrfJQzH1FNvwLRJqjG+WW6SBTPEKmb2ZDvK4LqtHtgY/l5pqlPuv+1blpu9dxs0j2suUWqg6C62p+dNrXrqm8TVLdsKa/mxv2a1XtgqiG2LqS1/QmA/KDm+6s72JOm/k6a2lENgvkXTf603fweh+pJxLT7TDcSVGPdvExNgbfNiU2bD4llCBAgMHSBrjrzVM+mKbFNI5B1v8/YNqi2uU2laWZP/rNv+Xaa+qrqcWx7q0usVz2RroaDuveH3m6Ub+MC1aCa/wxL3X2js46oRjhN91THz9BMGlGNW58uv/zy4sc//nF5O1r6XeNZRiqnTf3Nxaqfy5hhcfjhh5czBOsudk26Jax6Eag69XfStOeNH0VbGKpAV33bqIJq3VXZmIb64IMP1v7YeRz8/DdTm+6bbNNZ51e7pz0kaNL2qvdIxHbzabn5++m36aLe8aVX/emBdBWt6bdXq42/7opc7Pttb3tbeT9p/sp/F6/uy/HWW28t/7npJ302OuI81AwTCBoAACAASURBVA+uchEgQCAX6Kozz++rq/6kRgpr+c/AxL9tdES1zUXV9F2f6py+2/PbQtr2Vblb9cS5bsZQqmP0f3EvXv7Aw3xE1VPmx/mZnDSimkTykDXrParxMK80itrmHtUUEuPi0Y4dO4rLLrusiM9PGkGN4DtppHIjQbV6fpyfg+U/g5imJyefuLAUPwWV/6RhNajOM6Azzha5WrXuqm8bVVCtNoH8Kmr6DdI8zOVha1oYbZrCWhcsPf1stT6MakOAAIF5BbrqzKc9BK8urKYT9ZhNFL+n2PSaZ6rhvB5drjfpoXzRZ+cjaPP8VmyXZbWtxQs0XaiJkuTtI4W2WUdUI3CmJ1NXg2p+bpg+X9WnVDddwGkaCFik4KQLY9VBjaaHPy2yvPa1eIGu+rZRB9XFHzZ7JECAAAEC/yfQVWfOlAABAgQIDEWgq75NUB3KEVUOAgQIEBidQFed+ejgVJgAAQIEBivQVd8mqA72ECsYAQIECKy6QFed+ao7qR8BAgQILI9AV32boLo8x1xJCRAgQGDFBLrqzFeMRXUIECBAYIkFuurbBNUlbgSKToAAAQLLLdBVZ77cCkpPgAABAqsk0FXfJqiuUqtQFwIECBBYKoGuOvOlqrTCEiBAgMBKC3TVtwmqK91MVI4AAQIEhizQVWc+5DoqGwECBAiMS6Crvk1QHVe7UVsCBAgQGJBAV535gKqkKAQIECAwcoGu+jZBdeQNSfUJECBAoD+Brjrz/mpgzwQIECBAYL1AV32boKplESBAgACBngS66sx7Kr7dEiBAgACBfQS66tsEVY2LAAECBAj0JNBVZ95T8e2WAAECBAgIqtoAAQIECBBYNQFBddWOqPoQIECAQFd9mxFVbYkAAQIECPQk0FVn3lPx7ZYAAQIECBhR1QYIECBAgMCqCQiqq3ZE1YcAAQIEuurbjKhqSwQIECBAoCeBrjrznopvtwQIECBAwIiqNkCAAAECBFZNQFBdtSOqPgQIECDQVd9mRFVbIkCAAAECPQl01Zn3VHy7JUCAAAECRlS1AQIECBAgsGoCguqqHVH1IUCAAIGu+jYjqtoSAQIECBDoSaCrzryn4tstAQIECBAwoqoNECBAgACBVRMQVFftiKoPAQIECHTVtxlR1ZYIECBAgEBPAl115j0V324JECBAgIARVW2AAAECBAismoCgumpHVH0IECBAoKu+zYiqtkSAAAECBHoS6Koz76n4dkuAAAECBIyoblYbeOqpp4pLLrmkOOmkk4qjjz563W7Se7feeuvav19zzTXFYYcdVrz//e8vHn300eKuu+5ae+/8888vTjzxxOK+++4rHn744bX/P/300/cpfmwn31++zs0331wuH9uqe+3du7c4++yzi/vvv7/2/aOOOqq44ooriv3333+z2Fpvd/fu3WVZLrrookGUp3XBLUiAAIEFCHQdVKPfuvbaa4sdO3asfedGn3HZZZcV55xzzsTv4eh7brrppon9R/6dvmXLlrL/zPvIIDv++OOL8847r4j3l+0V9TvzzDPL/r3pNaQ+dtl8lZcAgXEIdNW3GVEtijJYRufc1LFGx/WJT3yiDIe33XZb8axnPav41re+VezcubPszNJ7qVOuBtUIs2ecccZay4yTgYMPPnhdUP3Qhz5UvPzlLy+2bdtWniSceuqpxaGHHtoYVJtOOtqekCzqYyKoLkrafggQWEaBrjrzvO55PxD9UjW41jlFv3T33XcXv/u7v1t8/vOf36c/jPcvvvjidaumwNZ2H22OT/SfcXE3v5hbd9H4tNNOW+tXr7766uK6664rN58uGMf/5xd1o2+96qqr9ulX6/bXppyWIUCAAIFmga76ttEF1bxDm9bAUkc4S1DNtx9XlaPTP+uss/bZVd4J59t/4IEHyk667pWuUkenbUR12tHzPgECBIYv0FVnHjVNoWtSrfMgF8ulEHjggQeuBb/YToS6fGZOBNUf/ehHxYMPPlj2P/GKAPzYY4/tM6JanTHU5iikcjzxxBPl4tH/pllHk2Y+pYAdF5pT3xgjokceeWQ52nvMMceszW6q1imC7AUXXFAG2uinq7Oq2pTbMgQIECCwr0BXfdvoguo8jWmWoJpOFtLU3zb7i472oYceKqdqxQlAdLLxmmUbbfbTxzJGVPtQt08CBJZFoKvOPPU91Rk8uUP1tpIIpBHU6kYa02hk3BYTt6HU3XISofd73/teORsozQCqmzE0y7GoC6VNQbXu31N/esIJJ6y77aRu2biwHOE0RpDrbv+ZpdyWJUCAAIH/E+iqbxttUJ3UweXTdPMR0pg6dOyxxxaBP23qb0wRjte3v/3t8l7SmCJ14YUXlv/F39M0pK1bt5bhdPv27cUhhxxSrlO9z7Xa8OumYFWXqV41z9+POsUrr2d6P96LckQZklG6Ih1/T9OSY/n8Pp40+lw3RStND9uzZ8+6dea56u5LgAABAqsk0FVnPmtQTf1AfN9Xp/Qm3+hH4iJqjJoecMABxf/8z/+Ub73tbW8rR1Ff/epXFzfccEMZVL/xjW+Ut7TEBdbqrS15/9LU96RlJgXVdC9sPruoehtMupUngupXv/rVdf1c3r/FchHq4xae9JyKKEPTjKZqm3Of6ip9CtWFAIGuBbrq20YZVNPDEuKg5FeS07Sp6r0s+YhqTHU64ogjyqD6wx/+sPjkJz+5dmyjU3/Zy15WBs/oqN/xjncUN954Y9kRfuYznyl+9Vd/tfjsZz9b/v1LX/pScfjhh5ede0yniv/e9KY3rW2rbgpXCnbTrljn98jWNbxJQTV13hFio95/9Vd/VRx00EFlndL9uHFycumll5ahO66i54E2TmryE5H0cI54mFLYpYd5pClXsd2me3G7/tDYHgECBIYm0FVnnoLqtKA16SLmtL4j9pEu3qawuIigWj1mqQ+rjpomg3jmxIte9KLikUceqQ2q0U/HSHL0P9Hf1z1QMfqo66+/vuyv4x7c9BwJ/dXQPkHKQ4DAEAW66ttGF1Tze29ihC89CCnCVuq44oDnT6rNg2p0ys997nOLe+65Z114y+/ZiSAbwTOF1kkjqt/5znfKIPjP//zP+wTVpqm/1aBa/Xubk42mRp0/hOPOO+8sr6L/0z/9U/lwpwjV6RWBNB+RjX1+/OMfL5588snine9851r4TFN/Tz755PLfqy+jqkP8elEmAgQWJdBVZ55C2ixTf9s8s6H60KKYVRTTZdPIZdzbGoHxlltuKWccTRpRbWM66X7UtH7qV6JPyS+A5kF10ohq9F/VmUPVqb95vy+otjlyliFAgMD/CXTVt40uqFYbUbqfJf49dVzVZaodVh4Eq++ljrIaMut+MiDvdO+44465g2qcbKSTh6b9z/LhSfftRD3jvtkIrPFK9yJFYJ0nqMZ06GX9yYJZ/CxLgACBtgJddebV/eW3arQdBZx0kbMu1MaFxq9//evFr/3arxXRl6YLmk1Tf9uYzBpUL7/88vKicX6PbPRP0SfmT/NP233lK19Zjo7W/bxbPtqczy6KchtRbXP0LEOAAIH/J9BV3zb6oJoeEBEda5ufp4krq3kwnBRU40A13fsT7+VPFa4LqtUpXKkTzUdQ8wdcpNHJaSOqk6b+Rrli+5/61KeK3/iN3yjDc5oCvN9++5W/hxoj0el+23zqb0y1+trXvlbkT4+Mfd17773lejFiHfe1xtX4OGn49Kc/Xd7jtIy/teeLiAABAl0IdNWZp2AazxdIobE6rTW/RzPKXv05s7zvqN6eUQ2+eT+UbqeJEFj37IPkNK3vieXqgmpsP2YfHXfcceWm8u2ki82x37zM1bo3/Qxd0z2x1Z+Jy4PqPBcBumgrtkGAAIFlEeiqbxttUK3epxoHPkJU3tHWPRgo7rFMj+ePgNVmRDWW+eAHP1g8+9nPLn7wgx/s83TBeH+WEdXUSNNDlVJATVe8pz3kYdrJQrKJcJlCZdzDU/35gjxIpxBdfTJkeH3lK19ZC7jpAUxNv2m3LB9A5SRAgEAXAl115imERh9W91vc6QJrzPaJ30tNF2bzsLpr165y6m7ctlJ9SFFdfxh9TzwQMF24jIuY1Z+AyY0m9T11249182czpAu/+XTk6nrVn35LfU5Tv1gNqtWnHafy50F1aL9X3kU7tA0CBAh0KdBV3za6oFp9EER1NC9/iFHd782lE4D0tN58+tArXvGK8hj//d//fXHllVeWj7yPpxTGQycisMWDGWIqbfwZP06eHkYRDylqG1TzJ/42PRQjdbTxJOFJV7e7bJC2RYAAAQKzC3TVmed7rnsyfOpvUp/X5jdX0zajr6kG4DSSGTNm8t9brbt4O7tKP2tM+rmeqmkelvsprb0SIEBguAJd9W2jC6rDPaRKRoAAAQJjE+iqMx+bm/oSIECAwHAFuurbBNXhHmMlI0CAAIEVF+iqM19xJtUjQIAAgSUS6KpvE1SX6KArKgECBAislkBXnflqqagNAQIECCyzQFd9m6C6zK1A2QkQIEBgqQW66syXGkHhCRAgQGClBLrq2wTVlWoWKkOAAAECyyTQVWe+THVWVgIECBBYbYGu+jZBdbXbidoRIECAwIAFuurMB1xFRSNAgACBkQl01bcJqiNrOKpLgAABAsMR6KozH06NlIQAAQIExi7QVd8mqI69Jak/AQIECPQm0FVn3lsF7JgAAQIECFQEuurbBFVNiwABAgQI9CTQVWfeU/HtlgABAgQI7CPQVd8mqGpcBAgQIECgJ4GuOvOeim+3BAgQIEBAUNUGCBAgQIDAqgkIqqt2RNWHAAECBLrq24yoaksECBAgQKAnga46856Kb7cECBAgQMCIqjZAgAABAgRWTUBQXbUjqj4ECBAg0FXfZkRVWyJAgAABAj0JdNWZ91R8uyVAgAABAkZUtQECBAgQILBqAoLqqh1R9SFAgACBrvo2I6raEgECBAgQ6Emgq868p+LbLQECBAgQMKKqDRAgQIAAgVUTEFRX7YiqDwECBAh01bcZUdWWCBAgQIBATwJddeY9Fd9uCRAgQICAEVVtgAABAgQIrJqAoLpqR1R9CBAgQKCrvs2IqrZEgAABAgR6EuiqM++p+HZLgAABAgSMqGoDBAgQIEBg1QQE1VU7oupDgAABAl31bUZUtSUCBAgQINCTQFedeU/Ft1sCBAgQIGBEVRsgQIAAAQKrJiCortoRVR8CBAgQ6KpvM6KqLREgQIAAgZ4EuurMeyq+3RIgQIAAASOq2gABAgQIEFg1AUF11Y6o+hAgQIBAV32bEVVtiQABAgQI9CTQVWfeU/HtlgABAgQIGFHVBggQIECAwKoJCKqrdkTVhwABAgS66tuWckR1z549WgABAgQIECBAgAABAgQIDFhg69atc5duKYPq3LW1IgECBAgQIECAAAECBAgMXkBQHfwhUkACBAgQIECAAAECBAiMS0BQHdfxVlsCBAgQIECAAAECBAgMXkBQHfwhUkACBAgQIECAAAECBAiMS0BQHdfxVlsCBAgQIECAAAECBAgMXkBQHfwhUkACBAgQIECAAAECBAiMS0BQHdfxVlsCBAgQIECAAAECBAgMXkBQHfwhUkACBAgQIECAAAECBAiMS0BQHdfxVlsCBAgQIECAAAECBAgMXkBQHfwhUkACBAgQIECAAAECBAiMS0BQHdfxVlsCBAgQIECAAAECBAgMXkBQHfwhUkACBAgQIECAAAECBAiMS0BQHdfxVlsCBAgQIECAAAECBAgMXkBQHfwhUkACBAgQIECAAAECBAiMS0BQHdfxVlsCBAgQIECAAAECBAgMXkBQHfwhUkACBAgQIECAAAECBAiMS0BQHdfxVlsCBAgQIECAAAECBAgMXkBQHfwhUkACBAgQIECAAAECBAiMS0BQHdfxVlsCBAgQIECAAAECBAgMXkBQHfwhUkACBAgQIECAAAECBAiMS0BQHdfxVlsCBAgQIECAAAECBAgMXkBQHfwhUkACBAgQIECAAAECBAiMS0BQHdfxVlsCBAgQIECAAAECBAgMXkBQHfwhUkACBAgQIECAAAECBAiMS0BQHdfxVlsCBAgQIECAAAECBAgMXkBQHfwhUkACBAgQIECAAAECBAiMS0BQHdfxVlsCBAgQIECAAAECBAgMXkBQHfwhUkACBAgQIECAAAECBAiMS0BQHdfxVlsCBAgQIECAAAECBAgMXkBQHfwhUkACBAgQIECAAAECBAiMS0BQHdfxVlsCBAgQIECAAAECBAgMXkBQHfwhUkACBAgQIECAAAECBAiMS0BQHdfxVlsCBAgQIECAAAECBAgMXkBQHfwhUkACBAgQIECAAAECBAiMS0BQHdfxVlsCBAgQIECAAAECBAgMXkBQ/d9DdPXVVxePPfZYcd555xVbtmypPXC7d+8uLrzwwvK/Qw89tIh1rrvuutplt23bVlx11VXlcvHau3dvccEFFxRnn3322r9Vtzettdx8883FQw89VJxxxhnTFvU+AQIECBAgQIAAAQIEllZglEH1vvvuK04//fRWB+34449fF17rAmd1Q0899VRxxRVXFKeeeupaKI19plB71113Tdx32mdsJ4Lt/fffP3H5aihuVTELESBAgAABAgQIECBAYKACow2qN91008TR0zheES7TchEaL7vssuKcc84p9t9//4mHsxpU24Tbug22Wa/NMgNte4pFgAABAgQIECBAgACBWoHRBtVZR1TzoBpTgy+55JLi1ltvXYd61FFHlSOp8X4+ohpThO+9997y3+I1aZQ0bSPCcIRQI6o+uQQIECBAgAABAgQIjE1gtEG1bkQ1wmj8l0ZMm0ZUq0E0Gk2EyjTimr+/Z8+e4sorryy3edFFF00djc0bYJvR0jbLjK1Rqy8BAgQIECBAgAABAsstIKhmD06KhxVFgI2Rz+r03moQbTuiescddxQvfOELy+3GtOEIrmeeeWbx6KOP1rYcI6rL/YFSegIECBAgQIAAAQIENi4w2qB62223FT/4wQ/2mb5bR3raaacVO3bsqB0xzZ/qWzeiGu/nIXfa/a1GVDfeqG2BAAECBAgQIECAAIHlFhhtUI0n76afecmn+Db9NE3T1N5Zg2o0l0n3neZPGXaP6nJ/uJSeAAECBAgQIECAAIH5BEYZVGOKb7xOPPHE8s/4+8UXX7yPYP6zL/NO/a2OqMZOmp4eXA3Mbe4/bbPMfE3DWgQIECBAgAABAgQIEOhHYHRBNR6WFPeXnnTSScXRRx+99mTduG80/p5edT8x0zS1t3roJq3bNqim31CNcj388MPlLl72spetjcZec801a+WNoH333XdP/bmdfpqYvRIgQIAAAQIECBAgQGA2gdEF1eqTfGMa7vbt29emASe+6n2ls9xnWh3lzNeN7U+b+hsPXYpQfOCBB5blqo4ApzLu3r27fPBTPE14165da7/52jR9ebamYWkCBAgQIECAAAECBAj0IzC6oBq/aXrssccWW7duLZ++GyEvjaRG8MufyBsPUUr3sU4LqtX7Sav3mqbR2DjMbaf+5oG06UnB559//toU5n6akL0SIECAAAECBAgQIECgW4HRBdVu+WyNAAECBAgQIECAAAECBLoWEFS7FrU9AgQIECBAgAABAgQIENiQgKC6IT4rEyBAgAABAgQIECBAgEDXAoJq16K2R4AAAQIECBAgQIAAAQIbEhBUN8RnZQIECBAgQIAAAQIECBDoWkBQ7VrU9ggQIECAAAECBAgQIEBgQwKC6ob4rEyAAAECBAgQIECAAAECXQsIql2L2h4BAgQIECBAgAABAgQIbEhAUN0Qn5UJECBAgAABAgQIECBAoGsBQbVrUdsjQIAAAQIECBAgQIAAgQ0JCKob4rMyAQIECBAgQIAAAQIECHQtIKh2LWp7BAgQIECAAAECBAgQILAhAUF1Q3xWJkCAAAECBAgQIECAAIGuBQTVrkVtjwABAgQIECBAgAABAgQ2JLCUQfXJJ5/cUKWtTIAAAQIECBAgQIAAAQKbK/DMZz5z7h0sZVCdu7ZWJECAAAECBAgQIECAAIHBCwiqgz9ECkiAAAECBAgQIECAAIFxCQiq4zreakuAAAECBAgQIECAAIHBCwiqgz9ECkiAAAECBAgQIECAAIFxCQiq4zreakuAAAECBAgQIECAAIHBCwiqgz9ECkiAAAECBAgQIECAAIFxCQiq4zreakuAAAECBAgQIECAAIHBCwiqgz9ECkiAAAECBAgQIECAAIFxCQiq4zreakuAAAECBAgQIECAAIHBCwiqgz9ECkiAAAECBAgQIECAAIFxCQiq4zreakuAAAECBAgQIECAAIHBCwiqgz9ECkiAAAECBAgQIECAAIFxCQiq4zreakuAAAECBAgQIECAAIHBCwiqgz9ECkiAAAECBAgQIECAAIFxCQiq4zreakuAAAECBAgQIECAAIHBC4wuqD7++OPF008/PfgDo4AECBAgQKBrgWc84xnlJvWDXcvaHgECBFZPIPqMAw44oLeKjS6oPvroo8W2bdt6A7djAgQIECDQl0D0gfHSD/Z1BOyXAAECyyPQd24SVJenrSgpAQIECBDYkICguiE+KxMgQGBUAoLqgg933+ALrq7dESBAgACBNQFBVWMgQIAAgbYCfecmI6ptj5TlCBAgQIDAkgsIqkt+ABWfAAECCxQQVBeIHbvqG3zB1bU7AgQIECBgRFUbIECAAIGZBfrOTUZUZz5kViBAgAABAsspYER1OY+bUhMgQKAPAUF1wep9gy+4unZHgAABAgSMqGoDBAgQIDCzQN+5yYjqzIfMCgQIECBAYDkFjKgu53FTagIECPQhIKguWL1v8AVX1+4IECBAgIARVW2AAAECBGYW6Ds3GVGd+ZBZgQABAgQILKeAEdXlPG5KTYAAgT4EBNUFq/cNvuDq2h0BAgQIEDCiqg0QIECAwMwCfecmI6ozHzIrECBAgACB5RQworqcx02pCRAg0IeAoLpg9b7BF1xduyNAgAABAkZUtQECBAgQmFmg79xkRHXmQ7bvCrfccksRB3Lnzp21W4v343XCCScU8f+f/exna5d761vfWhx99NFr703bbr6R3bt3l9uOMmzZsqWo/j0tG/++a9eu4thjjy2uv/764pRTTim+9KUvFQcddFC5yL333ttYjw6obIIAAQIEehQwotojvl0TIEBgyQQE1QUfsC7AJ4XNVJ3nPOc5xbnnnlvsv//+5T/lYbWuytdee22xffv2dUG1zXppW3Xbv++++4pHHnmkDMj5K5aN8n3zm98snvnMZ5ZlTCE6Amselhd8eOyOAAECBDZRoKugunfv3uK9731v8f3vf7/sR84666zi0EMP3cSS2zQBAgQILFqgi9y0kTIbUZ1DL4LepEAXHfg111xTnH766cWePXuKu+66q3j9619fO5r6qle9qgyJTUH1qaeeKt+LZZpOAmKZGB19xSteUXzgAx8oTxzqXi9+8YuLbdu21Y7ovva1ry1uv/32desefvjhxZlnnlmO0HoRIECAwPILdBFUo8+56qqriiOPPLLsm+Ki6I033rju4uzyS6kBAQIECAiqC24DXYDPMqJaDap5wM1HPJuCarpqfdhhhzVOyY3tRMishspJgfpzn/tccc8995RXwmO9WP+BBx4o/z9OQlLQTiPCCz5MdkeAAAECmyDQRVCNW0g+8pGPlKOo0Uek4HrccceZkbMJx8wmCRAg0JdAF7lpI2U3ojqHXl0AjKAZo5XVabbRoecjqrMG1QihsX686kZV0wlCvN8mqKblX/rSl5ZTfyMAR5iOf48/d+zYUf6Z3+86B5FVCBAgQGCAAl0E1eiXqs8zaOoDB0igSAQIECDQUkBQbQnV1WJdgKeHHMWI5KRXTLWNK8zzTv3Nr1LHfuoedBRliVHXJ598sgyZ+TTdukD90Y9+tHyQUoTqmC4c4TfKl/5MwbXu3taujoHtECBAgEA/Al0E1boH/Qmq/RxPeyVAgMBmCnSRmzZSPiOqc+jl03TzEdO6TW1kRDWf0hvbrrtX9Qtf+EJ5n1CcOERQjfDZFKDTU4Wb7ntNV8ljX3UPdpqDyioECBAgMCCBLoKqEdUBHVBFIUCAwCYKCKqbiFu36S7A06hkPNwoOux4gFH1lULhvEE13ZsaPx+TnsJbd3IQ+41l40EWbUZUI+xWg2x6aFJsKx6QES8PUVpww7Q7AgQILECgq6CaPxfBPaoLOHB2QYAAgR4EushNGym2EdUZ9fIn+sY02wh21QdI5FNuq0G1+huqTU/9bZpGVffvswTV/CEY1fKncLx161ZBdcZ2YXECBAgsg0AXQbUaTJse6LcMHspIgAABAs0CguqCW8dGwfNRzQiN8eCh6uhj09TgSU/hze8djfAbYXHnzp376FR/FiAWmCWopuXT79/F3+Ne2pjqGyPDMRIc96emJwD7aZoFN1C7I0CAwCYKdBFUo3hx0fPKK68sn49Q/d3wTSy+TRMgQIDAAgU2mps2WlQjqjMKpkAZ057ilcJkPgU4//3RSfew5uukjj6m8NY9PTgvZjWspqD6/Oc/v7juuusaaxT7+KVf+qXi3/7t39b9OHvdb+C5Qj5jw7A4AQIElkCgq6C6BFVVRAIECBDYoICgukHAWVfvG3zW8lqeAAECBAh0JSCodiVpOwQIEFh9gb5zkxHV1W9jakiAAAECBEoBQVVDIECAAIG2AoJqW6mOlusbvKNq2AwBAgQIEJhZQFCdmcwKBAgQGK1A37nJiOpom56KEyBAgMDYBATVsR1x9SVAgMD8AoLq/HZzrdk3+FyFthIBAgQIEOhAQFDtANEmCBAgMBKBvnOTEdWRNDTVJECAAAECgqo2QIAAAQJtBQTVtlIdLdc3eEfVsBkCBAgQIDCzgKA6M5kVCBAgMFqBvnOTEdXRNj0VJ0CAAIGxCQiqYzvi6kuAAIH5BQTV+e3m9LhNxQAAExJJREFUWrNv8LkKbSUCBAgQINCBgKDaAaJNECBAYCQCfecmI6ojaWiqSYAAAQIEBFVtgAABAgTaCgiqbaU6Wq5v8I6qYTMECBAgQGBmAUF1ZjIrECBAYLQCfecmI6qjbXoqToAAAQJjExBUx3bE1ZcAAQLzCwiq89vNtWbf4HMV2koECBAgQKADAUG1A0SbIECAwEgE+s5NoxtRffzxx4unn356JM1LNQkQIECAwP8JPOMZzyj/oh/UKggQIEBgmkD0GQcccMC0xTbtfUF102htmAABAgQIDEtAUB3W8VAaAgQIDFlAUF3w0el7CHvB1bU7AgQIECCwJmDqr8ZAgAABAm0F+s5NoxtR7Ru8bcOwHAECBAgQ6FpAUO1a1PYIECCwugJ95yZBdXXblpoRIECAAIF1AoKqBkGAAAECbQUE1bZSHS3XN3hH1bAZAgQIECAws4CgOjOZFQgQIDBagb5zkxHV0TY9FSdAgACBsQkIqmM74upLgACB+QUE1fnt5lqzb/C5Cm0lAgQIECDQgYCg2gGiTRAgQGAkAn3nJiOqI2loqkmAAAECBARVbYAAAQIE2goIqm2lOlqub/COqmEzBAgQIEBgZgFBdWYyKxAgQGC0An3nJiOqo216Kk6AAAECYxMQVMd2xNWXAAEC8wsIqvPbzbVm3+BzFdpKBAgQIECgAwFBtQNEmyBAgMBIBPrOTUZUR9LQVJMAAQIECAiq2gABAgQItBUQVNtKdbRc3+AdVcNmCBAgQIDAzAKC6sxkViBAgMBoBfrOTUZUR9v0VJwAAQIExiYgqI7tiKsvAQIE5hcQVOe3m2vNzQC/5ZZbitjuzp07a8sU78frhBNOKOL/P/vZz9Yu99a3vrU4+uij1723e/fu4sorryyefPLJ4lWvelW5jXjFdg466KB9lo/3rr322uKb3/xmcdZZZxWHHnroPtvbtWtXceyxxxbXX399ccoppxRf+tKXym3F6957722sx1zgViJAgACBwQgIqoM5FApCgACBwQtsRm6apdJGVGfR+t9lJ4XNtLnnPOc5xbnnnlvsv//+a8EyhdW6XUa43L59e7F169a1YBrLHX744cWZZ55ZbNmyZd1qTUE1beewww4r3vve95ZBtBp+Y90oX4TZZz7zmWUZU4huCr9zMFmFAAECBAYm0FVQzS+iRhWrF1rvu+++4gMf+MA+/z4wDsUhQIAAgQkCguqCm0cX4JNGM6M6e/fuLa655pri9NNPL/bs2VPcddddxetf//ra0dQ0SpoCZh4qo6N/5JFH1kZRY9tpdDb+Pw+VTz31VHHVVVcVxx133FowTf8WZUihuSlkv/a1ry1uv/324vvf//7aEWkKyQs+ZHZHgAABAh0JdBFUo4+78cYbix07dpQXUSO0plC6bdu2si+KWUDxij6uerG0o6rYDAECBAhsskAXuWkjRTSiOofeLCOq1aCah8s8iEZQfcELXlDceeedxXe+853aUsUo6POf//y1Udq0rWnlecUrXlFO74110/Tkz33uc8U999xTjqjGiG2E1AceeKD8/wi4KWinEeE5mKxCgAABAgMT6CKoVqsUfUb0YTEzJ91uUnfxdGAUikOAAAECUwQE1QU3kS7A60ZUo5OOK8npHtJUrbjSnI+oTgqqMfU3rjynq9URLGOEM/4e95TGCUB1RDXuKa3ut24kNpUnnTy89KUvLaf+xhThCNPx7/FnXCGPP2M/EWqrU44XfLjsjgABAgQ6FNiMoJrPIkoXNwXVDg+aTREgQKAngS5y00aKbkR1Dr308KQYkZz0evGLX1xOxZ1l6m8Ez9huTLuNMBlBNRpJ+rcIlik8Nt1POimofvSjHy1Db4TbeJhSBOsoX/ozBdfqlOM5mKxCgAABAgMT2IygWnehVlAd2IFXHAIECMwhIKjOgbaRVboAz+8nzUdM68q12SOqESibniJcLU962EXdNK1YNgJuBOV4pdHdjVhblwABAgSGJdB1UI3+MF7Vp94LqsM67kpDgACBeQS6yE3z7DetY0R1Dr00KhlTcdOTDZtC4SxBNb9HNUZU89HTCKNN96jGvvP9pBHVmDqcRnNT+eKkojoSnB6aFMvEQzDiVfek4TmorEKAAAECAxLoMqg2hdSorqA6oIOuKAQIEJhTQFCdE27e1TYKnt+LE1Nwq0/ajXLl97BWg2p19LPpqb/pAUnxsKP891DrnvpbHSHNp/5Wf+M1yvORj3yk3Ga1/FG3+Emb+IkcQXXeFmY9AgQIDFegi6CaQuiRRx65z3MZUs0F1eG2ASUjQIBAW4GN5qa2+2lazojqjIJpemxMc4qryfHgoWqoa5oaPOlnbfJ7RyP8xnbj/tb4c9euXWV4zKdW5fuo/rRN9R7V6v1DKZCmn6KJe2ljqm/6eYGYTpyeAOxhSjM2EIsTIEBgwAJdBNW6mUTpomr6eZrq0+urv7M6YCJFI0CAAIH/FRBUF9wUNgqeAmX8nEu8UnjMO+7890cn3cOarxPTeuO3TuO36dJ2qyOjiSpGZdNJQQTZ9OCjplHYfMQ1yh1P+81HaWM/sd/0W6uxn/i3WNbI6oIbqN0RIEBgEwW6CKqbWDybJkCAAIEBCWw0N220KkZUNypofQIECBAgsCQCguqSHCjFJECAwAAEBNUFH4S+wRdcXbsjQIAAAQJrAoKqxkCAAAECbQX6zk1GVNseKcsRIECAAIElFxBUl/wAKj4BAgQWKCCoLhA7dtU3+IKra3cECBAgQMCIqjZAgAABAjML9J2bjKjOfMisQIAAAQIEllPAiOpyHjelJkCAQB8CguqC1fsGX3B17Y4AAQIECBhR1QYIECBAYGaBvnOTEdWZD5kVCBAgQIDAcgoYUV3O46bUBAgQ6ENAUF2wet/gC66u3REgQIAAASOq2gABAgQIzCzQd24yojrzIbMCAQIECBBYTgEjqst53JSaAAECfQgIqgtW7xt8wdW1OwIECBAgYERVGyBAgACBmQX6zk1GVGc+ZFYgQIAAAQLLKWBEdTmPm1ITIECgDwFBdcHqfYMvuLp2R4AAAQIEjKhqAwQIECAws0DfucmI6syHzAoECBAgQGA5BYyoLudxU2oCBAj0ISCoLlj98ccfL55++ukF79XuCBAgQIBA/wLPeMYzykLoB/s/FkpAgACBoQtEn3HAAQf0VszRjaj2Jm3HBAgQIECAAAECBAgQINBKQFBtxWQhAgQIECBAgAABAgQIEFiUgKC6KGn7IUCAAAECBAgQIECAAIFWAoJqKyYLESBAgAABAgQIECBAgMCiBATVRUnbDwECBAgQIECAAAECBAi0EhBUWzFZiAABAgQIECBAgAABAgQWJSCoLkrafggQIECAAAECBAgQIECglYCg2orJQgQIECBAgAABAgQIECCwKAFBdVHS9kOAAAECBAgQIECAAAECrQQE1VZMFiJAgAABAgQIECBAgACBRQkIqouSth8CBAgQIECAAAECBAgQaCUgqLZishABAgQIECBAgAABAgQILEpAUF2UtP0QIECAAAECBAgQIECAQCsBQbUVk4UIECBAgAABAgQIECBAYFECguqipO2HAAECBAgQIECAAAECBFoJCKqtmCxEgAABAgQIECBAgAABAosSWMqg+pnPfKZ417veVXz7299elJP9ECBAgAABAgQIECBAgEALgSOOOKJ4z3veU5x44oktlq5fZCmD6sEHH1x897vfnbvSViRAgAABAgQIECBAgACBzRM45JBDigcffHDuHSxlUN1vv/3mrrAVCRAgQIAAAQIECBAgQGDzBX784x/PvRNBdW46KxIgQIAAAQIECBAgQIBAk4Cgqm0QIECAAAECBAgQIECAwKAEBNVBHQ6FIUCAAAECBAgQIECAAAFBVRsgQIAAAQIECBAgQIAAgUEJCKqDOhwKQ4AAAQIECBAgQIAAAQKCqjZAgAABAgQIECBAgAABAoMSEFQHdTgUhgABAgTGJPDNb36z+MpXvlK85S1v2afa9957b/G5z32uOP/889fe+63f+q3i6quvLn8I/frrr2+kiuU+8pGPFLfeeus+207v/eIv/uLa+h/84AeLL37xi8WFF15Y/PRP/3Txsz/7s2vvfeELXyiOO+64MR0WdSVAgACBAQgIqgM4CIpAgAABAqstcPvttxe//du/vS4Yxl/e/OY3r6t4BMYUWnfs2FFceumlxZ/+6Z+uhdK2QTU2+rd/+7fF8ccfX7zhDW8o/uEf/mEf4Isvvrj4wz/8w2Lnzp3Fn/3ZnxU/+tGPisMPP7w444wzit/8zd9ce69u3dU+WmpHgAABAkMQEFSHcBSUgQABAgRWXiAPmb/8y79c/N7v/V6xffv2st4RKl/ykpcUz3/+89c5RJjMl6sLr7FCjMweeeSRrQwfeOCBcj+CaisuCxEgQIBATwKCak/wdkuAAAEC4xKIYPjCF76wuPHGG2un2CaNSVNtm4LqPJKC6jxq1iFAgACBRQkIqouSth8CBAgQGLVAPur58Y9/vDjmmGOKj33sY6VJGjWNKcJbt24tDjzwwCLuIU2jnwkugurll19evO9971t372p6v+7e1Njmtm3b1o3W5mV5+umni4cffrgclTX1d9RNVOUJECAwKAFBdVCHQ2EIECBAYBUFYmpv3I8a96DGFN9//dd/LX7913+9DKPVVxpRrZsOnLZTN+oaI6Tnnntuubn3vve9a0E2rROBNP/3fEQ1HtD0ne98pwyqW7ZsKQ477LC1YnmY0iq2SHUiQIDA8AUE1eEfIyUkQIAAgSUWSPem/szP/Ez5FN4UVJtGVKOq8ZTduqAao54pUMZDj9KDjmLZ1772tcUf/dEfFXH/a3pIUgThNAIb2337299evPOd7ywfzpQH1b/4i78ovvvd75ajrvFwJQ9TWuIGp+gECBBYEQFBdUUOpGoQIECAwLAF0k/RzDqi+qlPfaoMnn/9139d/PEf/3H5FOCzzz57n5+uyWufpvvGvz366KO1Py+TB9UIvBF2n/e855XLVt8btqzSESBAgMAqCgiqq3hU1YkAAQIEBieQB9W9e/cWv/ALv7A2epnfo5qPqMZ04SeeeKIcKX3Xu961FjqnBcm4l/Vv/uZviv/+7/9u9fM0EVTz33Sdtv3B4SoQAQIECKycgKC6codUhQgQIEBgiAL5A4wef/zx4utf//ra6GVdUM0fghTrxiv/+Zp4/1d+5VfWBdHqfaqxTty3+h//8R9r66YHLuX3x375y19eC84RWgXVIbYgZSJAgMC4BATVcR1vtSVAgACBngTSiOUNN9xQxMOL3vOe96zdK3ryyScXcQ9rhMd44NJb3vKWtVLWPbU3vZlP8Y3fUY37TN/whjes3bualksPVIq/Vx+OFMH12muvLZ9A/O///u/lSOxP/dRPre2/aZs9MdotAQIECIxEQFAdyYFWTQIECBAgQIAAAQIECCyLgKC6LEdKOQkQIECAAAECBAgQIDASAUF1JAdaNQkQIECAAAECBAgQILAsAoLqshwp5SRAgAABAgQIECBAgMBIBATVkRxo1SRAgAABAgQIECBAgMCyCAiqy3KklJMAAQIECBAgQIAAAQIjERBUR3KgVZMAAQIECBAgQIAAAQLLIiCoLsuRUk4CBAgQIECAAAECBAiMRGB0QfWQQw4p/vM//3Mkh1c1CRAgQIAAAQIECBAgsFwCz3ve84rdu3fPXej99ttvv3lXnnvF2OGPNxCvP/7xjxe///u/P2+5rUeAAAECBAgQIECAAAECmyjwd3/3d8Upp5wy9x6WMqjOXVsrEiBAgAABAgQIECBAgMDgBQTVwR8iBSRAgAABAgQIECBAgMC4BATVcR1vtSVAgAABAgQIECBAgMDgBQTVwR8iBSRAgAABAgQIECBAgMC4BATVcR1vtSVAgAABAgQIECBAgMDgBQTVwR8iBSRAgAABAgQIECBAgMC4BATVcR1vtSVAgAABAgQIECBAgMDgBQTVwR8iBSRAgAABAgQIECBAgMC4BPoMqv9fURQHj4tbbQkQIECAAAECBAgQIEBgisCu/fbb7/B5lfabd8VY78c//vEfFkXx0Y1sw7oECBAgQIAAAQIECBAgsHICp+63335/N2+tNhRU592p9QgQIECAAAECBAgQIECAQJOAoKptECBAgAABAgQIECBAgMCgBATVQR0OhSFAgAABAgQIECBAgAABQVUbIECAAAECBAgQIECAAIFBCQiqgzocCkOAAAECBAgQIECAAAECgqo2QIAAAQIECBAgQIAAAQKDEhBUB3U4FIYAAQIECBAgQIAAAQIEBFVtgAABAgQIECBAgAABAgQGJSCoDupwKAwBAgQIECBAgAABAgQICKraAAECBAgQIECAAAECBAgMSkBQHdThUBgCBAgQIECAAAECBAgQEFS1AQIECBAgQIAAAQIECBAYlICgOqjDoTAECBAgQIAAAQIECBAgIKhqAwQIECBAgAABAgQIECAwKAFBdVCHQ2EIECBAgAABAgQIECBA4P8HpboYgUBwbQYAAAAASUVORK5CYII=', '1604901143', '6', '44');
INSERT INTO `home_handover` VALUES ('9', 'data:image/png;base64,iVBORw0KGgoAAAANSUhEUgAABqQAAAJiCAYAAAChLqOCAAAgAElEQVR4XuzdB9gkVZko4EMYGIYchyRZ0oLIgCgSFpAsJkBZDGt6xF1XXVR2db1cUBd1g7vXi5uEa+Ciy8VFFEHSIFEUhywIgkhOQ85hYOA+p7D+rb+mu/+u/qu763S//Tz7rMxfXXXO+1V/1X2+OqcWC14ECBAgQIAAAQIECBAgQIAAAQIECBAgQIAAAQIE+iiwWB/3bdcECBAgQIAAAQIECBAgQIAAAQIECBAgQIAAAQIEgoKUk4AAAQIECBAgQIAAAQIECBAgQIAAAQIECBAgQKCvAgpSfeW1cwIECBAgQIAAAQIECBAgQIAAAQIECBAgQIAAAQUp5wABAgQIECBAgAABAgQIECBAgAABAgQIECBAgEBfBRSk+spr5wQIECBAgAABAgQIECBAgAABAgQIECBAgAABAgpSzgECBAgQIECAAAECBAgQIECAAAECBAgQIECAAIG+CihI9ZXXzgkQIECAAAECBAgQIECAAAECBAgQIECAAAECBBSknAMECBAgQIAAAQIECBAgQIAAAQIECBAgQIAAAQJ9FVCQ6iuvnRMgQIAAAQIECBAgQIAAAQIECBAgQIAAAQIECChIOQcIECBAgAABAgQIECBAgAABAgQIECBAgAABAgT6KqAg1VdeOydAgAABAgQIECBAgAABAgQIECBAgAABAgQIEFCQcg4QIECAAAECBAgQIECAAAECBAgQIECAAAECBAj0VUBBqq+8dk6AAAECBAgQIECAAAECBAgQIECAAAECBAgQIKAg5RwgQIAAAQIECBAgQIAAAQIECBAgQIAAAQIECBDoq8C0ClIvv/zyO0IIx4QQtuxrK+2cAAECBAgQIECAAAECBAgQIECAAAECBAgQIEBgWAI3hBD+ZrHFFvtJrw2YbkHqthDCBr0e3PsIECBAgAABAgQIECBAgAABAgQIECBAgAABAgSSELh1scUW27jXlk63IPVyrwf2PgIECBAgQIAAAQIECBAgQIAAAQIECBAgQIAAgXQEFltssZ7rSj2/MfK8/PLLClLpnCdaSoAAAQIECBAgQIAAAQIECBAgQIAAAQIECBDoWUBBqmc6byRAgAABAgQIECBAgAABAgQIECBAgAABAgQIEOhGQEGqGyXbECBAgAABAgQIECBAgAABAgQIECBAgAABAgQI9CygINUznTcSIECAAAECBAgQIECAAAECBAgQIECAAAECBAh0I6Ag1Y2SbQgQIECAAAECBAgQIECAAAECBAgQIECAAAECBHoWUJDqmc4bCRAgQIAAAQIECBAgQIAAAQIECBAgQIAAAQIEuhFQkOpGyTYECBAgQIAAAQIECBAgQIAAAQIECBAgQIAAAQI9CyhI9UznjQQIECBAgAABAgQIECBAgAABAgQIECBAgAABAt0IKEh1o2QbAgQIECBAgAABAgQIECBAgAABAgQIECBAgACBngUUpHqm80YCBAgQIECAAAECBAgQIECAAAECBAgQIECAAIFuBBSkulGyDQECBAgQIECAAAECBAgQIECAAAECBAgQIECAQM8CClI903kjAQIECBAgQIAAAQIECBAgQIAAAQIECBAgQIBANwIKUt0o2YYAAQIECBAgQIAAAQIECBAgQIAAAQIECBAgQKBnAQWpnum8kQABAgQIECBAgAABAgQIECBAgAABAgQIECBAoBsBBalulGxDgAABAgQIECBAgAABAgQIECBAgAABAgQIECDQs4CCVM903kiAAAECBAgQIECAAAECBAgQIECAAAECBAgQINCNgIJUN0q2IUCAAAECBAgQIECAAAECBAgQIECAAAECBAgQ6FlAQapnOm8kQIAAAQIECBAgQIAAAQIECBAgQIAAAQIECBDoRkBBqhsl2xAgQIAAAQIECBAgQIAAAQIECBAgQIAAAQIECPQsoCDVM503EiBAgAABAgQIECBAgAABAgQIECBAgAABAgQIdCOgINWNkm0IECBAgAABAgQIECBAgAABAgQIECBAgAABAgR6FlCQ6pnOGwkQIECAAAECBAgQIECAAAECBAgQIECAAAECBLoRGLuC1G233RZOPvnkcPjhh4cbbrghXHrppeETn/hE+MY3vhF22mmnsNFGG4Wvfe1r4YgjjggrrbTSJMPnnnsufP3rXw+HHHJIWHnllbN9XH/99S2d11prrXDssceGDTfcMPt73H98xWPlr8ceeywcffTR2X7y7Yp/O/HEE8NHPvKRMHPmzEWO8ZOf/CTccccdk/bXTcBtQ4AAAQIECBAgQIAAAQIECBAgQIAAAQIECBAYtMDYFaQi8FVXXZUVomIBKv7/+Ir/e86cOSEWrC644ILwoQ99aJFYlAtS3RSuYqGpU+EpFpbmzZsXjjzyyEUKT1P9TUFq0B8XxyNAgAABAgQIECBAgAABAgQIECBAgAABAgR6ERi7glQs8nzpS19qaXXccceFu+++e5G/77vvvmHbbbcNX/3qVyfeF/8tbtvNDKnibKZOx893ftRRR4W3vvWt2X/mM7disaz4MkOql9PdewgQIECAAAECBAgQIECAAAECBAgQIECAAIFhCIxdQSpHjrOkDjvssPD+979/Ytm78kym4vJ+cdm8XmZIxaX9Wi3LF/d1zDHHhAMPPDCbmVX1pSBVVcz2BAgQIECAAAECBAgQIECAAAECBAgQIECAwLAExrIgFWcdnXvuueE973lP9ryo/HlPv//970Ms9HzqU5/KnumUL+2XP/epU0GqXYEpHmv99dfPZjzF/z1//vxseb7jjz9+4t+L+43Hzfd19tlnZ+dFnLkVlxY84YQTOp4ncdZWq6X/hnVyOS4BAgQIECBAgAABAgQIECBAgAABAgQIECBAIAqMXUEqFoXiKxaZ8oLTAQccED75yU+GVVddNbz3ve8NzzzzzEQBKS8mxfcUC0Uf+9jHwsUXX9x2yb64/V577ZUda+7cudn/z2djtZrdFGdjff3rXw9f/OIXw0orrZRt32kWlRlSPsAECBAgQIAAAQIECBAgQIAAAQIECBAgQIBAKgJjV5DKA9OuoJMv0/eBD3wge2bU4Ycfns2WioWsOEMpn00Vl+KLs6uOOOKIrIDUqXgU9/nss8+GLbfcMiuCxaUC272Ks5wUpFL5GGknAQIECBAgQIAAAQIECBAgQIAAAQIECBAg0Elg7ApSeWGpjJIXguK/x2c7PfHEE2GFFVaYtARecWm9uN3JJ5+c7eaUU05ZxHirrbbKZjw9+uij2eyr++67L9vmqKOOymZfxcLUqaeeusjyfbF9O+20U/ZcKQUpH14CBAgQIECAAAECBAgQIECAAAECBAgQIEBgFATGriDVqshTfM5TDGosFh199NHh2GOPzWZH5a9iQSoWmuJzneKruKxf/O/HHntsYvZUXNYvFp5icSpfii8/Rnx/XDqwfPzi8WJx7MADD8wKVMWXJftG4eOnDwQIECBAgAABAgQIECBAgAABAgQIECBAYDwExq4gdf/992fL533rW98KZ599dhbl/NlOeTEpLtN3/fXXT/r3+LdiQeqMM87IClF33HFHx4JU+XlQcT9xmb+43F9eaCoWpPLnWsVCVbF4ttFGG4UTTzwxfOQjHwkzZ84MClLj8QHVSwIECBAgQIAAAQIECBAgQIAAAQIECBAgMAoCY1eQalV0is+GikvprbvuutnzneL/3nvvvbOl++LryCOPzIpAeUFq++23D6effnr44he/mBWJ4vvLr/KSffHvccZVfAZV3O/s2bOz2VHxVSxIFQtNeUEqL5wdd9xxEzOlFKRG4eOnDwQIECBAgAABAgQIECBAgAABAgQIECBAYDwExq4gFYs/55577iLL8cUCz/HHH9/y3+fNmxe23Xbb8NWvfjXEQtOuu+4aVltttexZUK2W28uX7IsFpx/84Afhfe97X7ZcX5z9FAtexcJSPM3yf89Pufzvt912W/b8qVj4smTfeHwg9ZIAAQIECBAgQIAAAQIECBAgQIAAAQIECIyiwNgVpEYxiPpEgAABAgQIECBAgAABAgQIECBAgAABAgQIEGiygIJUk6OjbQQIECBAgAABAgQIECBAgAABAgQIECBAgACBERBQkBqBIOoCAQIECBAgQIAAAQIECBAgQIAAAQIECBAgQKDJAgpSTY6OthEgQIAAAQIECBAgQIAAAQIECBAgQIAAAQIERkBAQWoEgqgLBAgQIECAAAECBAgQIECAAAECBAgQIECAAIEmCyhINTk62kaAAAECBAgQIECAAAECBAgQIECAAAECBAgQGAEBBakRCKIuECBAgAABAgQIECBAgAABAgQIECBAgAABAgSaLKAg1eToaBsBAgQIECBAgAABAgQIECBAgAABAgQIECBAYAQEFKRGIIi6QIAAAQIECBAgQIAAAQIECBAgQIAAAQIECBBosoCCVJOjo20ECBAgQIAAAQIECBAgQIAAAQIECBAgQIAAgREQUJAagSDqAgECBAgQIECAAAECBAgQIECAAAECBAgQIECgyQIKUk2OjrYRIECAAAECBAgQIECAAAECBAgQIECAAAECBEZAQEFqBIKoCwQIECBAgAABAgQIECBAgAABAgQIECBAgACBJgsoSDU5OtpGgAABAgQIECBAgAABAgQIECBAgAABAgQIEBgBgSQLUs8+++wI0OsCAQIECBAgQIAAAQIECBAgQIAAAQIECBAgQCAdgWWWWabnxiZZkOq5t95IgAABAgQIECBAgAABAgQIECBAgAABAgQIECAwcAEFqYGTOyABAgQIECBAgAABAgQIECBAgAABAgQIECBAYLwEFKTGK956S4AAAQIECBAgQIAAAQIECBAgQIAAAQIECBAYuICC1MDJHZAAAQIECBAgQIAAAQIECBAgQIAAAQIECBAgMF4CClLjFW+9JUCAAAECBAgQIECAAAECBAgQIECAAAECBAgMXEBBauDkDkiAAAECBAgQIECAAAECBAgQIECAAAECBAgQGC8BBanxirfeEiBAgAABAgQIECBAgAABAgQIECBAgAABAgQGLqAgNXByByRAgAABAgQIECBAgAABAgQIECBAgAABAgQIjJeAgtR4xVtvCRAgQIAAAQIECBAgQIAAAQIECBAgQIAAAQIDF1CQGji5AxIgQIAAAQIECBAgQIAAAQIECBAgQIAAAQIExktg7ApSL730UnjxxRfDyy+/PF6R1lsCBCYEFltssbDkkkuGxRdfvCsVeaMrJhsRGGkBeWOkw6tzBPoiIG/0hdVOCYy0gLwx0uHVOQJ9EaiaNxYuXBji/xkX7Us47JRAEgJV80bdnRq7gtSCBQsk3brPIvsjkKBATL5LLbVUVy2XN7pishGBkReokjeef/75kffQQQIEphaQN6Y2sgUBApMF4k1zM2bM6IrF75SumGxEYOQFquQNv1NG/nTQQQJdCVTJG13tsMJGY1eQkngrnB02JTDiAksvvXRXPZQ3umKyEYGxEJA3xiLMOkmgVgF5o1ZOOyMw8gIK2SMfYh0kULuAvFE7qR0SGHmBKnmjbgwFqbpF7Y8AgWQEDBAlEyoNJdAYAXmjMaHQEALJCMgbyYRKQwk0QqDKAJEb5xoRMo0gMHQBeWPoIdAAAskJVMkbdXdOQapuUfsjQCAZAQNEyYRKQwk0RkDeaEwoNIRAMgLyRjKh0lACjRCoMkCkINWIkGkEgaELyBtDD4EGEEhOoEreqLtzClJ1i9ofAQLJCBggSiZUGkqgMQLyRmNCoSEEkhGQN5IJlYYSaIRAlQEiBalGhEwjCAxdQN4Yegg0gEByAlXyRt2dU5CqW9T+CBBIRsAAUTKh0lACjRGQNxoTCg0hkIyAvJFMqDSUQCMEqgwQKUg1ImQaQWDoAvLG0EOgAQSSE6iSN+runIJU3aL2R4BAMgIGiJIJlYYSaIyAvNGYUGgIgWQE5I1kQqWhBBohUGWASEGqESHTCAJDF5A3hh4CDSCQnECVvFF35xSk6ha1PwIEkhEwQJRMqDSUQGME5I3GhEJDCCQjIG8kEyoNJdAIgSoDRApSjQiZRhAYuoC8MfQQaACB5ASq5I26O6cgVbeo/REgkIyAAaJkQqWhBBojIG80JhQaQiAZAXkjmVBpKIFGCFQZIFKQakTINILA0AXkjaGHQAMIJCdQJW/U3TkFqbpF7Y8AgWQEDBAlEyoNJdAYAXmjMaHQEALJCMgbyYRKQwk0QqDKAJGCVCNCphEEhi4gbww9BBpAIDmBKnmj7s4pSNUtan8ECCQjYIAomVBpKIHGCMgbjQmFhhBIRkDeSCZUGkqgEQJVBogUpBoRMo0gMHQBeWPoIdAAAskJVMkbdXdOQapuUfsjQCAZAQNEyYRKQwk0RkDeaEwoNIRAMgLyRjKh0lACjRCoMkCkINWIkGkEgaELyBtDD4EGEEhOoEreqLtzClJ1i9ofAQLJCBggSiZUGkqgMQLyRmNCoSEEkhGQN5IJlYYSaIRAlQEiBalGhEwjCAxdQN4Yegg0gEByAlXyRt2dU5CqW9T+CBBIRsAAUTKh0lACjRGQNxoTCg0hkIyAvJFMqDSUQCMEqgwQKUg1ImQaQWDoAvLG0EOgAQSSE6iSN+runIJU3aL2R4BAMgIGiJIJlYYSaIyAvNGYUGgIgWQE5I1kQqWhBBohUGWASEGqESHTCAJDF5A3hh4CDSCQnECVvFF35xSk6ha1PwIEkhEwQJRMqDSUQGME5I3GhEJDCCQjIG8kEyoNJdAIgSoDRApSjQiZRhAYuoC8MfQQaACB5ASq5I26O6cgVbeo/REgkIyAAaJkQqWhBBojIG80JhQaQiAZAXkjmVBpKIFGCFQZIFKQakTINILA0AXkjaGHQAMIJCdQJW/U3TkFqbpF7Y8AgWQEDBAlEyoNJdAYAXmjMaHQEALJCMgbyYRKQwk0QqDKAJGCVCNCphEEhi4gbww9BBpAIDmBKnmj7s4pSNUtan8ECCQjYIAomVBpKIHGCMgbjQmFhhBIRkDeSCZUGkqgEQJVBogUpBoRMo0gMHQBeWPoIdAAAskJVMkbdXdOQapuUfsjQCAZAQNEyYRKQwk0RkDeaEwoNIRAMgLyRjKh0lACjRCoMkCkINWIkGkEgaELyBtDD4EGEEhOoEreqLtzClJ1i9ofAQLJCBggSiZUGkqgMQLyRmNCoSEEkhGQN5IJlYYSaIRAlQEiBalGhEwjCAxdQN4Yegg0gEByAlXyRt2dU5CqW9T+CBBIRsAAUTKh0lACjRGQNxoTCg0hkIyAvJFMqDSUQCMEqgwQKUg1ImQaQWDoAvLG0EOgAQSSE6iSN+runIJU3aL2R4BAMgIGiJIJlYYSaIyAvNGYUGgIgWQE5I1kQqWhBBohUGWASEGqESHTCAJDF5A3hh4CDSCQnECVvFF35xSk6ha1PwIEkhEwQJRMqDSUQGME5I3GhEJDCCQjIG8kEyoNJdAIgSoDRApSjQiZRhAYuoC8MfQQaACB5ASq5I26O6cgVbeo/REgkIyAAaJkQqWhBBojIG80JhQaQiAZAXkjmVBpKIFGCFQZIFKQakTINILA0AXkjaGHQAMIJCdQJW/U3TkFqbpF7Y8AgWQEDBAlEyoNJdAYAXmjMaHQEALJCMgbyYRKQwk0QqDKAJGCVCNCphEEhi4gbww9BBpAIDmBKnmj7s4pSNUtan8ECCQjYIAomVBpKIHGCMgbjQmFhhBIRkDeSCZUGkqgEQJVBogUpBoRMo0gMHQBeWPoIdAAAskJVMkbdXdOQapuUfsjQCAZAQNEyYRKQwk0RkDeaEwoNIRAMgLyRjKh0lACjRCoMkCkINWIkGkEgaELyBtDD4EGEEhOoEreqLtzClJ1i9ofAQLJCBggSiZUGkqgMQLyRmNCoSEEkhGQN5IJlYYSaIRAlQEiBalGhEwjCAxdQN4Yegg0gEByAlXyRt2dU5DqQTR+6bvkkkvC61//+rD88stne3jyySfDhRdeGHbbbbeJf8t3Xd4+brfpppuGtddeu+3R582bF5544omw55579tBCbyFAoBuBQQ4QVc0bxfbHfLDyyiuHV7/61d10K1Tdvqud2ogAgUxgkHnjd7/7Xfjtb38b9t5770WOG793nHnmmWHOnDlZbojbPvroo2GHHXYIMd+ce+65Yfbs2dl/l7dtFcqYN+I+dt9995bfT/J9PPfccy3PhJkzZ4b9999/ke9AThsCBAabN4q/P4p5oFUcqnyu77333vDAAw+ELbbYYuJ30I033ph9P4mvO+64w+8WJzuBmgSqDBDVWZDKvz9svvnmXf/uOO+888IKK6yQfd8ov+SNmk4IuyHQhYC80QWSTQgQmCRQJW/UTacg1aNosQC11FJLLVKgKu62OBAd33fttdeGPfbYY8pBrTg4FF+tvtz12GxvI0CgIDDIgeV42Cp5oxioqQpM5b+3+m+5xKlPoB6BQeSN+BmOA73FVyz4bLbZZtl3iPgqF4DygtQ222yTFaMeeeSRlh1+4xvfuMggUzze/PnzQ/zbRRddFN7whjcsUpTqdONNp7/Vo24vBNIW6HfeyAeR233uy3qrrLJKVuhesGBB+NWvfhV22WWXRX6XtLqRJuaKZZddNtx3331hySWXDLNmzcp+p0z1PSXt6Gk9gcELVBkgqrMglf9emTt3bsvvAvG7xi9+8YuuQPLvG/JGV1w2IjBtAXlj2oR2QGDsBKrkjbpxFKQqinbzJSzeORh/nMU7gm6++eaw4447ThSs4o++e+65Z5GjrrPOOovcVRi/XJ5//vkhDi51mk1VsQs2J0DgDwL9HiDKobvNG1MNJJcDl+cNBSmnNIHBCQwib5QHgvMbVOJMhFazEOLdyfl3izhze5lllsnuVt5www2z7yFxVvbtt9+eDT7HvFGcbRnfG1/5jOz43SXOAo8D1MXvHlVmUgwuGo5EIA2BQeSNXKI8QzL+e150Ls+2jJ/rbgtSrQrlcd/xu8tNN90UirMn84JXt/1OI4paSWBwAlUGiHotSPVayI6f61YzqYoztXMpeWNw54wjEZA3nAMECFQVqJI3qu57qu0VpKYSKv09ftHqtCRFcVZTuSC12mqrZXc2F+9O7rR8Xz74s+qqq1oCo2KcbE6gG4FuB0p6/aGXt6FK3mjV7qnuPFaQ6ibatiFQj8Cg8kb8DhG/M8SbXGIxKS4J3CmXFGdIxYLStttumy339+yzz2YFqjXWWCNb0i9f/jPu/4ILLsiKU+WZ2PlAUxRrtVxgPZL2QmB8BAaRN7odXC4Wi3opNF9++eXhrrvuCjNmzMjyQ8xTcYZlPuOq3RLm4xNtPSUwfYEqA0TT/Z0SW9vut0ar5YCrzsSM+U/emP45YQ8EphKQN6YS8ncCBMoCVfJG3XoKUhVFqwwslwtSL7zwQnbHcvwBlz/jodMMqHisW265JWuhWVIVA2VzAl0IDGKAKDajSt7oZkCpfOdxu7sPiwT5zM0uWGxCgEAHgX7njU45IM5uKs+yzvPBnXfemRWcppppGW+KidvlS/TFGVKtngsVj7X++utng1TxuVJ33333IssIlpnkGR8dAq0F+p034lHbPbP26aefnriZrtOMqKlil+emjTbaKFuyL95oF/cdf9/EwvfOO++cLU3c7dLkUx3P3wmMs0CVAaI6ClL5uEW8+aX4anXzbH7DTLtHEBTfI2+M81ms74MWkDcGLe54BNIXqJI36u6tglRF0W6X3mq3ZF883HXXXZfNkppqmYz4DIj4QNH48qDgioGyOYEuBAYxQBSbUSVv5M1utexF/FscHH7iiSc6zpr0DKkugm8TAj0KDCpvxOaVvycUi9vlQaJ2OaPHbi7ytqlmavb7+HX1w34IDENgEHkjL0jF2ZHxGS/xN0S+PGcsPMeiUfz9cfXVV2dLcj788MPZLMkXX3xxgiT+Pb6Kz4iJz4qKRel8+c+4ckNxFub222+fFavjLMxYoIoFb8+/HcZZ5pijJFBlgKiOglSrRwW0KzzlM6yLuaNon+eMuOxv/l1F3hils1NfmiogbzQ1MtpFoLkCVfJG3b1QkKooWmWmQ6tnSMVnO+RfzDr9aIvHiUvtxOUv4suzpCoGyuYEuhAYxABRbEaVvJE3u9XDxGNOueyyy8Jee+0VYi6Jr3YPHc+X5YrbTOeO6C4YbUJgrAQGkTdazXqcOXNm2GyzzcJDDz2UFaQ7FaTazZrMZ1O1GohuF8T8PXHWQzGvlAtUClJj9THQ2YoCg8gb+feBOBgcB4rLsynjrMd8Cc+8IBWLTPmMiFi0irMi46t4I1x5tkOr3yT595z43riP4nPqKlLZnACBEEKVAaI6ClIRvViAis+cnDt3bnjDG96wyLOsq8yQyn+ryBtOawL9F5A3+m/sCARGTaBK3qi77wpS0xBtdSdRcXf5l7U4myG+9t9//2wQOf/3+KOw1Ze8fD33OXPmTPygm2pAexrd8FYCYyswiAGiMu5UeaNVDolLYsQB5HhHchxEincc5i8FqbE9fXV8SAKDyBt58XnHHXcM11xzTdbTuBxWnIUQX3H2wVQFqXy7nKlTYbr4/Mt2rOUCVD54nQ88K0gN6YR02CQEBpE3it8H7r///kkzlfLP75prrhl+9atfTcyQqlKQuuGGG9ouGRqDEFd2iC/PnUvilNTIhgtUGSCqqyAVSfJVHYqznMpUVWZIxe8K7ZYaljcafhJqXnIC8kZyIdNgAkMXqJI36m6sglQF0XwgOT4jIQ4Kxec0xOnn+dJ6cVAmfumKz4mKg0Xxx99tt92W3ckcl8d4/etfnxWk8oJTfG/8W/lV3Efxb+3+vUIXbEqAQEFgUANE8a7AbvNGux998YdhXtQubqMg5ZQmMFiBfueNYtE6fmeIg8dxCa74PSK+ttxyy6wo3aogFZfZijOpZs+enc1wKL/Kz5/LB5+KsyHKhaZ8H8WCVP49Jj57Ki7xFb//KEgN9jx0tLQE+kEpcosAACAASURBVJ03oka5IFVcdi/+PX5Wp1OQivvIZ2kvtdRSk37/5Dlh1qxZClJpnZpa21CBKgNE/ShI5Tmjm9mOnW5qKa7uIG809GTTrJERkDdGJpQ6QmBgAlXyRt2NUpCqIJoXhGIhqtW083wQJ39YeH6HYPEHYixkxUGbuBZ7XLIvf1h4HFzKH/q5zDLLtCxU5X+PA03WZq8QOJsSaCMwiAGiXvNGecA3DhjHOwzzwd+8S3leeOSRRzrGudVAtBODAIHqAoPIG3mrirOa4izJuGxe/hDxYkEq5pn58+dn3y3i94lWg0OtZki1WnZnqu8i+XKAeS7K736OhbBWRfPqwt5BYPQEBpE3Os2QykWLn/mqz5CKuaX43STuMy4DGJfoi8WvmBPKv4FGL5J6RGAwAlUGiOooSOXX8viZzm+Yzf8t3lSXjz20mvHUTiT/7RGX/zvzzDNDvIlF3hjM+eMo4ykgb4xn3PWawHQEquSN6Ryn1XsVpHoUbfV8hnYDvvkPxHzd9uKsqOLAT2xKPruqXbMUpXoMmLcRaCEwiAGi4mGnyhvF4lK7wd3iD8Hij8ZOAfYMKac/gfoEBpE3irkg/5yXZy6VZ0hNlWvi34vfU8oDy/n782V64vJcxRnf+XKBxYGp4jGnmv1dXwTsiUB6AoPKG3Fp33xFhqJSvgxX/Lf8M5w/67bbZ0jFnFAsfMd9xf1eddVVk4rRxefgdtvv9CKqxQT6K1BlgKjXglTxu0b5hrdW3ynajXV0miFVvmFG3ujveWPv4y0gb4x3/PWeQC8CVfJGL/vv9B4FqbpF7Y8AgWQEuh0o6fWHXjIQGkqAQNcC8kbXVDYkQOAPAvKGU4EAgSoCVQaI/E6pImtbAqMrIG+Mbmz1jEC/BKrkjbrboCBVt6j9ESCQjIABomRCpaEEGiMgbzQmFBpCIBkBeSOZUGkogUYIVBkgUpBqRMg0gsDQBeSNoYdAAwgkJ1Alb9TdOQWpukXtjwCBZAQMECUTKg0l0BgBeaMxodAQAskIyBvJhEpDCTRCoMoAkYJUI0KmEQSGLiBvDD0EGkAgOYEqeaPuzilI1S1qfwQIJCNggCiZUGkogcYIyBuNCYWGEEhGQN5IJlQaSqARAlUGiBSkGhEyjSAwdAF5Y+gh0AACyQlUyRt1d05Bqm5R+yNAIBkBA0TJhEpDCTRGQN5oTCg0hEAyAvJGMqHSUAKNEKgyQKQg1YiQaQSBoQvIG0MPgQYQSE6gSt6ou3MKUnWL2h8BAskIGCBKJlQaSqAxAvJGY0KhIQSSEZA3kgmVhhJohECVASIFqUaETCMIDF1A3hh6CDSAQHICVfJG3Z1TkKpb1P4IEEhGwABRMqHSUAKNEZA3GhMKDSGQjIC8kUyoNJRAIwSqDBApSDUiZBpBYOgC8sbQQ6ABBJITqJI36u6cglTdovZHgEAyAgaIkgmVhhJojIC80ZhQaAiBZATkjWRCpaEEGiFQZYBIQaoRIdMIAkMXkDeGHgINIJCcQJW8UXfnFKTqFrU/AgSSETBAlEyoNJRAYwTkjcaEQkMIJCMgbyQTKg0l0AiBKgNEClKNCJlGEBi6gLwx9BBoAIHkBKrkjbo7pyBVt6j9ESCQjIABomRCpaEEGiMgbzQmFBpCIBkBeSOZUGkogUYIVBkgUpBqRMg0gsDQBeSNoYdAAwgkJ1Alb9TdOQWpukXtjwCBZAQMECUTKg0l0BgBeaMxodAQAskIyBvJhEpDCTRCoMoAkYJUI0KmEQSGLiBvDD0EGkAgOYEqeaPuzilI1S1qfwQIJCNggCiZUGkogcYIyBuNCYWGEEhGQN5IJlQaSqARAlUGiBSkGhEyjSAwdAF5Y+gh0AACyQlUyRt1d05Bqm5R+yNAIBkBA0TJhEpDCTRGQN5oTCg0hEAyAvJGMqHSUAKNEKgyQKQg1YiQaQSBoQvIG0MPgQYQSE6gSt6ou3MKUnWL2h8BAskIGCBKJlQaSqAxAvJGY0KhIQSSEZA3kgmVhhJohECVASIFqUaETCMIDF1A3hh6CDSAQHICVfJG3Z1TkKpb1P4IEEhGwABRMqHSUAKNEZA3GhMKDSGQjIC8kUyoNJRAIwSqDBApSDUiZBpBYOgC8sbQQ6ABBJITqJI36u6cglTdovZHgEAyAgaIkgmVhhJojIC80ZhQaAiBZATkjWRCpaEEGiFQZYBIQaoRIdMIAkMXkDeGHgINIJCcQJW8UXfnFKTqFrU/AgSSETBAlEyoNJRAYwTkjcaEQkMIJCMgbyQTKg0l0AiBKgNEClKNCJlGEBi6gLwx9BBoAIHkBKrkjbo7pyBVt6j9ESCQjIABomRCpaEEGiMgbzQmFBpCIBkBeSOZUGkogUYIVBkgUpBqRMg0gsDQBeSNoYdAAwgkJ1Alb9TdOQWpukXtjwCBZAQMECUTKg0l0BgBeaMxodAQAskIyBvJhEpDCTRCoMoAkYJUI0KmEQSGLiBvDD0EGkAgOYEqeaPuzilI1S1qfwQIJCNggCiZUGkogcYIyBuNCYWGEEhGQN5IJlQaSqARAlUGiBSkGhEyjSAwdAF5Y+gh0AACyQlUyRt1d05Bqm5R+yNAIBkBA0TJhEpDCTRGQN5oTCg0hEAyAvJGMqHSUAKNEKgyQKQg1YiQaQSBoQvIG0MPgQYQSE6gSt6ou3MKUnWL2h8BAskIGCBKJlQaSqAxAvJGY0KhIQSSEZA3kgmVhhJohECVASIFqUaETCMIDF1A3hh6CDSAQHICVfJG3Z1TkKpb1P4IEEhGwABRMqHSUAKNEZA3GhMKDSGQjIC8kUyoNJRAIwSqDBApSDUiZBpBYOgC8sbQQ6ABBJITqJI36u6cgtQ0RZ9d+GI4/547w//93Q1hxaWWDsftslfLPd77zFPhj08/Odz19JNtj7jj7LXDaXu/PawwY6lJ2zzz4ovh//3+t+Gfr7si3Prk49nf1l12+fDnW2wTPrrFNmHWkksuss+FL78czrjz9+Efr708XP3wAyH+9+xllg3v3GjT8D+3fUPW1qleL4cQPn/5JeF/XXdltulRc3YMn3/t6ye97fIH7w8HnPOj8PiC56faXce/v2rZ5cNFbzkkrD1ruWntx5sJVBEY1gBRt3kj70ueA479zVXhd48/mn2eV1pq6bD/ehuFL8zZMay33ApVum1bAgSmITDovBGvr/96wzXhuzf/Jtz9h+8QU30HiN3r9X3ToPFWAgTaCAw6b+TNuPOpJ8JXrpkXzrrrtjD/2afDEostFrZffc3wHzvvFbZYaZVssydeWBDedu6Pwy/n39tV/Nr9XunqzTYiQKArgSoDRHUXpOSNrkJkIwKNExinvNFNnmoVoDiu8n9u+nX49k3XT4yrxDHIY7bfKRy6yRZhscZFVYMI9FegSt6ouyUKUj2IPrbg+fDj228J/3HjteG6Rx7MBofj650bbhpO3H3/lnvstSAVj3Xo+T8NF9x7Z8v97r72euGkPd6cDU7nrwUvLQwfv/T88L1bbggv/aFtxTdvvtIq4Ud7vS1suPyKHXt/4X13hYPm/iQ8/eIL2XYKUj2cLN7SaIFBDhD1kjciXixCv/v8n4ZrHn6gpWVeCH/b+ps02lrjCIyKwCDzxvWPPpR9B4iF6FavVt8B4na9vm9UYqQfBJomMMi8Efsef5l856brwxG/ujDEwZfya4PlVwwXvvldYc1Zy1YuSB3xmu3DMdvv3DRi7SEwUgJVBojqKkjJGyN1CunMGAqMQ96okqfKp0Cn30eLL7ZYOPlNB4S3rLfxGJ45ujzOAlXyRt1OClIVRct3ES69xBJZFf25hQu7KkjF95+xzzvC61Zfc8ojx2T7yV+cH47/7a/DqkvPDP/0ht3CgRu+Onvft266Pnxu3sXh+YULw6e23i585XW7TFTz/+U3V4e/nndxmLH44uHoOW8MH9l86zBryRnhzLtuDX92ydzw8PPPZYn2+3vsH5ZafImW7YiD5/FuyduffCLMXGKJcMdTT7QsSE3ZCRsQaLDAoAaIes0bT73wQnj73B+Hqx6aHz7+R9uGj26+TVh72eXCCy8tDOfdc2eWH+KMiVevuHKYu9/B2cCSFwEC/RUYVN54+LlnsxnIcZZz/Ix/4417hF3WXDcsfPml8J+3/DZ8dt7F2Syoj2z+mnDsG/eY+A7Q6/v6q2bvBMZbYFB5I1c++dabwmGXnJv9TnjTOuuFL2+/S9h6ldWy/BG/P8TVD07Ybd+uVya49pEHw/5n/TDb/Zn7HRS2WWX18Q6o3hPos0CVAaK6ClLyRp+DavcE+iwwDnmj1zx125OPZ7+rfv/EY9lqU1953c7hLetvHGYusWR241/8XfWBTf8ouMm3zyep3TdOoEreqLvxClIVRePA8gcvOjussvTM8MFNtwrbrz47fPiic8J/3XZz7QWp/MdfPOY3d94rvHuTLSZaG4tVX776snDM1ZeFdZZdLpy738Fh4xVWCvc/83TY66xTsqR65LZvCP9j2zdMmnb6n7fcGD7687lZIeon+7w97DR7nUUE8n1/5ZpfhU9vvV24dP692TIerWZIVeSzOYFGCQxqgKjXvBHf9+lfXhgO33pO2Grl1Raxi5/Lt889LTz5woLwvd33Dwdu8ErB2osAgf4JDCpvxGX6PnPZhWGtWcuGc/Y7OGy64sqTOpVfz+MsybP3O2giR/T6vv6J2TMBAoPKG1H65scfDfucdUq475mnw3s22SL8+857LnIDWlzdId4N3O3SNEde8fPwtV9fEXZb61Xh1L3e1nK5cFEmQKA+gSoDRHUUpOSN+mJnTwSGJTDqeaPXPBVXkHrP+WeG0+/8fTZmGicIlFeLimOgcXWpuLSxF4FxEqiSN+p2UZCqQfR9F5zZl4JULAh96apfhu1Wmx1+uu+Bk5bli82+5YnHwp5n/ld44NlnJgajT739d+G9F5yZDWDlRapiFx99/rmw39mnZst/tSswXfbAfeGguaeFTVZcOXxvt/3Dn150loJUDeeJXTRPYJADROXed5M3pvpiFGdHvOXcH4d5D9ynYNy800uLRlRgEHkjfvbfc/5PQ7ymf3izrcO/7vSmRTSLMy/jDOq/2PK12TJdvbxvREOlWwQaIzCIvBE7W1xdYdtV18gGXVaducy0HPKb3eJdxfFZue/dZMtp7c+bCRCYWqDKANF0C1LyxtTxsAWBFARGOW9MJ0+dffft4ZCfnR6WXGzx8MO93prdXONFgMArAlXyRt1mClI1iHYzsJw/Q6rbJfueXfhiOPi8n4Sf3XNn+Mut5oS/32HXRVqaL+f18/vvmdjmLy79WfjWTdeFN6+3Ufh/exyQLdtXfsUZXif9/rctt4nti8e98sH5WbKes9rsiQcdmyFVw8liF40SGNQAUatOd5M3psIqDkh/afudwl+/5nVTvcXfCRCYpsAg8kbxs93p2pvnkUM33jx854/3nfQsmCrvmyaJtxMgMIXAIPJGbEJxpYS/22HXcPhWc6Ydm/hM2sMumZvdVWx54Glz2gGBrgSqDBBNtyAlb3QVEhsRaLzAKOeNXvNULGR97NLzsudqmuXd+FNYA4cgUCVv1N08BakaRLsZWK5akHrwuWfCnj89Jdz0+CPh/+62X3jXRpu1bGleXHrnhpuG43bde6KI9fnXvj6bMdHq9Q+/vjwcdcWlYcfZa4fT9n57WGHGUhOb/f2188IXr/pldkd2fCZFXAosPkuqvGRfPnurBr5Ju4hLD3X7jK26j21/4ycwqAGiVrLd5I2pIhKfH7XHT/8r3PfMU+GUPd8a9ll3g6ne4u8ECExTYBB5o3hTSrsZUsXZUPEZMTEHxFd+M0uV9y2zxJLTVPF2AgQ6CQwib8Tjn3P37VkOKC/l2Wt0nnnxxXDg3NPChffdFY54zfbhmO137nVX3keAQAWBKgNE0y1IyRsVAmNTAg0WGOW80WueKo6r5itKNDiEmkZg4AJV8kbdjVOQqkG0m4HlvCB119NPThwxrk+63nIrZM99+ettXpf9eMxf+fb3PPNUOPlNB4S3rLdxy5bmhaFYXIrPkInL9cXiUafZEj+6/ZZw6PlnhFctu3y46C2HTDzQ+NePPBjefPaPwqozZ4Zz9jsozF5m2bZ3WytI1XDi2MXQBQY1QNSqo93kjamA/uU3V4e/nndxiMvytFrWc6r3+zsBAtUFBpU38me2bLD8iuHMfQ8MGy2/4qTGFtdRL95g0uv7qkt4BwEC3QoMKm/kz5B7bfxesM87wnn33hn+9qpfhluffDx7XtSrV1w5fHabHbIb3bp5TsKl8+8Jbz3nx2HmEkuEM/c7KGyzyurddtl2BAhMQ6DKANF0C1LyxjQC5a0EGiQwynmj1zx1/aMPhX3P+mF4+sUXwo/3eltYY5llwxG/ujDEVaaeX7gwG/N850abhv+57Rsmjcc2KKyaQqCvAlXyRt0NUZCqQbSbgeVWBanioVefOSv8vze9Oew0e53sn/PE+cJLL3WcMVQsSH1r133CO849LZtVddIeB4R3bLBJy961KkjFOyDjuqoX3393tuxPLJLFV7fLBuUHyvv51IsLwk/3OSjMWW2NiTZc/uD94YBzfhS2XHnVRWZm1RAGuyBQWWBQA0StGtZN3ujUofxZb/Ez+s2d9wrv3mSLyv33BgIEqgsMKm/kN4nEO/u2Wnm18M1d9gpxkDm+5t5zR/jULy8IcZZk/J5QLEj1+r7qEt5BgEC3AoPKG/HZs/G3wevXWCvsuMba4djfXJU9pLv8es8mW4R/33nPsNTiS7TtQnGZm7dvsEk4cbf9Wy4F3q2B7QgQ6F6gygDRdAtS8kb3cbElgSYLjHLe6DVP/eqB+8JbzvlR9pycuIrUP1w7Lzz8/HOLhDEuSxxXatqwdANgk+OtbQTqEKiSN+o4XnEfClI1iHYzsLzw5ZfDUy8smKi6xx959z79VPjuzdeHY39zdXh8wfPZXYtn7nNgeNVyy4e8eBOb12kJu2JB6j923isccPapIc7CqlqQ+u7Nv8nWVo1L/x2/694TP1B7LUjFdhdnX8X/VpCq4WSzi1oFBjVA1KrR3eSNdp297cnHs+JufMB4N4NKtaLZGYExFxhk3vjBrTeFP/v53BBvGim/4s0dr1t9zXDCzb8J+ZJ9+dJ7vb5vzEOr+wT6JjCovJF/t1h32eXDiy+/FA7farvw4c22CsvPWCp7vtTRV/0inPi7G7J+/sMOu4aP/9G2bfscv2PsfdYp4YFnn8meSxufT+tFgMBgBKoMEE23ICVvDCamjkKg3wKjnDd6zVP5zfhxNar4f9uttkaIz9hcf7kVQlwi/aRbfhv+5vJLsvHYvdZZP5z8preEWUtayrzf56r9N0egSt6ou9UKUjWITmdgOR4+LrH39rmnZUkwX9f0liceC3ue+V/Zv8WppX+81qtatjQvSO285jrhO7vuG975s9PDNQ8/kM2YeP+mf9TyPXlSjssAXfjmd2WzoPY565Rs23P2OzhsuuLKE+9TkKrhBLGLxgoMaoCoFUCveeOR558L7zzv9BCX0Ymf+/jcmJUKy302FlvDCIyIwKDzxnWPPJT9UPrF/HuywlT8vL9zo83CMdvvFD5/+c/Dt266LruZ5MTd958k3Ov7RiRMukGgUQKDyhv5d4sZiy/ecvb0gpcWhvecf2Y4/c7ft3yWbBHt69dfFT437+Kw3WqzLQvcqLNJY8ZBoMoAUV0FKXljHM4sfRxlgVHOG71+v8nHPmPcD9los0k33+fnQn5zfrx5x/PsR/kTom+tBKrkjboFFaRqEO11YDk/dFxu50/OPyP89M5bJwaVikv8dZrt9MGLzg4n/f632fv+dec9w9vO/XFW4Dpqzo7ZlNRWr3/49eXhqCsuzX6InrLnW8Knf3lh+K/bbm55p2TVglS+1OByM5bKil1rzlp2oglmSNVwstlFrQKDGiCqqyB13zNPZ7kiTj1XjKr1VLAzAl0LDDNvFBsZ7+o7+LyfhJ/dc2fH50aWO9br+7oGsiEBAosIDCpv5EvabLbiKuG8Nx8c4pLg5VecQfmnF561yLNki9s9tuD58OazTw1XPjQ/u5P48K3miCoBAgMUqDJANN2ClLwxwMA6FIE+Coxy3ug1T+VL9sXfP/FG3n3W3WCRCNz11JNht5+eHO55+qmOK031MXR2TWBoAlXyRt2NVJCqQXS6BanYhPI+ioWgWFiKBaZuBpXy/cRnQH1/jzdnDzAuv/7i0p9ld1QfuvHm4U823jwb0IpFsW5fxWdVlN9zzt23Z/uLa9f/eK+3h+VmzJjYREGqW2HbDUpgUANErfpTNW/EL0r5DMjd114vnLTHm82MGtSJ4jgECgLDzBvFQBSX02r3A6tV4Hp9n5OAAIHeBQaVN/KHfu+wxlrh9L3f3vIB3a2eJVvuWbxJLt4As8Yys8K5+x0c4rMVvAgQGJxAlQGi6Rak5I3BxdWRCPRTYJTzRq95Kr9hfsHCheH0fd6RjVOWX91OBuhn7OybwLAEquSNutuoIFWDaNWB5fIhi3crf3izrcO/7vSmbJO8cLTbWq8Kp+71tkXWMm21rF+eqOPzqObud/CkGUpxn48+/1zY7+xTJ5b1W2GppcOh559RSaFTQerIK34evvbrK0KxH/nOpypIHXXlpeH6Rx4Kf/Wa12Wzt7wI9FtgUANErfpRJW/c/Pij4R1zT8ueGXXQhq8O8XlxcUq5FwECgxcYZt4o9rbX5bR6fd/gpR2RwOgIDCpvXHTfXdky4PE5Ceft/86wSYtCUj5Dqt0sqniT2vsuPDP8+PZbwgc32yr82057trzBbXSioycEmidQZYBougUpeaN58dciAr0IjHLe6DVPlcc/Wz3WJJ8hFZ+ZWeUmv15i5D0EmiZQJW/U3XYFqRpEuxlYjkWn/GHj5UOefOtN4bBLzg0vvfzypIcG53cnLrX4EuGHe701xMJU/no5hPDlqy8Lx1x92aS13a995MGw/1k/DI8ueD77AfmB0nOk/vOWG8NHfz636zseqyzZFx+WvNdZp2SD5t/bff8QZ2kVX1MVpHLH/DlaNYTGLgh0FBjUAFGrRnSTN+L74l09B593erjzqSfCR7fYJvz9DruEmBO8CBAYjsCg8ka8zsfvBUsstuhc58seuC8cNPe07Fr/DzvsGj7+R9tO+n7Qy/uGo+moBMZDYFB5o7jU3qe23i585XW7TComxefQHfKz08Pce+4Ib99gk3DibvuH+NyY4iv/LfHcwoXhJ/u8Pew0e53xCJJeEmiQQJUBoukWpOSNBgVeUwhMQ2CU88Z08lR+0/y2q66RPSNq1ZnLTFL+l99cHf563sVhrVnLmhU+jfPPW9MUqJI36u6hglQNot0MLH/gorPDiy+9FD7zmu3DH628ajagHAs4/3bjNSEmwPgDcde11s0q8iv8YeZD8UfjussuH/5lpzeFvdZZP8QHEn/7puvD5y+/JGv9d/5434niTxzA+uQvzg/H//bX2d2Rf7/DruHdm2yebXfWXbeFj/38vGwA6+g5O4bPbrPDlL3vtiAVjxvb87+uuzJsvtIq4Zz9Dgqzl/nv50fFA3UqSOWzxC64965w8psOCG9Zb+Mp22YDAtMVGNQAUat2dpM34rMbDvnZGeG+Z54K/2PbN2Sf2VaD09N18H4CBLoXGFTeiNff9194Vth33Q3CIRtvni3RGX+MxedGfuHKX4THFzy/yPeG2Ite39e9gC0JEKgqMKi8Edt16u2/C/EZs/F3x6e33j777RHzR7xh7FOXXRjOvfv2sOrSM8Np+7wjbL/a7EW6kg/cbLfa7PDTfQ+0PHDVYNueQA0CVQaIpluQkjdqCJhdEGiAwKjnjV6/38QZUPufc2r43eOPZs/hjjfuxxWlnnphQfjf118V/vHXl2ePMOl2jLQBodYEArUJVMkbtR30DztSkKooWizQTPXWd264aThx9/2zzeIPwziI1O4VE2O8SzFW5Yuv2558PBxwzo+yH5HlVxyYjs+W+uttdph092McsIrPcfr5/fcs8p7FF1ssvHeTLcO/7LRHV7MsuilILXz55fD3187LZmwtufji4bhd9g6HbLTZIsfuVJDKp9LG/sa7Fl63+ppT8fo7gWkLDGqAqJe8UeU9EeKkPQ4I79hgk2mb2AEBAp0FBpU3nnrhhfD2uT9ueS2PLdz/VRuG/7PrPmGVpWdOanCv7xN3AgT6JzCovBF7EG8S++o1v8pWUYizJcuvWUsumS39+64W39Xz1Q7ioM3f7bBrOHyrOf1DsWcCBNoKVBkgqqMgJW84GQmkLzDqeWM6eSpfXeLh55+b9hhp+meKHhD4b4EqeaNuNwWpiqJVBomLBak42+mbN14b/v3Ga8PdTz+Z/UCMPwi3WmX18JmttwsHrLdx25kP8S7ov736snDSLTeGmECXXmKJsM0qq4cvbrdT2G3tV7Vc1z0/3jd+c3WID+mLxat4F0CcYRF/gHY7y2KqglRs28cv/Vn44e2/yyQ/vfV2WZGs1ZJieUEq9vuMfQ7MZorFVyxoRZvPzrs4rLPs8uHCN79rkWdfVQyTzQl0JTCoAaJe8kaV98TOKkh1FXIbEZi2wKDyRmzofc88Hf7HFT8PP779d9lM6m6/N/T6vmnj2AEBAi0FBpk3YgPioM2F994Vjr7y0hCX4Ht+4cJsptP+620UvjBnx7Deciu0bOf3brkhHHbJXMvWOI8JDFmgygBRHQUpeWPIAXd4AjUIjEPe6PX7TeSNj0D4wlW/DGfeeWu26kQ346o1hMUuCDRaoEreqLsjClJ1i47J/mIRKT6PKhaRHnn+uazA9VeveV34/Lavbzvz6uHnns2eMXXDow+3VfrI5q8Jx75xDw9PHpPzaNjdHPQA0bD76/gECExfQN6YvqE9EBg3AXlj3CKuvwSmJ1BlgKiugtT0WuzdBAgMW0DeGHYEHJ9AegJV8kbdvVOQqlt0TPb3lMv7MgAAIABJREFUz9ddGeIa83Gm1+ozZ4Xjd9077LPuBlMWks6/987w6csuDDc//uikZUTiXd9xKcEvv27nsPwfnqE1JpS6OUQBA0RDxHdoAokKyBuJBk6zCQxRQN4YIr5DE0hQoMoAkYJUggHWZAJ9EJA3+oBqlwRGXKBK3qibQkGqbtEx2d+ClxaGz1x2UZix+OLZw/9WXGrpMem5bo6SgAGiUYqmvhAYjIC8MRhnRyEwSgLyxihFU18I9F+gygCRglT/4+EIBFIQkDdSiJI2EmiWQJW8UXfLFaTqFrU/AgSSETBAlEyoNJRAYwTkjcaEQkMIJCMgbyQTKg0l0AiBKgNEClKNCJlGEBi6gLwx9BBoAIHkBKrkjbo7pyBVt6j9ESCQjIABomRCpaEEGiMgbzQmFBpCIBkBeSOZUGkogUYIVBkgUpBqRMg0gsDQBeSNoYdAAwgkJ1Alb9TdOQWpukXtjwCBZAQMECUTKg0l0BgBeaMxodAQAskIyBvJhEpDCTRCoMoAkYJUI0KmEQSGLiBvDD0EGkAgOYEqeaPuzilI1S1qfwQIJCNggCiZUGkogcYIyBuNCYWGEEhGQN5IJlQaSqARAlUGiBSkGhEyjSAwdAF5Y+gh0AACyQlUyRt1d05Bqm5R+yNAIBkBA0TJhEpDCTRGQN5oTCg0hEAyAvJGMqHSUAKNEKgyQKQg1YiQaQSBoQvIG0MPgQYQSE6gSt6ou3MKUnWL2h8BAskIGCBKJlQaSqAxAvJGY0KhIQSSEZA3kgmVhhJohECVASIFqUaETCMIDF1A3hh6CDSAQHICVfJG3Z1TkKpb1P4IEEhGwABRMqHSUAKNEZA3GhMKDSGQjIC8kUyoNJRAIwSqDBApSDUiZBpBYOgC8sbQQ6ABBJITqJI36u6cglTdovZHgEAyAgaIkgmVhhJojIC80ZhQaAiBZATkjWRCpaEEGiFQZYBIQaoRIdMIAkMXkDeGHgINIJCcQJW8UXfnFKTqFrU/AgSSETBAlEyoNJRAYwTkjcaEQkMIJCMgbyQTKg0l0AiBKgNEClKNCJlGEBi6gLwx9BBoAIHkBKrkjbo7pyBVt6j9ESCQjIABomRCpaEEGiMgbzQmFBpCIBkBeSOZUGkogUYIVBkgUpBqRMg0gsDQBeSNoYdAAwgkJ1Alb9TdOQWpukXtjwCBZAQMECUTKg0l0BgBeaMxodAQAskIyBvJhEpDCTRCoMoAkYJUI0KmEQSGLiBvDD0EGkAgOYEqeaPuzilI1S1qfwQIJCNggCiZUGkogcYIyBuNCYWGEEhGQN5IJlQaSqARAlUGiBSkGhEyjSAwdAF5Y+gh0AACyQlUyRt1d05Bqm5R+yNAIBkBA0TJhEpDCTRGQN5oTCg0hEAyAvJGMqHSUAKNEKgyQKQg1YiQaQSBoQvIG0MPgQYQSE6gSt6ou3MKUnWL2h8BAskIGCBKJlQaSqAxAvJGY0KhIQSSEZA3kgmVhhJohECVASIFqUaETCMIDF1A3hh6CDSAQHICVfJG3Z1TkKpb1P4IEEhGwABRMqHSUAKNEZA3GhMKDSGQjIC8kUyoNJRAIwSqDBApSDUiZBpBYOgC8sbQQ6ABBJITqJI36u6cglTdovZHgEAyAgaIkgmVhhJojIC80ZhQaAiBZATkjWRCpaEEGiFQZYBIQaoRIdMIAkMXkDeGHgINIJCcQJW8UXfnFKTqFrU/AgSSETBAlEyoNJRAYwTkjcaEQkMIJCMgbyQTKg0l0AiBKgNEClKNCJlGEBi6gLwx9BBoAIHkBKrkjbo7pyBVt6j9ESCQjIABomRCpaEEGiMgbzQmFBpCIBkBeSOZUGkogUYIVBkgUpBqRMg0gsDQBeSNoYdAAwgkJ1Alb9TdOQWpukXtjwCBZAQMECUTKg0l0BgBeaMxodAQAskIyBvJhEpDCTRCoMoAkYJUI0KmEQSGLiBvDD0EGkAgOYEqeaPuzilI1S1qfwQIJCNggCiZUGkogcYIyBuNCYWGEEhGQN5IJlQaSqARAlUGiBSkGhEyjSAwdAF5Y+gh0AACyQlUyRt1d05Bqm5R+yNAIBkBA0TJhEpDCTRGQN5oTCg0hEAyAvJGMqHSUAKNEKgyQKQg1YiQaQSBoQvIG0MPgQYQSE6gSt6ou3MKUnWL2h8BAskIGCBKJlQaSqAxAvJGY0KhIQSSEZA3kgmVhhJohECVASIFqUaETCMIDF1A3hh6CDSAQHICVfJG3Z1TkKpb1P4IEEhGwABRMqHSUAKNEZA3GhMKDSGQjIC8kUyoNJRAIwSqDBApSDUiZBpBYOgC8sbQQ6ABBJITqJI36u6cglTdovZHgEAyAgaIkgmVhhJojIC80ZhQaAiBZATkjWRCpaEEGiFQZYBIQaoRIdMIAkMXkDeGHgINIJCcQJW8UXfnxq4gtWDBgvDyyy/X7Wh/BAgkJlAl8cobiQVXcwn0SUDe6BOs3RIYYQF5Y4SDq2sE+iRQJW8oSPUpCHZLIDGBxRdfPMyYMaOrVssbXTHZiMDIC1TJG3VjjF1B6qWXXgovvPBC3Y72R4BAYgLxy1pMvt285I1ulGxDYPQFquSNhQsXhhdffHH0UfSQAIGOAvKGE4QAgaoC8kZVMdsTICBvOAcIEKgqUCVvVN33VNuPXUFqKhB/J0CAAAECBAgQIECAAAECBAgQIECAAAECBAgQqFdAQapeT3sjQIAAAQIECBAgQIAAAQIECBAgQIAAAQIECBAoCShIOSUIECBAgAABAgQIECBAgAABAgQIECBAgAABAgT6KqAg1VdeOydAgAABAgQIECBAgAABAgQIECBAgAABAgQIEFCQcg4QIECAAAECBAgQIECAAAECBAgQIECAAAECBAj0VUBBqq+8dk6AAAECBAgQIECAAAECBAgQIECAAAECBAgQIKAg5RwgQIAAAQIECBAgQIAAAQIECBAgQIAAAQIECBDoq4CCVF957ZwAAQIECBAgQIAAAQIECBAgQIAAAQIECBAgQEBByjlAgAABAgQIECBAgAABAgQIECBAgAABAgQIECDQVwEFqb7y2jkBAgQIECBAgAABAgQIECBAgAABAgQIECBAgECSBalHH31U5AgQIECAAAECBAgQIECAAAECBAgQIECAAAECBAYosPLKK/d8tCQLUj331hsJECBAgAABAgQIECBAgAABAgQIECBAgAABAgQGLqAgNXByByRAgAABAgQIECBAgAABAgQIECBAgAABAgQIjJeAgtR4xVtvCRAgQIAAAQIECBAgQIAAAQIECBAgQIAAAQIDF1CQGji5AxIgQIAAAQIECBAgQIAAAQIECBAgQIAAAQIExktAQWq84q23BAgQIECAAAECBAgQIECAAAECBAgQIECAAIGBCyhIDZzcAQkQIECAAAECBAgQIECAAAECBAgQIECAAAEC4yWgIDVe8dZbAgQIECBAgAABAgQIECBAgAABAgQIECBAgMDABRSkBk7ugAQIECBAgAABAgQIECBAgAABAgQIECBAgACB8RJQkBqveOstAQIECBAgQIAAAQIECBAgQIAAAQIECBAgQGDgAgpSAyd3QAIECBAgQIAAAQIECBAgQIAAAQIECBAgQIDAeAkoSI1XvPWWAAECBAgQIECAAAECBAgQIECAAAECBAgQIDBwAQWpgZM7IAECBAgQIECAAAECBAgQIECAAAECBAgQIEBgvAQUpMYr3npLgAABAgQIECBAgAABAgQIECBAgAABAgQIEBi4gILUwMkdkAABAgQIECBAgAABAgQIECBAgAABAgQIECAwXgIKUuMVb70lQIAAAQIECBAgQIAAAQIECBAgQIAAAQIECAxcQEFq4OQOSIAAAQIECBAgQIAAAQIECBAgQIAAAQIECBAYLwEFqfGKt94SIECAAAECBAgQIECAAAECBAgQIECAAAECBAYuoCA1cHIHJECAAAECBAgQIECAAAECBAgQIECAAAECBAiMl4CC1HjFW28JECBAgAABAgQIECBAgAABAgQIECBAgAABAgMXUJAaOLkDEiBAgAABAgQIECBAgAABAgQIECBAgAABAgTGS0BBarzirbcECBAg0EZg++23n/jLFVdcwYkAAQIECNQq4DpTK6edESBAgAABAgQIECCQoICCVIJB02QCBAgQqF/AQGH9pvZIgAABAv8t4DrjbCBAgAABAgQIECBAYNwFFKTG/QzQfwIECBDIBAwUOhEIECBAoJ8CrjP91LVvAgQIECBAgAABAgRSEFCQSiFK2kiAAAECfRcwUNh3YgcgQIDAWAu4zox1+HWeAAECBAgQIECAAIEQgoKU04AAAQIECJgh5RwgQIAAgT4LKEj1GdjuCRAgQIAAAQIECBBovICCVONDpIEECBAgMAgBA4WDUHYMAgQIjK+A68z4xl7PCRAgQIAAAQIECBB4RUBByplAgAABAgTMkHIOECBAgECfBRSk+gxs9wQIECBAgAABAgQINF5AQarxIdJAAgQIEBiEgIHCQSg7BgECBMZXwHVmfGOv5wQIECBAgAABAgQIvCKgIOVMIECAAAECZkg5BwgQIECgzwIKUn0GtnsCBAgQIECAAAECBBovoCDV+BBpIAECBAgMQsBA4SCUHYMAAQLjK+A6M76x13MCBAgQIECAAAECBF4RUJByJhAgQIAAATOknAMECBAg0GcBBak+A9s9AQIECBAgQIAAAQKNF1CQanyINJAAAQIEBiFgoHAQyo5BgACB8RVwnRnf2Os5AQIECBAgQIAAAQKvCChIORMIECBAgIAZUs4BAgQIEOizgIJUn4HtngABAgQIECBAgACBxguMXUHq/EvmhX/59snh1tvvbnxwRqmBG22wbvjkRw4Nu71x+1Hqlr4QIDBCAnUNFLrOpHFSuC6lESetJDBKAnVdZ0bJRF8IECBAgAABAgQIEBgvgbErSO1/6MfDvfc/OF5Rbkhv1117djjj+8c2pDWaQYAAgckCdQ0Uus6kc2a5LqUTKy0lMAoCdV1nRsFCHwgQIECAAAECBAgQGE+BsStIvXb3Q8Yz0jX3+ui/+mhYe801wkc/87eV9nzNBSdX2t7GBAgQGJRAXQOFrjODitjk47guDcfdUQkQ6F6grutM90e0JQECBAgQIECAAAECBJoloCD1h3ic+p1/CnH5nvz12ONPZv9zpRWXXyRiDzz0SDjyK/8a5l19/cTfdth2q3DM5/8iXDrvmvDFf/zmpPfkf1tjtVUm/v1HZ54frrz2xvBn7z84LLfsrEnH+dVV108UetoNsH3zn/5ntq9OBaFuton732bLTcOBH/xMtr/43zvt8NpF+pf/7R3779HxDI79Kve/+AYFqWYlAK0hQOC/BeoaKKxSkGqXp3u5blx7/U3hg4e+LcyYsWTWqaefeTZ89X9/O3zo0LeFa2+4OcvNra5VB+y9azjiY38afnDaueHfvvODtqdEvD7svduO2T7POPfirk+deMzPffKD4dsnnTbxvnjMuIzrsceftMi+XJe6prUhAQKJCdR1nUms25pLgAABAgQIECBAgACBCQEFqRYnQyxO5YN3eSGmm9lAnYo5cT8f++C7wv577hy+9LXjwoff+47w3HPPh1etPTv83bHfCdu/dsuJv8VCV9zXVMWfvOnFAlaxO90UpE467u/C8svOCnHZonavvAC33547TSpelbcvu7Xan4KU7EOAQFMF6hoorKMglRtVuW7EbXfZcU449LDPZYWnvAiUF6TiTRB/85cfCude+MtJNw6Ub8goxueFF14M3znptIlCVV68uuDSy7Pi1LKzlmkZzvicxvxGh7hBsQD1wIOPLFKgKu7EdampnxDtIkBgugJ1XWem2w7vJ0CAAAECBAgQIECAwLAEFKT+IJ8PssU7y6//7e+zmUexoPP6OVstEps4CyjOKirOqOoUwHxgrsrAYr6/bmdItWtrq3blBaxie4qzvdr1pZsimRlSw/ooOy4BAtMVqGugsF1Barp5eqobGfKC1BNPPh0efeyJsOlG62WzkmJB6q5754ctNt1wkRlJsRi13HKzMrrybKX4t/gqFpZy404znIpx6Oa6UbypwnVpumex9xMg0GSBuq4zTe6jthEgQIAAAQIECBAgQKCTgIJUQae8bFGrGUbx3+69/4GOy9K1A++1INVuplS7mVHx+PFYcemmBS+80HJ5pXzZptvuvDd863s/ypYbLC4pmPchX/IpLs9UXkap3E8zpCQbAgRSFqhroLDbGVJT5ek8l3c7s7ZTQao46zePUfEaF69/+eypBx96NLt+nDH34olrXfGaEW/YqFKQKi4LWz4/im1wXUr506PtBAh0I1DXdaabY9mGAAECBAgQIECAAAECTRRQkAph4pkaxYJMLMTcec/9Id5pfvo5F2V3mMel9eId6sWCVKvnccQBttVXWWnSXeXFJZHiEkjzH3w4/P72u9su2ZefLN3OkCqeXPlSTc+/8EL2z88/vyB84BNHTTr/8jv1OxW1yidsN3e6myHVxI+5NhEg0I1AXQOF3RSkusnTVa8brQpS8Tqwxas3XKT75SX18uJY/vyp+IZW+TyfNRVnXrV7BlTxYFPdyFAsSLkudXOW2oYAgZQF6rrOpGyg7QQIECBAgAABAgQIjLeAglQh/vkA4dyLLwt77fqG8OTTz4Tnnl/QtiCVD+DFXRSfsZEXbsrP3ijOkIrP9ohLKMVnSC211IxJz3CKRaJY0Op2ScD8GU/5snv5TKX43Kv4igW08jOwvvuNL4XHn3gqzJy5tBlS450D9J4AgT8I1DVQ2E1Bqps8HZtV5bpx7fU3Zc+QarVk38233jmxhF+c8ZrfTJHfiFG+jsRjFwtinZ4JFffX7tXNjQz5jRGuSz6KBAiMukBd15lRd9I/AgQIECBAgAABAgRGV0BBqkVBKi8UPfjIY9lfW82Qiv8eH+j+1f/97bDeOmuGfEmlNVZfJRzxsT8NPzjt3Oy973rb3uFr//Z/QxywKw4sfurP3xvig9033mDd8KWvHRe2f+2WE/soPs+pvIxgPkBZ3G/x9IwDiLHd+TOw4t/i/y7+e759u9lX0xlYNENqdJOFnhEYdYG6BgqnKkhVydNVrhv5DKl4bbn7vvlhx+1eM/EMqbhkX7wxodOSs1WuCf1Ysi+eX1XakG/fblnb/Hx1XRr1T67+EUhHoK7rTDo91lICBAgQIECAAAECBAhMFlCQKnjkM6TiUkSxgJQvJRQH8PJnYLR7hlS+TF/cXV4QKp9s5Ye1FwfeWj3IPb+zPB9MKy5tVP5b+fke8djlZ2CVH1BfPH7xTvhiu4vPkKrjw3PNBSfXsRv7IECAQO0CdQ0UtitI9ZKnq143IkrM58stNysc+ZV/DfEGh3w21pXX3jhpmb3yLKlWoOWZvvkSfN0u2VfcZzzeUUccFs487+fh377zg5bxc12q/bS2QwIEGiRQ13WmQV3SFAIECBAgQIAAAQIECFQSUJAqcJULUvFPxQG7TndZ5w+EjwWcfBCwHInywGI+SPjFf/zmpNlT+QDiq9ZZM3uofJyJteysZSbtLg4S/uLya8MbX7dNuOue+7O/xTvg46vV3eL5oOKeu74+2+bAD35m0p3oJx33d+GSX141aZCweAd8fE98Xkg0iMsZ5oORK6+4wsRyha2KamUDBalKn08bEyAwQIG6BgrbFaTynF8lT1e5bsT95rOkfvu728JOO7w2ux7FJWLj9SFea2LBJ//34mzcVsWiVtfEdsWtVmHK93nRL68Mf7zjdlkh6oprbgjHfP4vwqXzrsnaU569WyxIuS4N8OR3KAIEBiJQ13VmII11EAIECBAgQIAAAQIECPRBQEGqgFoefMufEXXVdb+dWPaueNd5Pvj3wUPflu0lPkcqvuJ/xyJRLPrEV6u70K/9zc1h1ZVXzJbri4OC3RRzyjOepjofptq+yp3oHzr0bdmAZrzDPv7vvzv2O1m781d+rPgMk3z5wuLf8+0UpKaKmr8TIDAsgboGCqdasq/Yv3Z5upfrRrmolM/ojTN84zMR1193rWwJ2bfs88dhw/XWnrh5Ir/WxRsgYpEof5WX5Wt1k8Kxx5+UzShu9cqLTd/63o9azowqPkcrb89+e+408czDqWbuui4N65PiuAQI9CpQ13Wm1+N7HwECBAgQIECAAAECBIYtoCD1hwjkA1/5g93jHeWz11g1e0ZUcbAtX64ovm2jDdYNrR4EH/9WfJB7/sD2PNjFQcM777k//M1ffmjSDKi4zzPOvSQc8va9F5kZVT5hOi2pV6UgNdWd6LlBuyWeul3aT0Fq2B95xydAoJ1AXQOFdRSkym3s5rqxcOHCcNmV100qKuU5O+6vPHs3v04Vr2N5cWrGjCWzJhSvX8VrSj4ruDx7N293+doY3/v6OVtN6lar62eVGVKuSz7LBAikJlDXdSa1fmsvAQIECBAgQIAAAQIEcgEFKefCQAUUpAbK7WAECFQQqGugsEpBqkLzbNonAdelPsHaLQECiwjUdZ1BS4AAAQIECBAgQIAAgVQFFKRSjVyi7Tbwl2jgNJvAGAjUNVCoIJXWyeK6lFa8tJZAygJ1XWdSNtB2AgQIECBAgAABAgTGW2DsClL7vOtjYf6DD4931IfU+3XXnh3O+P6xQzq6wxIgQKCzQF0Dha4z6ZxprkvpxEpLCYyCQF3XmVGw0AcCBAgQIECAAAECBMZTYOwKUmee9/Pw+S9/YzyjPeRe/8PRh4e9d9txyK1weAIECLQWqGug0HUmnTPMdSmdWGkpgVEQqOs6MwoW+kCAAAECBAgQIECAwHgKjF1BajzDrNcECBAgMJWAgcKphPydAAECBKYj4DozHT3vJUCAAAECBAgQIEBgFAQUpEYhivpAgAABAtMWMFA4bUI7IECAAIEOAq4zTg8CBAgQIECAAAECBMZdQEFq3M8A/SdAgACBTMBAoROBAAECBPop4DrTT137JkCAAAECBAgQIEAgBQEFqRSipI0ECBAg0HcBA4V9J3YAAgQIjLWA68xYh1/nCRAgQIAAAQIECBAIIShIOQ0IECBAgIAZUs4BAgQIEOizgIJUn4HtngABAgQIECBAgACBxgsoSDU+RBpIgAABAoMQMFA4CGXHIECAwPgKuM6Mb+z1nAABAgQIECBAgACBVwQUpJwJBAgQIEDADCnnAAECBAj0WUBBqs/Adk+AAAECBAgQIECAQOMFFKQaHyINJECAAIFBCBgoHISyYxAgQGB8BVxnxjf2ek6AAAECBAgQIECAwCsCClLOBAIECBAgYIaUc4AAAQIE+iygINVnYLsnQIAAAQIECBAgQKDxAgpSjQ+RBhIgQIDAIAQMFA5C2TEIECAwvgKuM+Mbez0nQIAAAQIECBAgQOAVgSQLUs8++6z4ESBAgACBWgV22WWXif1dcsklte7bzggQIECAQPE6c8UVVwAhQIAAAQIECBAgQIDA2AkkWZAauyjpMAECBAj0XcCd630ndgACBAiMtYDrzFiHX+cJECBAgAABAgQIEEh1hpTIESBAgACBugUMFNYtan8ECBAgUBRwnXE+ECBAgAABAgQIECAw7gJmSI37GaD/BAgQIJAJGCh0IhAgQIBAPwVcZ/qpa98ECBAgQIAAAQIECKQgoCCVQpS0kQABAgT6LmCgsO/EDkCAAIGxFnCdGevw6zwBAgQIECBAgAABApbscw4QIECAAIFXBAwUOhMIECBAoJ8CrjP91LVvAgQIECBAgAABAgRSEDBDKoUoaSMBAgQI9F3AQGHfiR2AAAECYy3gOjPW4dd5AgQIECBAgAABAgTMkHIOECBAgACBVwQMFDoTCBAgQKCfAq4z/dS1bwIECBAgQIAAAQIEUhAwQyqFKGkjAQIECPRdwEBh34kdgAABAmMt4Doz1uHXeQIECBAgQIAAAQIEzJByDhAgQIAAgVcEDBQ6EwgQIECgnwKuM/3UtW8CBAgQIECAAAECBFIQMEMqhShpIwECBAj0XcBAYd+JHYAAAQJjLeA6M9bh13kCBAgQIECAAAECBMyQcg4QIECAAIFXBAwUOhMIECBAoJ8CrjP91LVvAgQIECBAgAABAgRSEDBDKoUoaSMBAgQI9F3AQGHfiR2AAAECYy3gOjPW4dd5AgQIECBAgAABAgTMkHIOECBAgACBVwQMFDoTCBAgQKCfAq4z/dS1bwIECBAgQIAAAQIEUhAwQyqFKGkjAQIECPRdwEBh34kdgAABAmMt4Doz1uHXeQIECBAgQIAAAQIEzJByDhAgQIAAgVcEDBQ6EwgQIECgnwKuM/3UtW8CBAgQIECAAAECBFIQMEMqhShpIwECBAj0XcBAYd+JHYBA4wR+8pOfhHXXXTfMmTMna9tjjz0WTjzxxPCRj3wkzJw5s3Ht1aC0BVxn0o6f1hMgQIAAAQIECBAgMH2BsSpIPffcc+GYY44JZ5999oTccccdFzbaaKPwH//xH+G+++4Ll1566cTfjjrqqPDWt751EeXy4EWVMMQ2fP3rXw+HHHJI2HDDDbO3xv3FVzxW/N9f+tKXWu4ytjUfMKlyTNumL3DVVVeFww47rKuOOE+6YrIRgUUE6hoorGNAO14L7rjjjvCJT3wiuUh94xvfCCeccELHdre7vibXWQ2elkA8z48//vhw7LHHTnwnKu4wfpYOP/zwcP3117c8zlZbbZV9p1pppZUW+Xv8vhX3/b73va/l3+Mb8m222GKL8LnPfa5tX97//vfX/ln0OZnWqZPsm+u6ziQLoOEECBAgQIAAAQIECIy9wFgVpPJo33bbbeHkk0/OBjnOPffcMGvWrHDjjTdmd8PGolT+t3hnbCwE3H333ROFqakGOMqFg/IgRquCVGxXsSjV6qyMAxc77bRTTwWp2N9PfvKTWd/iq1iwKP6tOLBTLt4V+1EcIFprrbXaDiTl/Wg14JTvP25z5JFHdrwLuThoUxzELFpZxXlvAAAgAElEQVR3GpRq18d8MKpYpOxUhMwLheWYtmtfOY7ttuvUvlbnQm63ww47tCyYdnpPXoztNp7FNu+7776TYtVtv2N78liVi2VTDUbmfenGbqpzsV0b8mNM9fdOcSoWkjsNXLbbrupnauyvXH0CqHOgMJ5Pp556ajjiiCPC1772tUk3QhSbn3+u4rWo3c0I+fad8lw3JO3O8eK53e3n3DnbjbhtOgnEfDhv3rzw8Y9/PHz1q1/NvpPlN+rk74vnWfz8xM9RuejU6W/F7x+dCrvx3L/gggvChz70oYmm1lFQLrY/L6hNdY1ytoyHQJ3XmfEQ00sCBAgQIECAAAECBEZNQEFqioJUDHgcDF9//fWzwf9OM1XiYHt85QWsfEAy/neru3vjwN973/ve8Itf/CIbDGk1OyovkPRakCoPrMTBly984QvZ/6288srZAFAsVsWZV/ngUCwQ/ed//mfYfffds8GhYgFk7733zmaZ5cWQ2Md4Z3OrO5TzAcu4FM6TTz45MdiUG8aB+/nz53csSBXbFNuRtze2Pe9HbGO72QR5G1r1McYq9uXAAw/sWOgr9jEWKYv9b9e+8ky2dtvF2XntYtBuqaDi+Rj70M2MvW9/+9uV43nxxRdPWsYoHje+4oyNbvudnzsx/vEVYx5t2p0brRJst3b5561c4GzXhuKxYnuOPvrorF1/+Zd/ucj50Ok8uuGGGyY+A+Xzo3iMdudRlc/UqF2AmtafugcKW302O92UUFw2rGzTzeB7O89On4HiNSLPiXl+b/fZ23LLLbu+DjQtxtrTDIHi9SS2qPjdpFiUqjJDqtMM83Kv8xsH8puB8jxcnEGfv6dcpO1WsHzzSKfvS93u03bpC9R9nUlfRA8IECBAgAABAgQIEBg3AQWpLgpS+ayod77zneG73/3upOX24glTnDV16623TipIxSUAi0sulQcji3fnlgcvi7Ozei1IlU/o4vEfffTR7A7+fAA/H5RvdZdyPmiz9dZbZ8WnL37xi9ndyvmAS6eiTrv9tisg5G1ute+88BQLhMW7ntsN1paPUWxL7H85Pq0SQLkAVJ75UOx7q8JYp37EWW/dxqCTddXzo5d4xn5HrziTsFzIm2p5sXZt73TO5Z+tdscq27Ub6O90PuV/i36xUHbWWWe1LFB2Oo/OOOOMiYJ13F+787rdeRSL0v/+7/9e6TM1bheqQfV3EAOFnQpS/Z4h1U2+zj/LnT7nBxxwQOXrwKBi6DjNFshn48Xzq7wkcpWZ01P1svw5i9eaeMNA8UaPvNgVr+GxIFVeTjkeozijvurzpOJ7q35fmqpf/p6+wCCuM+kr6QEBAgQIECBAgAABAqMsMHYFqeLSX3H5lDioHX8ctluyrxj8fEA+FpjKy/7F7VrNoIp34cZj5LOm+lGQKt9p3OmELRZu4gyYvN3tBv+LA/axH/FVLuKUB9rLx++1INWqyJQP9m+77bbh3nvvnSj2tTtGeSnE4oBs7Mfqq68evv/972fLGebLYRVnubQapMoHmT796U9nz6coLiWUty8O2MbnksXBqPgqLzlU7MeMGTMmLQnZbtZWN8+b6Pb5UXkBq0o8c8tdd921bX/aLb/Ya0Gq0zkQjWMxKD/mVIPt7f7ertBWnhHW6rMS23DhhRdOKlLn58eHP/zh8E//9E/ZTL6Ya8qDnfl2Bx10ULj22msnFa6n+kyN8kVpmH2rY6CwuNxpq5kVVWZIVTkPurkOVPmMxNmb7fJWPO8vv/zyRc7ZtddeO1x99dVtlycsx9ZzpIZ5tg/+2MUl+uLzmlrNHM+/M8UZq3H29XXXXTflUpbl86jV94FWM7Bie84777yw5557ZgWp8jNGc6FOM6Q6fe6K3xmL36V8TgZ/7jXpiHVcZ5rUH20hQIAAAQIECBAgQIBAVYGxK0hFoGIxKRYU4sOsY0Hq6aefDqeccsqEYXGQo7jkWdyg3SyI4qym4mBE/v7ywHR5hlT5DvluluzrZiCyOBiSLz9YHuzsNGCfz+KJzzkpP49hqkHTXgtS5buLi+5xQPTLX/7yxPOronU+gFVc7qddH/NiRtxnXtDIHfOZAXHZqlh8ifstzhorFhy+9a1vTcxsKbcvL0jFmVjFu6SL26266qph44037qogVf5wtyq2TfUA9/K52208i7Ho1J+6C1KdzoE4s+iv/uqvMv84uym/8z7/77JXq/O7eG7Gz2axGFj8XLU7j+Ig5g9/+MO250dekIpLTLY7j3bcccfw4IMPKkhVvXr1Yfs6BwrbzazoVJCKufWEE07o2LN2zyjr5jrQKccfdthh2XHzonanz175hoD4vlbXgeKs31bP6ulDCO1yxASmWpK2+J2rWAxux1B8jlMsRj300EPZc0R7nSHV6XPXauawz8mInaA9dKfO60wPh/cWAgQIECBAgAABAgQIDF1g7AtS8VlJ6623XrjiiiuyQeU4U+bkk0/O/ne+PEurgbT8Tt84C6JYAGlXkMr38e53v3vSTIlBLtlXHjjpNHsofwZS+ZkH7e74jUWuuJxffFZTNCwO+lQpSBVnAf3Jn/xJ9kyfVjOQYuEjFlPyAt7BBx+cfZgOOeSQSfFo18e8IFVcbq/VAGyrweNuZkgVCzNTzfTqdobUVAWpbrJJlXjmyymV7yzv1J84e/Czn/3sxJ3v+eB2lRlSVc6B+PymfCA93sW+3HLLZQOL5Wd4RZtWbSgODnaaPdLpPGo3Qypf1jI/thlS3Zyhw92mzoHCqgWp4rKb/SreTDVDKi8sxf//vve9r/IMqfxmhzyKg+jTcM8YR68ikN80EL8jTPXKZyXF63zx2WqdljYu7rP4+Yvn/YknnpgtNxtfxRs3+vkMqU7fl4rLFfqcTHU2jNbf67zOjJaM3hAgQIAAAQIECBAgMC4CY1+QikWnYhGp1SBieXZUvs0HPvCBcNFFF2VFkPzVriCV/70fS/Z1c7K2uou3fPduuXDU6gHc5Zlh3QxwVilIFfvS6n3tnlXUbvC3Ux/jcm9xGcK8eNGuIFVeQi83iMWXr3zlK5Nmx7RqX6d+tHoWVnkmTTTp5s7vuF2npYV6iWerZY6qxKV43rdainCqZ0hVOVa754i1a0P+/JBWy0aVl4Bqdx79+Z//efje97436blTrWZPtvqcFJd3rLL0YDefd9v0JlDnQGExJ5122mlhn332mXjuXqtn1RSvM/HcyAutxZ50uyRnu953k6+LBfd//ud/bpnfWj2/rfz57nSt6y063jVqAuVCf6v+lQtQ5eclFr9zFd9fLAbFXJ8XpMrPgSoWpOp+hlQ335d8TkbtrJ66P3VeZ6Y+mi0IECBAgAABAgQIECDQPAEFqZkzs6WG8sJEubBRHuwoD5CXB1TKA4nl5ZWmKkjVvWRfPgAZl58rP0C8VV/y5fjyGWDlJdjKA5rtli6cqrAU/97Ne4uFgHbFi06DrJ36WC7QtFqyL38uWL5kYWx3ceC1Xfvisnbx+RdxgGullVYK7bYrL+XWruDWbqAu/ns5ru22nTdv3sTyhPk2neIZZx8V+1DcbzdxKW5fZYZUuf3dHmuqpSOnGowv/71YxJ3qPGp1fsTYxudHxf+LsyiL53vxPNpyyy0nnVPdfC6adykZjRbVOVCYX0uizLLLLjuxJGOrWZfFYmr+DLvi7M24j6mWLut1yb7yNa787LT8mtBpectW52x5dkh51ler2SOjcRbpRTcC5fiXC035PornffEmgrw426ogVc7l5YJU8XyNM7Diqx/PkOrm+5LPSTdny2htU+d1ZrRk9IYAAQIECBAgQIAAgXERGKuCVKtZJnE5uNtvv31iib5iQSqeBMWlXeLAQbvnFMVt44yZOmdIFU/C8iyt4t+meqh2+U774nJ6xQJaPrsmOsUlC8szR/JZI8Vld7baaquJokv5Q9NqBko89p/92Z9ljsVXu5k95Zjlg1DlfXeaOdCqj/ld0nGwKy8C5m2I7YpFp2IRr7iMXHH2TLv2lYtd7baLx+rUvk6JqJu7y+P7280E6hTPfFD87LPPntSEvMDaqT/FN7Sb2RVnXsRzuniOFc/LTvsoLwOYt7E8qynfR7s2lM+ZTgWpqeLU6vxoNbus3XnU7WdqXC5Mw+pnnQOFeUzjMmHFonGrglRxUDqeI/Pnz1+keNxuwD636nQdmOozUDwvi7m40+e80zkbc1Ms0uYF+djGckGq2/w1rHPBcfsn0GpGc36uzZ49e9Lz9PJW5NfqPG/n52z5O0h+vYsF3fxz16ogdemll2bHme4MqakKwT4n/TuPUt1zndeZVA20mwABAgQIECBAgACB8RYYq4JUOdTFgcE4m6FchCkOzE016DDVzJZWhY846N/pWSHFQkWnws94n8Lj0fvigPFUPS7Pyptqe38nQOAVgToHClvNPDrhhBOy45QL8PkNB3HpxviKA+Xx1Wuxeljx7FRUKBfG2xWgh9V2xx2MQLsbJPLzIX4G8meRFb83tbvhIN/fdtttl3XgyiuvXOQmmVYF2bywFY/x0EMPhYsvvniRm3CKIp2Ww60q53NSVWy0tq/zOjNaMnpDgAABAgQIECBAgMC4CIx1QWpcgqyfBAgQIDC1gIHCqY1sQYAAAQK9C7jO9G7nnQQIECBAgAABAgQIjIaAgtRoxFEvCBAgQGCaAgYKpwno7QQIECDQUcB1xglCgAABAgQIECBAgMC4CyhIjfsZoP8ECBAgkAkYKHQiECBAgEA/BVxn+qlr3wQIECBAgAABAgQIpCCgIJVClLSRAAECBPouYKCw78QOQIAAgbEWcJ0Z6/DrPAECBAgQIECAAAECIQQFKacBAQIECBAwQ8o5QIAAAQJ9FlCQ6jOw3RMgQIAAAQIECBAg0HgBBanGh0gDCRAgQGAQAgYKB6HsGAQIEBhfAdeZ8Y29nhMgQIAAAQIECBAg8IqAgpQzgQABAgQImCHlHCBAgACBPgsoSPUZ2O4JECBAgAABAgQIEGi8gIJU40OkgQQIECAwCAEDhYNQdgwCBAiMr4DrzPjGXs8JECBAgAABAgQIEHhFQEHKmUCAAAECBMyQcg4QIECAQJ8FFKT6DGz3BAgQIECAAAECBAg0XkBBqvEh0kACBAgQGISAgcJBKDvG/2/v7mPsqO77AR/+QSbqiw1VqSkNMVal8hIpwRFt5TRNWohcFVAEBVolDhWJTarWGKWWSCrEm6gAFVGwWzWYEtU4QVAnKOFFWBSCQnGpKNCoASdqiw39ESykgK2SBJd/+Ok77tnOju/dvXd9Z+7szHMly/bemXPmPGd2Z+/5zDlDgACB/gq4zvS377WcAAECBAgQIECAAIFDAgIpZwIBAgQIEDBDyjlAgAABAjULCKRqBlY8AQIECBAgQIAAAQKtFxBItb6LHCABAgQINCFgoLAJZXUQIECgvwKuM/3tey0nQIAAAQIECBAgQOCQgEDKmUCAAAECBMyQcg4QIECAQM0CAqmagRVPgAABAgQIECBAgEDrBQRSre8iB0iAAAECTQgYKGxCWR0ECBDor4DrTH/7XssJECBAgAABAgQIEDgkIJByJhAgQIAAATOknAMECBAgULOAQKpmYMUTIECAAAECBAgQINB6AYFU67vIARIgQIBAEwIGCptQVgcBAgT6K+A609++13ICBAgQIECAAAECBA4JCKScCQQIECBAwAwp5wABAgQI1CwgkKoZWPEECBAgQIAAAQIECLReQCDV+i5ygAQIECDQhICBwiaU1UGAAIH+CrjO9LfvtZwAAQIECBAgQIAAgUMCAilnAgECBAgQMEPKOUCAAAECNQsIpGoGVjwBAgQIECBAgAABAq0XEEi1voscIAECBAg0IWCgsAlldRAgQKC/Aq4z/e17LSdAgAABAgQIECBA4JCAQMqZQIAAAQIEzJByDhAgQIBAzQICqZqBFU+AAAECBAgQIECAQOsFBFKt7yIHSIAAAQJNCBgobEJZHQQIEOivgOtMf/teywkQIECAAAECBAgQOCQgkHImECBAgAABM6ScAwQIECBQs4BAqmZgxRMgQIAAAQIECBAg0HqBXgVSBw8eTDfccEPauXPnTMds3bo1nXzyyelLX/pS2rdvX9q1a9fMe1dffXU677zzDuvEBx54IJ144onpjDPOGNjBBw4cSFdccUV64YUXBr6/fPnytHnz5rRixYrWnyAOkAABAn0RqGOgMK4Xr7zyStqwYcO8jHv37k333Xdfcf1YsmRJqv5/3gJavkG05/LLLy+utcNep59+errtttvS0qVLW94ah1enQP49Ks6XYb9rzXc+rVmzJl111VXF91J8Hz7zzDPF/x999NGZ3+Ginu3bt6d169YV2335y19OH/vYx2b9fhbb3HLLLWnTpk1Fk8vb12kwbtlbtmxJ27Ztm3O3Yb/XjluX7RcuUMd1ZuFHY08CBAgQIECAAAECBAg0L9CrQCrzlgf5YmDiPe95T/re975XDEjEQFl5QPD5559Pr7766kwwFaHWnXfemdauXTt0wKw6wFHu1tg/BtsuvvjiBQdS1UGYCNXygE35vfLAXjWMu+SSS2YGSMsB2ihhWQzshEE5VMvlR1vzANCw07k8aFIeHAnr9evXF7sZlGz+h4EaCfRdoK6BwviZGa9BNziUzQdtV70GHUkf5Z+x5WtGlFe+bpQH8ee6bpSvpxEaxPUz2jdsULxa55G0w77dEpjvJp5qa/PvL3HePvHEE+nSSy89DGTQ72Gxffz+dd1116X777+/CJ6WLVs2EzDt3r27uCkpwuP4Xrz++uvnhS7/LjXvxkM2qH5fDgra4vsnfhcddExCpoXKT2e/uq4z02mNWgkQIECAAAECBAgQIDC+gEBqnkAqSGOA7aSTTioG28qhSZU7D7jNN7gySugzrCurgywxcHHttdcWf2JgJe6sz3cUl+8Ivueee2bu+s2DjGeeeWb6+Mc/Xswai3/n9kXQNOgO9dyumB321ltvFXXFLK9sEgMzr7/++pyBVPmY4jjy8cax53ZEmePMKhj/tLcHAQIEDheoa6BwlBsR8s0O5557bvGzcNgM24UMgOef+fFzO15RRr6JoXxNiffK14PybJHydSMHa7ldcUPHBRdcMDBwi+tDDP7Pd6OC85FACAyaGRW/g8WrOstw3ECqLJzP+wsvvDDt2LEj5b/zTKlB28Z7cc7nGVJxA9OwQGzU3ozjuOaaa4p2b9y4sfi+LAdnc80UHHW7UY/Fds0I1HWdaebo1UKAAAECBAgQIECAAIEjFxBIjRBI5YHCGLD4u7/7u8NmN1VnTdU9Q6rc7eWBzv37988a+MsDHTk4Ku+X78R///vfP3PHcAx85EHH888/f84lCWMApVrufAOPg8rOwVMEfuVlrcpL5Fi66ci/0ZVAgMD8AnUNFOZB9lWrVg1dum/Yz8/5loidv1X/t8UoP9/nuhmgOoMr/z9+duebNqrHU76hY5xjtW2/BOa7kSdrlAPZUZfsi30jaB30e82w39cWcjwL6bH4/ogQ6pFHHpk5vlGDJjfuLER8+vvUdZ2ZfsscAQECBAgQIECAAAECBEYT6F0gVV5OKGYqrV69OsWHw2FL9pUZY8AwL+dSXfYvtptvOabRuuTQjKx4jfLMkXJw8+STTxb7le9eHzYIE3VE2+OV25SPb74BxGFB13yB1KCQKe/zwQ9+ML322muzlhEcFHqNamg7AgQIjCtQ10Bh/JyL5WHjNWi51rmWPB01kBrlujFfIDXf+/m6kWdx5OVtYwnXQYFUeWB9z549M0uyztcvlmydT6h771dn6uWlkcu/18w1I2oUkfy7TczyzssDV/fLM9jj63n2U/nYyjOk4plTw16DZhRWt82/U8bMq/LvatWgbdCSfOXfw+KYq89HncvDEn+jnC31bVPXdaa+I1YyAQIECBAgQIAAAQIEJivQu0Aq+MphUgx6nHLKKUUg9eMf/zh97WtfmxEuf2ivPuh6UPhSfd7GfF01bNBtlIHFXHY5PKoGScMGF8vHHoOk5ZlJUW5dgdSgu37zsZxzzjnpz//8z2eeSxVfj0Cq/Jyq+Ty9T4AAgSMRqGOgsPxzOI6tegNAfC1Cpx/+8IfFNai6ZFgTgVR5Kdphz3oqXzfimMsD6MOuGcNmcFRnpVSvr0fSh/ZdnALlJfRuvPHGmRnY+fvn+OOPT/F7Qg6Jqssn5yDpu9/97qznLA36Pat8c1FVK5+L8fVY/jiW5ZvrNWwJ5vkCqUGB0rAZXOWlmPOxzHUDUPlnxpGGeIvzbGr3UddxnWl3ix0dAQIECBAgQIAAAQIEZgv0PpCKZyu9973vTc8++2wxABKDD/mu73z366AP9PlZSJ/5zGeK5yhVX5N8EP2wk7YaXFWXUxoUSMVxlZ8RNWhgJg8uxnJ+eUCmPOgyzgyp8oy03//93y+ek7Bp06aUl+GrhmP5gd2/93u/VzR70GwC38QECBCoQ6COgcJqkBPP56v+XHvsscdSDJzHs2wikIobJbZt2zawicMCo1E85psBFWUMuiGiet2oBk2DAqm5lowt3xQS11mB1Ci91+1tciAVrazeHJRns8d7P//zP58uvfTS4tmVr776ajEjvLx0cQRS8cpfzzOt4neO8szw+WZI5d/rouxvfOMb6ROf+ESKc3VSYWr5e2a+78vq99t821dnMh7pc666feY137o6rjPNt0KNBAgQIECAAAECBAgQWLhA7wOpGGAoD2xUB8qCtjpYlrf5wz/8w/Ttb3+7GFwsv0aZKXUkg4rDBg2rgxbVAcHqoGKUU73Ldr6BjthnnECq7DJov2F30A/qh4Wf5vYkQIDA/AKTHijMz6GJYD+Wucs/cwfNkhr2LJtRZ0jN37o00jMCqzNZq9eNua5v5ef7zDWDo3ojhEBqlN7r9jbl8z9mbseyevl7pjxrqTxDapxAKn7Xy2FwPG9z0Pdg9fe9+Z5RFdsvZHnJuZ5PNWg5vervSXM9Y6oczkWoZoZU+75vJn2daV8LHREBAgQIECBAgAABAgTmFhBILVkyc9ds9bkY1bBqUBhTnZU0yglXvnt10PZzLdk31zIw1cCnPIiRZ3RdddVVxV2++VUNoOZ7DtQgg1zWKPuWj2lYsDVKKDaKs20IECAwjsCkBwqHLWU3bEbR9u3bG1+yrzqbt3z9GXbdqJqOulxs7FcdMK+GAIPeH6cPbbs4BaqBVJ4tHa0Z9FyncWdIRQiVZ7/v3r17zmdIxfLBt956a3r33XeLJZ1j9nz83jTOzKP5luwr91L1d56YMbly5cpi9v2gUHuuZZWrYW81kJprucLFeeYsvqOe9HVm8Qk4YgIECBAgQIAAAQIE+i7Qq0Bq0J3dsXzcyy+/PDPgUJ6ZEydHebmXYc81GueZT3MtY5RPxrnKqz43oTxYE4MX5ffXrFmTIoCKdseAygsvvDDrfM934pbvAp7rbt9Bd/XGQNHnPve54nlP5Veuu/rQ72of5Jli1bKPdAZZ37+xtZ8AgfEFJjVQWH7uzYYNGw47kEGD1Uc6Q2qUGxl27tw561jyz9ny0qqjXjfKBVUHyAfNxo3t88/5eFZOLKmWX+UZUrHNLbfcMmtp1/F70h6LTWCuGVK5LeUwZdxnSO3Zs2dmVtQoz5DKYVCExGvXri3Oyfj+yb8jRcA111J4RxJIDfs9KRzi97Vrr722+FNdLjoC5Pvvv7+YCZaXRa4GUgu5iWqxnUttP95JXWfa3k7HR4AAAQIECBAgQIAAgWECvQqkqgjlO7GXLVt2WGhTDlXmC52GLT03KEAatCSLU5QAAQIEpiswqYHCuWYw5BZWB6zzgHzM1N24ceNQiIUsETZd1UO1D7uhI96L62d5Rkx56b82HLtjqF9gWCBbPT9yiDruDKkIlk466aQiCK0GUuXf0/L3VwRY5edMDQtqh918U7/Y/9UwVwBevdmn/DzQJo9RXf8nMKnrDFMCBAgQIECAAAECBAgsVoFeB1KLtdMcNwECBAhMXsBA4eRNlUiAAAECAinnAAECBAgQIECAAAECBLKAQMq5QIAAAQIEUkoCKacBAQIECNQp4DpTp66yCRAgQIAAAQIECBBYDAICqcXQS46RAAECBGoXMFBYO7EKCBAg0GsB15led7/GEyBAgAABAgQIECCQUhJIOQ0IECBAgIAZUs4BAgQIEKhZQCBVM7DiCRAgQIAAAQIECBBovYBAqvVd5AAJECBAoAkBA4VNKKuDAAEC/RVwnelv32s5AQIECBAgQIAAAQKHBARSzgQCBAgQIGCGlHOAAAECBGoWEEjVDKx4AgQIECBAgAABAgRaLyCQan0XOUACBAgQaELAQGETyuogQIBAfwVcZ/rb91pOgAABAgQIECBAgMAhAYGUM4EAAQIECJgh5RwgQIAAgZoFBFI1AyueAAECBAgQIECAAIHWCwikWt9FDpAAAQIEmhAwUNiEsjoIECDQXwHXmf72vZYTIECAAAECBAgQIHBIQCDlTCBAgAABAmZIOQcIECBAoGYBgVTNwIonQIAAAQIECBAgQKD1AgKp1neRAyRAgACBJgQMFDahrA4CBAj0V8B1pr99r+UECBAgQIAAAQIECBwSEEg5EwgQIECAgBlSzgECBAgQqFlAIFUzsOIJECBAgAABAgQIEGi9gECq9V3kAAkQIECgCQEDhU0oq4MAAQL9FXCd6W/fazkBAgQIECBAgAABAocEBFLOBAIECBAgYIaUc4AAAQIEahYQSNUMrHgCBAgQIECAAAECBFovIJBqfRc5QAIECBBoQsBAYRPK6iBAgEB/BVxn+tv3Wk6AAAECBAgQIECAwCEBgZQzgQABAgQImCHlHCBAgACBmgUEUjUDK54AAQIECBAgQIAAgdYLCKRa30UOkAABAgSaEDBQ2ISyOggQINBfAdeZ/va9lhMgQIAAAQIECBAgcEhAIOVMIECAAAECZkg5BwgQIECgZgGBVM3AiidAgD/E1LEAACAASURBVAABAgQIECBAoPUCAqnWd5EDJECAAIEmBAwUNqGsDgIECPRXwHWmv32v5QQIECBAgAABAgQIHBIQSDkTCBAgQICAGVLOAQIECBCoWUAgVTOw4gkQIECAAAECBAgQaL2AQKr1XeQACRAgQKAJAQOFTSirgwABAv0VcJ3pb99rOQECBAgQIECAAAEChwQEUs4EAgQIECBghpRzgAABAgRqFhBI1QyseAIECBAgQIAAAQIEWi8gkGp9FzlAAgQIEGhCwEBhE8rqIECAQH8FXGf62/daToAAAQIECBAgQIDAIYHeB1IHDx5MN9xwQzr//PPTGWecMeu8yO/t3Llz5utbt25NJ598cvrSl76U9u3bl3bt2jXz3tVXX53OO++89Pzzz6dXX3115t/r168/7HyLcsr1lfd54IEHiu2jrEGvAwcOpCuuuCK98MILA98//fTT02233ZaWLl069fN87969xbFcd911rTieqYM4AAIEWisw6YHCuIbceeedae3atTM//+Ln9y233JI2bdo058/EuA7cf//9c/4sL/98XbJkSXEtK1+vAnrNmjXpqquuSvH+YntF+y6//PLiWjvs1abr3WLzdbwECDQvMOnrTPMtUCMBAgQIECBAgAABAgSOTKD3gVTwRRgUA3/DBu1iUOy+++4rQqBHH300vec970nf+9730rp164qBsvxeHvCrBlIRWm3YsGGmp2Kg8cQTT5wVSH35y19OH/vYx9Ly5cuLAciLL744rVixYmDvzjWgOepg55GdNqPvLZAa3cqWBAhMV6COgcLyz+S4RlQDqkEtjmvEM888k37nd34nPfLII4ddm+L966+/ftauOZgZtY5RpONaFjdUlG+gGHSjxiWXXDJzjduyZUvatm1bUXy+SSP+Xb6RIq5zmzdvPuwaN6i+UY7TNgQIEFgsAnVcZxZL2x0nAQIECBAgQIAAAQIEQqB3gVR5sGy+UyAPso0TSJXLjzvTY0Bx48aNh1VVHuArl7979+5iAHDQK9/pHgOCZkjN13veJ0CAwHgCkxwozOHKXEdQDmxiuxz2HH/88TMBT5QT4U151msEUj/5yU/Syy+/XFwL4hVB1+uvv37YDKnqbNxRRPJxvPXWW8XmcS3MM3rnmlWcg7S4uSNfp2KG06mnnlrM3jrzzDNnZg5X2xSB1TXXXFMEV3HNrM5YHuW4bUOAAIG2C0zyOtP2tjo+AgQIECBAgAABAgQIDBLoXSC1kNNgnEAqyi/PkBqlvhjEe+WVV4plnWJwMQbw4pWX/RuljLZuY4ZUW3vGcREgUBWY5EBhXAeqs2PL9VWXZo3tI5AZNHMozy6KpWVjKddBy7ZGuPXDH/6wmGmbZ9cOmo07Tq8PCp+GBVKDvp6vbeecc86spVsHbRs3c0QIFTPCBi2hO85x25YAAQJtFZjkdaatbXRcBAgQIECAAAECBAgQmEugt4HUXINn5eX1yjOeYpmh1atXp/gwOd+SfbG0X7y+//3vF896iuWUrr322uJP/D8vWbRs2bIihFq1alU66aSTin2qz6GqduCg5Zqq21TvvC+/H22KV7md+f14L44jjiEb5bva4/95OcHYvvxsjzybbNByTnkpqf3798/aZyF37vt2JkCAQF0CkxwoHCeQyj+T42dvdSm+3Nb4mR43LsQsqOOOOy79z//8T/HW5z73uWJW1Cc+8Yl0zz33FIHUd7/73WJZ2Lipobo8bPln/bDrQN5mrkAqP6uqPHO3+mysvBxuBFL/8i//MuuaU77WZKtYBjc/0zGOYdhs4Wr/e45UXd8RyiVAYNICk7zOTPrYlEeAAAECBAgQIECAAIEmBHoZSOUHpQdw+W70vMRS9fkW5RlSsSzSKaecUgRSP/7xj9PXvva1mX6KAcOPfOQjRcAUg4B/8id/knbs2FE8a+qb3/xm+tVf/dX04IMPFv9/6qmn0sqVK4uBw1h6Kf5ceumlM2UNWu4pBzjz3fU+3wytuQKp8iBqtPsv//Iv0wknnFC0KT8vKwY+b7zxxiJcizvxy8FVDJiWBznjWOP5XNddd12xpNSmTZvS0qVLizv8YzZAlDvsWVlNfAOogwABAllgkgOFC1myr9wT8/0cj23zDRM5FGoikKqeLfl6Up0FFdvlQOqDH/xgeu211wYGUnHNzNeCuPbmQKq8ZF9cL7Zv315cO+MZWfmZi64dvncJEFhsApO8ziy2tjteAgQIECBAgAABAgQIhEDvAqny8zhixs59991XhCIRquRBsYCJmUARokR4Ug6kYsDvve99b3r22WdnhTTl53hEYBUBUw6n5poh9dJLLxWBzz//8z8fFkgNW7KvGkhV/z/KQOaw0z8G/vJd7k8++WRxJ/4//uM/posvvrgIz/IrgqfyDKuo8957701vv/12+vznPz8TMuUl+y644ILi69WXWVJ+EBEg0BaBSQ4UjjNDqhwuzWWRZ6Lm7WPGbgQ3OfiJZ09FMPTQQw8Vs3nnmiE1ivlcz4vK++ef8fHzvXzTQbw/ygypuJZUZ+VWl+wrX4MFUqP0nG0IEGirwCSvM21to+MiQIAAAQIECBAgQIDAXAK9C6SqGPkZF/H1PChW3aY6GFYOfKrv5UG4apgUA3sxWBfPiYqQq/yKMp544okFB1Jxh3oemBxW/zjfBvlZHtHOON4IpuKVn08SwdRCAqlYxjAedh8Dil4ECBBom0BdA4Xl5U5HndUz140F5aVks2GE+9/5znfSr/3ar6W4ruWbCIYt2TeK/biB1K233jpr1mu+vsb1KWbK5p//udyPf/zjxWynuGmj+iovO1sN98yQGqX3bEOAQBsF6rrOtLGtjokAAQIECBAgQIAAAQKDBHofSOWHw8eg3bCwpBo6lQOguQKpAB/2PJB4L9/tPiyQqj4/Iw/QlWdElR9un2cbzTdDaq4l++K4ovyvf/3r6Td/8zeLkCwv3XfUUUcVs8ZiZll+HlZ5yb5Ylulf//VfU9yln2dPRV3PPfdcsV/MQIvnTsUd/TEg+Y1vfKN47omAyg8nAgTaIDCpgcIcQMWz+HI4VF2OrvwMpWh7eXZq3LRQ/jleXeK0GnCVrwl5SdoIewY9JzA7z3cdiO0GBVJRfszsPeuss4qiyuXkACrqLR9zte155lT1mjvsmVX52YU5zCsHUgsJ+9pwrjkGAgT6KTCp60w/9bSaAAECBAgQIECAAIEuCPQ2kKo+Ryo6M8KS8iBeHhzLD2+PbeIZSC+//HJxF3gEKaPMkIpt7rrrrvRTP/VT6Uc/+lEatBzRODOk8okXg38ReOUgKt81P98D3ucbiMw2ESLl8Cie61EOmqrPR8lhWTkgy15PP/30TJAVxvEsqupzurrwzaQNBAgsboFJDRTmsCmuJ9UwJYc4eUm9Z555ZuZmiHIotWfPnmLJvVj6NS+jmmfXDro2xXVg2bJlMzcLxI0D8YzEqL86K7caJFV7bVD5sU35OYb5ZovyMoLV/cpLsubrSvz8H3aNqgZS+XoS18wI9/KrHEhVg7zFfQY6egIEui4wqetM1520jwABAgQIECBAgACB7gr0LpCqPgS+OjunHLSUlwyKU6B8J3YM/EUoVV5q6Oyzzy7OlH/4h39It99+e3rkkUdShFnxwPkIsuKh7LEEXvy9bdu24utxh3gM0I0aSOUQKuqpHl8+TfMg3qpVq+a8Q767p7WWESBAYHyBOgYKyz+z8xHln/35+lMN+Oc68vi5Xw268sykmI1aDqAG3TAxvsp09giTmFUboVp1mcOqaTkUm87RqpUAAQKjCdRxnRmtZlsRIECAAAECBAgQIECgHQK9C6Tawe4oCBAgQKBtAgYK29YjjocAAQLdEnCd6VZ/ag0BAgQIECBAgAABAuMLCKTGN7MHAQIECHRQwEBhBztVkwgQINAiAdeZFnWGQyFAgAABAgQIECBAYCoCAqmpsKuUAAECBNomYKCwbT3ieAgQINAtAdeZbvWn1hAgQIAAAQIECBAgML6AQGp8M3sQIECAQAcFDBR2sFM1iQABAi0ScJ1pUWc4FAIECBAgQIAAAQIEpiIgkJoKu0oJECBAoG0CBgrb1iOOhwABAt0ScJ3pVn9qDQECBAgQIECAAAEC4wsIpMY3swcBAgQIdFDAQGEHO1WTCBAg0CIB15kWdYZDIUCAAAECBAgQIEBgKgICqamwq5QAAQIE2iZgoLBtPeJ4CBAg0C0B15lu9afWECBAgAABAgQIECAwvoBAanwzexAgQIBABwUMFHawUzWJAAECLRJwnWlRZzgUAgQIECBAgAABAgSmIiCQmgq7SgkQIECgbQIGCtvWI46HAAEC3RJwnelWf2oNAQIECBAgQIAAAQLjCwikxjezBwECBAh0UMBAYQc7VZMIECDQIgHXmRZ1hkMhQIAAAQIECBAgQGAqAgKpqbCrlAABAgTaJmCgsG094ngIECDQLQHXmW71p9YQIECAAAECBAgQIDC+gEBqfDN7ECBAgEAHBQwUdrBTNYkAAQItEnCdaVFnOBQCBAgQIECAAAECBKYiIJCaCrtKCRAgQKBtAgYK29YjjocAAQLdEnCd6VZ/ag0BAgQIECBAgAABAuMLCKTGN7MHAQIECHRQwEBhBztVkwgQINAiAdeZFnWGQyFAgAABAgQIECBAYCoCAqmpsKuUAAECBNomYKCwbT3ieAgQINAtAdeZbvWn1hAgQIAAAQIECBAgML6AQGp8M3sQIECAQAcFDBR2sFM1iQABAi0ScJ1pUWc4FAIECBAgQIAAAQIEpiIgkJoKu0oJECBAoG0CBgrb1iOOhwABAt0ScJ3pVn9qDQECBAgQIECAAAEC4wsIpMY3swcBAgQIdFDAQGEHO1WTCBAg0CIB15kWdYZDIUCAAAECBAgQIEBgKgICqamwq5QAAQIE2iZgoLBtPeJ4CBAg0C0B15lu9afWECBAgAABAgQIECAwvoBAanwzexAgQIBABwUMFHawUzWJAAECLRJwnWlRZzgUAgQIECBAgAABAgSmIiCQmgq7SgkQIECgbQIGCtvWI46HAAEC3RJwnelWf2oNAQIECBAgQIAAAQLjCwikxjezBwECBAh0UMBAYQc7VZMIECDQIgHXmRZ1hkMhQIAAAQIECBAgQGAqAgKpqbCrlAABAgTaJmCgsG094ngIECDQLQHXmW71p9YQIECAAAECBAgQIDC+gEBqfDN7ECBAgEAHBQwUdrBTNYkAAQItEnCdaVFnOBQCBAgQIECAAAECBKYiIJCaCrtKCRAgQKBtAgYK29YjjocAAQLdEnCd6VZ/ag0BAgQIECBAgAABAuMLCKTGN7MHAQIECHRQwEBhBztVkwgQINAiAdeZFnWGQyFAgAABAgQIECBAYCoCAqmpsKuUAAECBNomYKCwbT3ieAgQINAtAdeZbvWn1hAgQIAAAQIECBAgML7Aogyk9u/fP35L7UGAAAECBAgQIECAAAECBAgQIECAAAECBAgQILBggWXLli1430UZSC24tXYkQIAAAQIECBAgQIAAAQIECBAgQIAAAQIECBBoXEAg1Ti5CgkQIECAAAECBAgQIECAAAECBAgQIECAAAEC/RIQSPWrv7WWAAECBAgQIECAAAECBAgQIECAAAECBAgQINC4gECqcXIVEiBAgAABAgQIECBAgAABAgQIECBAgAABAgT6JSCQ6ld/ay0BAgQIECBAgAABAgQIECBAgAABAgQIECBAoHEBgVTj5CokQIAAAQIECBAgQIAAAQIECBAgQIAAAQIECPRLQCDVr/7WWgIECBAgQIAAAQIECBAgQIAAAQIECBAgQIBA4wICqcbJVUiAAAECBAgQIECAAAECBAgQIECAAAECBAgQ6JeAQKpf/a21BAgQIECAAAECBAgQIECAAAECBAgQIECAAIHGBQRSjZOrkAABAgQIECBAgAABAgQIECBAgAABAgQIECDQLwGBVL/6W2sJECBAgAABAgQIECBAgAABAgQIECBAgAABAo0LCKQaJ1chAQIECBAgQIAAAQIECBAgQIAAAQIECBAgQKBfAgKpfvW31hIgQIAAAQIECBAgQIAAAQIECBAgQIAAAQIEGhcQSDVOrkICBAgQIECAAAECBAgQIECAAAECBAgQIECAQL8EBFL96m+tJUCAAAECBAgQIECAAAECBAgQIECAAAECBAg0LiCQapxchQQIECBAgAABAgQIECBAgAABAgQIECBAgACBfgkIpPrV31pLgAABAgQIECBAgAABAgQIECBAgAABAgQIEGhcQCDVOLkKCRAgQIAAAQIECBAgQIAAAQIECBAgQIAAAQL9EhBI9au/tZYAAQIECBAgQIAAAQIECBAgQIAAAQIECBAg0LiAQKpxchUSIECAAAECBAgQIECAAAECBAgQIECAAAECBPolIJDqV39rLQECBAgQIECAAAECBAgQIECAAAECBAgQIECgcQGBVOPkKiRAgAABAgQIECBAgAABAgQIECBAgAABAgQI9EtAINWv/tZaAgQIECBAgAABAgQIECBAgAABAgQIECBAgEDjAgKpxslVSIAAAQIECBAgQIAAAQIECBAgQIAAAQIECBDol4BAql/9rbUECBAgQIAAAQIECBAgQIAAAQIECBAgQIAAgcYFBFKNk6uQAAECBAgQIECAAAECBAgQIECAAAECBAgQINAvAYFUv/pbawkQIECAAAECBAgQIECAAAECBAgQIECAAAECjQsIpBonVyEBAgQIECBAgAABAgQIECBAgAABAgQIECBAoF8CAql+9bfWEiBAgAABAgQIECBAgAABAgQIECBAgAABAgQaFxBINU6uQgIECBAgQIAAAQIECBAgQIAAAQIECBAgQIBAvwQEUv3qb60lQIAAAQIECBAgQIAAAQIECBAgQIAAAQIECDQuIJBqnFyFBAgQIECAAAECBAgQIECAAAECBAgQIECAAIF+CQik+tXfWkuAAAECBAgQIECAAAECBAgQIECAAAECBAgQaFxAINU4uQoJECBAgAABAgQIECBAgAABAgQIECBAgAABAv0SEEj1q7+1lgABAgQIECBAgAABAgQIECBAgAABAgQIECDQuIBA6n/Jt2zZkl5//fV01VVXpSVLlgzsiL1796Zrr722+LNixYoU+2zbtm3gtsuXL0+bN28utovXgQMH0jXXXJOuuOKKma9Vy5uv9x944IH0yiuvpA0bNsy3qfcJECBAgAABAgQIECBAgAABAgQIECBAgAABAq0R6GUg9fzzz6f169eP1Alr1qyZFVINCpaqBR08eDDddttt6eKLL54Jn6LOHF7t2rVrzrpznVFOBFgvvPDCnNtXw6+RGmYjAgQIECBAgAABAgQIECBAgAABAgQIECBAgEBDAr0NpO6///45Z0OFf4RIebsIh2655Za0adOmtHTp0jm7pxpIjRJiDSpwlP1G2aahc0k1BAgQIECAAAECBAgQIECAAAECBAgQIECAAIGBAr0NpMadIVUOpGJJvxtuuCHt3LlzFurpp59ezIyK98szpGJpv+eee674WrzmmvWUy4jQK8ImM6R85xIgQIAAAQIECBAgQIAAAQIECBAgQIAAAQKLXaC3gdSgGVIROsWfPANq2AypauAUJ0GER3kGVfn9/fv3p9tvv70o87rrrpt3dlX5hBpl9tMo2yz2k9TxEyBAgAABAgQIECBAgAABAgQIECBAgAABAotbQCC1ZMlMDz7wwAPFEn0xk6m6LF81cBp1htQTTzyRPvCBDxTlxnJ/EVBdfvnlad++fQPPHDOkFvc3lKMnQIAAAQIECBAgQIAAAQIECBAgQIAAAQIEDhfobSD16KOPph/96EeHLbs36CS55JJL0tq1awfOgFqxYkWxy7AZUvF++b35nj9Vrn+U2U+jbOPEJ0CAAAECBAgQIECAAAECBAgQIECAAAECBAhMU6C3gdSuXbvShg0bCvvy0nyx3N6g11yB0ziBVGw713Oh1qxZk6666qriOVSeITXNbw11EyBAgAABAgQIECBAgAABAgQIECBAgAABApMS6GUgFUvzxeu8884r/o7/X3/99YeZLl++PG3evDlVZzlFWDTqkn3VfaOS/Kyp6mypajA2yuynUbaZ1MmiHAIECBAgQIAAAQIECBAgQIAAAQIECBAgQIDAQgR6F0gdPHiwCJPOP//8dMYZZ8zMQornOsX/8yu2i2dJXXzxxQMDqfJ7Vfi59h01kIoyYiZVHNerr75aVPGRj3xkZnbV1q1bZ443ArVnnnlmZmbVQk4E+xAgQIAAAQIECBAgQIAAAQIECBAgQIAAAQIE6hLoXSBVnoWUQ59Vq1bNLN+XoavPfRrnOVDVWUvlfaP8+Zbs27RpUzGL6vjjjy+OqzqjKx/j3r17i9DsuuuuS3v27En333+/UKqu7xTlEiBAgAABAgQIECBAgAABAgQIECBAgAABAgsW6F0gtWXLlrR69eq0bNmyYvZRhDl5ZlQEPPG1ffv2FaCXXHLJTFA1XyBVfd5T9VlQeZm+KHfUJfvKwVP5uMq9ffXVV88sPbjgs8COBAgQIECAAAECBAgQIECAAAECBAgQIECAAIEaBXoXSNVoqWgCBAgQIECAAAECBAgQIECAAAECBAgQIECAAIEBAgIppwUBAgQIECBAgAABAgQIECBAgAABAgQIECBAgECtAgKpWnkVToAAAQIECBAgQIAAAQIECBAgQIAAAQIECBAgIJByDhAgQIAAAQIECBAgQIAAAQIECBAgQIAAAQIECNQqIJCqlVfhBAgQIECAAAECBAgQIECAAAECBAgQIECAAAECAinnAAECBAgQIECAAAECBAgQIECAAAECBAgQIECAQK0CAqlaeRVOgAABAgQIECBAgAABAgQIECBAgAABAgQIECAgkHIOECBAgAABAgQIECBAgAABAgQIECBAgAABAgQI1CogkKqVV+EECBAgQIAAAQIECBAgQIAAAQIECBAgQIAAAQICKecAAQIECBAgQIAAAQIECBAgQIAAAQIECBAgQIBArQICqVp5FU6AAAECBAgQIECAAAECBAgQIECAAAECBAgQICCQcg4QIECAAAECBAgQIECAAAECBAgQIECAAAECBAjUKiCQqpVX4QQIECBAgAABAgQIECBAgAABAgQIECBAgAABAgIp5wABAgQIECBAgAABAgQIECBAgAABAgQIECBAgECtAosykHr77bdrRVE4AQIECBAgQIAAAQIECBAgQIAAAQIECBAgQIDAbIFjjjlmwSSLMpBacGvtSIAAAQIECBAgQIAAAQIECBAgQIAAAQIECBAg0LiAQKpxchUSIECAAAECBAgQIECAAAECBAgQIECAAAECBPolIJDqV39rLQECBAgQIECAAAECBAgQIECAAAECBAgQIECgcQGBVOPkKiRAgAABAgQIECBAgAABAgQIECBAgAABAgQI9EtAINWv/tZaAgQIECBAgAABAgQIECBAgAABAgQIECBAgEDjAgKpxslVSIAAAQIECBAgQIAAAQIECBAgQIAAAQIECBDol4BAql/9rbUECBAgQIAAAQIECBAgQIAAAQIECBAgQIAAgcYFBFKNk6uQAAECBAgQIECAAAECBAgQIECAAAECBAgQINAvAYFUv/pbawkQIECAAAECBAgQIECAAAECBAgQIECAAAECjQsIpBonVyEBAgQIECBAgAABAgQIECBAgAABAgQIECBAoF8CAql+9bfWEiBAgAABAgQIECBAgAABAgQIECBAgAABAgQaFxBINU6uQgIECBAgQIAAAQIECBAgQIAAAQIECBAgQIBAvwQEUv3qb60lQIAAAQIECBAgQIAAAQIECBAgQIAAAQIECDQuIJBqnFyFBAgQIECAAAECBAgQIECAAAECBAgQIECAAIF+CQik+tXfWkuAAAECBAgQIECAAAECBAgQIECAAAECBAgQaFygd4HUG2+8kd55553GoVVIgAABAgQIECBAgACBLgkcffTRRXN8vupSr2oLAQIECBAgQIBAlwXid/jjjjtuak3sXSC1b9++tHz58qmBq5gAAQIECBAgQIAAAQJdEIjPVvHy+aoLvakNBAgQIECAAAECfRCYdj4ikOrDWaaNBAgQIECAAAECBAgQmLCAQGrCoIojQIAAAQIECBAgULOAQKpm4Grx0wZvuLmqI0CAAAECBAgQIECAQC0CAqlaWBVKgAABAgQIECBAoDaBaecjZkjV1rUKJkCAAAECBAgQIECAQHcFBFLd7VstI0CAAAECBAgQ6KaAQKrhfp02eMPNVR0BAgQIECBAgAABAgRqERBI1cKqUAIECBAgQIAAAQK1CUw7HzFDqrauVTABAgQIECBAgAABAgS6KyCQ6m7fahkBAgQIECBAgEA3BQRSDffrtMEbbq7qCBAgQIAAAQIECBAgUIuAQKoWVoUSIECAAAECBAgQqE1g2vmIGVK1da2CCRAgQIAAAQIECBAg0F0BgVR3+1bLCBAgQIAAAQIEuikgkGq4X6cN3nBzVUeAAAECBAgQIECAAIFaBARStbAqlAABAgQIECBAgEBtAtPOR8yQqq1rFUyAAAECBAgQIECAAIHuCgikutu3WkaAAAECBAgQINBNAYFUw/06bfCGm6s6AgQIECBAgAABAgQI1CIgkKqFVaEECBAgQIAAAQIEahOYdj5ihlRtXatgAgQIECBAgAABAgQIdFdAINXdvtUyAgQIECBAgACBbgoIpBru12mDN9xc1REgQIAAAQIECBAgQKAWAYFULawKJUCAAAECBAgQIFCbwLTzETOkJtC1Dz30UIqOXLdu3cDS4v14nXPOOSn+/eCDDw7c7rLLLktnnHHGzHvzlVsuZO/evUXZcQxLlixJ1f/nbePre/bsSatXr07bt29PF154YXrqqafSCSecUGzy3HPPDW3HBKgUQYAAAQIECBAgQIBARwQE6EvGjgAAIABJREFUUh3pSM0gQIAAAQIECBDojYBAquGungT4XKFSbs6xxx6brrzyyrR06dLiS+VQalCT77zzzrRq1apZgdQo++WyBpX//PPPp9dee60Iwsqv2DaO78UXX0zHHHNMcYw5LItgqhyKNdw9qiNAgAABAgQIECBAYJEITCqQOnDgQLr55pvTm2++WXw+2bhxY1qxYsUiUXCYBAgQIECAAAECBBaPwCTykSNprRlSC9CLQGeu4CY+UG3dujWtX78+7d+/P+3atSt96lOfGjg76txzzy3CoGGB1MGDB4v3YpthH8pim5jtdPbZZ6c77rij+CA36PWhD30oLV++fOAMrYsuuig99thjs/ZduXJluvzyy4sZV14ECBAgQIAAAQIECBAoC0wikIrPMps3b06nnnpq8ZknbqrbsWPHrJv7qBMgQIAAAQIECBAgMBkBgdRkHEcuZRLg48yQqgZS5SCrPINpWCCV7xY8+eSThy6lF+VEmFQNj+YKzh5++OH07LPPFncgxn6x/+7du4t/x4fCHKjlGV4jA9uQAAECBAgQIECAAIFeCEwikIolxe++++5iVlR89sgB1VlnnWXlhl6cRRpJgAABAgQIECDQpMAk8pEjOV4zpBagNyjoiUApZh9Vl8eLD1jlGVLjBlIRNsX+8Ro0Syp/YIv3Rwmk8vYf/vCHiyX7IuiK0Cy+Hn+vXbu2+Lv8PKoFENmFAAECBAgQIECAAIGOC0wikIrPO9Xn2A77bNVxTs0jQIAAAQIECBAgULuAQKp24tkVTAI8wpooJ2YYzfWKJfLizr6FLtlXvjsw6ql+UIuvxbHELKq33367CJPKy+sNCs6+8pWvpNWrVxfhWSzzFyFXHF/+OwdUg5491XBXqY4AAQIECBAgQIAAgRYLTCKQyp+t1q1bN9NSgVSLO92hESBAgAABAgQILGqBSeQjRwJghtQC9MrL65VnQA0q6khmSJWX4ouyBz1L6vHHHy/WW48PchFIRcg0LCi77LLLimUvhj2XKt+dGHWtWrXKEhkLODfsQoAAAQIECBAgQKAvApMIpMyQ6svZop0ECBAgQIAAAQJtEBBINdwLkwDPs4xWrFhRPHT3jjvuOKwVOfxZaCCVnx114YUXzgRDgz6sRcWxbTz4d5QZUhFqVQOrlStXFsv9xSseKByv6vJ/DXeT6ggQIECAAAECBAgQaLnApAKp8vNwPUOq5Z3u8AgQIECAAAECBBa1wCTykSMBMENqTL0If7Zu3ZrWr19fLI8XAU71gbvlpfKqgdSDDz44q8Zzzz23WC6vPOsqNhi2TMWgr48TSJUfGlw9/hyCLVu2TCA15nlhcwIECBAgQIAAAQJ9E5hEIFUNoMqrRJSXI++brfYSIECAAAECBAgQqENAIFWH6hxlHil4eZZShEP79+8/LLwZtqTfoGc65UMtP9spQq4IhcrrqOft8ge2WKYvgqx4jRNI5e1vvvnm9Oabbxb7x7OuYom+mOkVM7vi+VG7d+8WSjV8bqqOAAECBAgQIECAwGISmEQgFe2Nm+Zuv/324rm4xx57bLryyivT0qVLFxOFYyVAgAABAgQIECCwKASONB850kaaITWmYA6OYlmJeOXQqLx0X14CL+7om+sZU+V98gevWHpv+fLlM2HToMOrhlI5kDrttNPStm3bhrYo6vilX/ql9O///u9p48aNKZYcjFccR9Rb/uDnzsQxTwybEyBAgAABAgQIEOiZwKQCqZ6xaS4BAgQIECBAgACBqQkIpBqmnzZ4w81VHQECBAgQIECAAAECBGoREEjVwqpQAgQIECBAgAABArUJTDsfMUOqtq5VMAECBAgQIECAAAECBLorIJDqbt9qGQECBAgQIECAQDcFBFIN9+u0wRturuoIECBAgAABAgQIECBQi4BAqhZWhRIgQIAAAQIECBCoTWDa+YgZUrV1rYIJECBAgAABAgQIECDQXQGBVHf7VssIECBAgAABAgS6KSCQarhfpw3ecHNVR4AAAQIECBAgQIAAgVoEBFK1sCqUAAECBAgQIECAQG0C085HzJCqrWsVTIAAAQIECBAgQIAAge4KCKS627daRoAAAQIECBAg0E0BgVTD/Tpt8IabqzoCBAgQIECAAAECBAjUIiCQqoVVoQQIECBAgAABAgRqE5h2PmKGVG1dq2ACBAgQIECAAAECBAh0V0Ag1d2+1TICBAgQIECAAIFuCgikGu7XaYM33FzVESBAgAABAgQIECBAoBYBgVQtrAolQIAAAQIECBAgUJvAtPMRM6Rq61oFEyBAgAABAgQIECBAoLsCAqnu9q2WESBAgAABAgQIdFNAINVwv04bvOHmqo4AAQIECBAgQIAAAQK1CAikamFVKAECBAgQIECAAIHaBKadj5ghVVvXKpgAAQIECBAgQIAAAQLdFRBIdbdvtYwAAQIECBAgQKCbAgKphvt12uANN1d1BAgQIECAAAECBAgQqEVAIFULq0IJECBAgAABAgQI1CYw7XykdzOk3njjjfTOO+/U1qEKJkCAAAECBAgQIECAQB8Ejj766KKZPl/1obe1kQABAgQIECBAoAsC8Tv8cccdN7WmCKSmRq9iAgQIECBAgAABAgQILF4BgdTi7TtHToAAAQIECBAg0E8BgVTD/T7tKWkNN1d1BAgQIECAAAECBAgQqEXAkn21sCqUAAECBAgQIECAQG0C085HejdDatrgtZ1JCiZAgAABAgQIECBAgECDAgKpBrFVRYAAAQIECBAgQGACAtPORwRSE+hERRAgQIAAAQIECBAgQKBvAgKpvvW49hIgQIAAAQIECCx2AYFUwz04bfCGm6s6AgQIECBAgAABAgQI1CIgkKqFVaEECBAgQIAAAQIEahOYdj5ihlRtXatgAgQIECBAgAABAgQIdFdAINXdvtUyAgQIECBAgACBbgoIpBru12mDN9xc1REgQIAAAQIECBAgQKAWAYFULawKJUCAAAECBAgQIFCbwLTzETOkautaBRMgQIAAAQIECBAgQKC7AgKp7vatlhEgQIAAAQIECHRTQCDVcL9OG7zh5qqOAAECBAgQIECAAAECtQgIpGphVSgBAgQIECBAgACB2gSmnY+YIVVb1yqYAAECBAgQIECAAAEC3RUQSHW3b7WMAAECBAgQIECgmwICqYb7ddrgDTdXdQQIECBAgAABAgQIEKhFQCBVC6tCCRAgQIAAAQIECNQmMO18xAyp2rpWwQQIECBAgAABAgQIEOiugECqu32rZQQIECBAgAABAt0UEEg13K/TBm+4uaojQIAAAQIECBAgQIBALQICqVpYFUqAAAECBAgQIECgNoFp5yNmSNXWtQomQIAAAQIECBAgQIBAdwUEUt3tWy0jQIAAAQIECBDopoBAquF+rQP8oYceSlHuunXrBrYm3o/XOeeck+LfDz744MDtLrvssnTGGWfMem/v3r3p9ttvT2+//XY699xzizLiFeWccMIJh20f7915553pxRdfTBs3bkwrVqw4rLw9e/ak1atXp+3bt6cLL7wwPfXUU0VZ8XruueeGtqPhrlIdAQIECBAgQIAAAQItFhBItbhzHBoBAgQIECBAgACBAQJ15CPjQJshNY7W/247V6iUizv22GPTlVdemZYuXVp8qRxKDaoyQqRVq1alZcuWzQRQsd3KlSvT5ZdfnpYsWTJrt2GBVC7n5JNPTjfffHMROFVDrtg3ji9Cq2OOOaY4xhyWDQu5FsBkFwIECBAgQIAAAQIEOiwwqUCqfBNecFVv1Hv++efTHXfccdjXO0yraQQIECBAgAABAgRqERBI1cI6vNBJgM81OylqPnDgQNq6dWtav3592r9/f9q1a1f61Kc+NXB2VJ71lIOkcngUH7xee+21mVlRUXYOtuLf5fDo4MGDafPmzemss86aCaDy1+IYcjg2LEy76KKL0mOPPZbefPPNGbxhYVjDXaY6AgQIECBAgAABAgRaKDCJQCo+O+3YsSOtXbu2uAkvwqkcPi1fvrz4jBOrRcQrPjtVb7ZrIYtDIkCAAAECBAgQINBagUnkI0fSODOkFqA3zgypaiBVDpHKgVMEUu9///vTk08+mV566aWBRxWzmk477bSZWVe5rPmO5+yzzy6W5Yt987KCDz/8cHr22WeLGVIxAyvCqN27dxf/jiArB2p5htcCmOxCgAABAgQIECBAgECHBSYRSFV54rNIfDaKFRzy8uODbr7rMKumESBAgAABAgQIEKhNQCBVG+3ggicBPmiGVHxoijv48jOecu1xh195htRcgVQs2Rd3/OW7BCNAihlL8f945lN8IKvOkIpnPlXrHTSzKh9P/jD34Q9/uFiyL5b2i9Asvh5/x52J8XfUE+FVdanAhrtLdQQIECBAgAABAgQItFSgjkCqvNpEvjlOINXSE8BhESBAgAABAgQILDqBSeQjR9JoM6QWoBdhTXRczDCa6/WhD32oWEJvnCX7ImCKcmO5vAiNIpDKdcXXIkDKIdGw5z3NFUh95StfKcKtCLG2b99eBGhxfPnvHFBVlwpcAJNdCBAgQIAAAQIECBDosEAdgdSgG/0EUh0+iTSNAAECBAgQIECgUQGBVKPcqQh3Iow5klf5eU/lGVCDyqx7hlQERw8++OBIzckPBx60DEYUEEFWBGLxyrO1RirYRgQIECBAgAABAgQI9E5g0oFUfM6KV15mPIMKpHp3amkwAQIECBAgQIBATQKTyEeO5NDMkFqAXp5lFEvoRYgTD92tvnL4M04gVX6GVHU2VIROw54hFXWX68kzpGLJvzw7Kx9ffMirzuyKuuLZUfGKhwbHK/5vub4FnBx2IUCAAAECBAgQINATgUkGUsPCqKAUSPXkhNJMAgQIECBAgACB2gUEUrUTz67gSMHLa5pHYBMBTizLF89+yq/yM6aqgVR1NtO5555bLJdXnnUV5UQZse0xxxyTNm7cOPNA3+ozpKLe6oyn8pJ9eXnBfJdhHM/dd99dlFk9/mjbzTffnJYtWyaQavi8VB0BAgQIECBAgACBxSYwiUAqh02nnnrqYc/jzR4CqcV2ZjheAgQIECBAgACBtgocaT5ypO0yQ2pMwbysXQQ8ESLt37//sPBm2JJ+5aCqWm352U4RckW5EXTF33v27ClCovLSFeU6qmFW9RlS1XXYc/AUz6eKVzzrKpboi5leMbMrlgHcvXu3UGrMc8PmBAgQIECAAAECBPokMIlAatCKE/mmvFhqPT4bvfTSS7NY82oUfbLWVgIECBAgQIAAAQKTEBBITUJxjDKOFDwHR4899lhRaw6Jyh+k8hJ4MQNprmdMlfeJ5fiuvPLKtGPHjplyqzOdcjPLM6cisIoAKWZZDZtVVZ5BFcf94osvzpp1FfVEvVH/0qVLi2ria7GtpfvGOLlsSoAAAQIECBAgQKBHApMIpHrEpakECBAgQIAAAQIEpi5wpPnIkTbADKkjFbQ/AQIECBAgQIAAAQIEeiggkOphp2syAQIECBAgQIDAohYQSDXcfdMGb7i5qiNAgAABAgQIECBAgEAtAgKpWlgVSoAAAQIECBAgQKA2gWnnI2ZI1da1CiZAgAABAgQIECBAgEB3BQRS3e1bLSNAgAABAgQIEOimgECq4X6dNnjDzVUdAQIECBAgQIAAAQIEahEQSNXCqlACBAgQIECAAAECtQlMOx8xQ6q2rlUwAQIECBAgQIAAAQIEuisgkOpu32oZAQIECBAgQIBANwUEUg3367TBG26u6ggQIECAAAECBAgQIFCLgECqFlaFEiBAgAABAgQIEKhNYNr5iBlStXWtggkQIECAAAECBAgQINBdAYFUd/tWywgQIECAAAECBLopIJBquF+nDd5wc1VHgAABAgQIECBAgACBWgQEUrWwKpQAAQIECBAgQIBAbQLTzkfMkKqtaxVMgAABAgQIECBAgACB7goIpLrbt1pGgAABAgQIECDQTQGBVMP9Om3whpurOgIECBAgQIAAAQIECNQiIJCqhVWhBAgQIECAAAECBGoTmHY+YoZUbV2rYAIECBAgQIAAAQIECHRXQCDV3b7VMgIECBAgQIAAgW4KCKQa7tdpgzfcXNURIECAAAECBAgQIECgFgGBVC2sCiVAgAABAgQIECBQm8C08xEzpGrrWgUTIECAAAECBAgQIECguwICqe72rZYRIECAAAECBAh0U0Ag1XC/vvHGG+mdd95puFbVESBAgAABAgQIECBAoFsCRx99dNEgn6+61a9aQ4AAAQIECBAg0F2B+B3+uOOOm1oDezdDamrSKiZAgAABAgQIECBAgAABAgQIECBAgAABAgQI9FRAINXTjtdsAgQIECBAgAABAgQIECBAgAABAgQIECBAgEBTAgKppqTVQ4AAAQIECBAgQIAAAQIECBAgQIAAAQIECBDoqYBAqqcdr9kECBAgQIAAAQIECBAgQIAAAQIECBAgQIAAgaYEBFJNSauHAAECBAgQIECAAAECBAgQIECAAAECBAgQINBTAYFUTzteswkQIECAAAECBAgQIECAAAECBAgQIECAAAECTQkIpJqSVg8BAgQIECBAgAABAgQIECBAgAABAgQIECBAoKcCAqmedrxmEyBAgAABAgQIECBAgAABAgQIECBAgAABAgSaEhBINSWtHgIECBAgQIAAAQIECBAgQIAAAQIECBAgQIBATwUEUj3teM0mQIAAAQIECBAgQIAAAQIECBAgQIAAAQIECDQlIJBqSlo9BAgQIECAAAECBAgQIECAAAECBAgQIECAAIGeCgiketrxmk2AAAECBAgQIECAAAECBAgQIECAAAECBAgQaEpAINWUtHoIECBAgAABAgQIECBAgAABAgQIECBAgAABAj0VEEj1tOM1mwABAgQIECBAgAABAgQIECBAgAABAgQIECDQlIBAqilp9RAgQIAAAQIECBAgQIAAAQIECBAgQIAAAQIEeiogkOppx2s2AQIECBAgQIAAAQIECBAgQIAAAQIECBAgQKApgUUZSH3zm99MX/jCF9L3v//9ppzUQ4AAAQIECBAgQIAAAQIECBAgQIAAAQIECBDopcApp5ySbrrppnTeeectuP2LMpA68cQT0w9+8IMFN9qOBAgQIECAAAECBAgQIECAAAECBAgQIECAAAECowucdNJJ6eWXXx59h8qWizKQOuqooxbcYDsSIECAAAECBAgQIECAAAECBAgQIECAAAECBAiML/Duu++Ov9P/7iGQWjCdHQkQIECAAAECBAgQIECAAAECBAgQIECAAAEC/REQSPWnr7WUAAECBAgQIECAAAECBAgQIECAAAECBAgQIDAVAYHUVNhVSoAAAQIECBAgQIAAAQIECBAgQIAAAQIECBDoj4BAqj99raUECBAgQIAAAQIECBAgQIAAAQIECBAgQIAAgakICKSmwq5SAgQIECBAgAABAgQIECBAgAABAgQIECBAgEB/BARS/elrLSVAgAABAgQIECBAgAABAgQIECBAgAABAgQITEVAIDUVdpUSIECAAAECBAgQINAngRdffDE9/fTT6bOf/exhzX7uuefSww8/nK6++uqZ937rt34rbdmyJd10001p+/btQ6liu7vvvjvt3LnzsLLze7/4i784s/9dd92Vvv3tb6drr702/czP/Ez6uZ/7uZn3Hn/88XTWWWf1qVu0lQABAgQIECBAgACBBgUEUg1iq4oAAQIECBAgQIAAgW4LPPbYY+m3f/u3ZwVA8Z/PfOYzsxoewVAOp9auXZtuvPHG9MUvfnEmfBo1kIpC//Zv/zatWbMmffrTn07f+ta3DgO+/vrr0yc/+cm0bt269Gd/9mfpJz/5SVq5cmXasGFD+uhHPzrz3qB9u91bWkeAAAECBAgQIECAQJMCAqkmtdVFgAABAgQIECBAgEDnBcph0i//8i+n3/3d302rVq0q2h3h0a//+q+n0047bZZDhEbl7QaFVLFDzLQ69dRTRzLcvXt3UY9AaiQuGxEgQIAAAQIECBAgULOAQKpmYMUTIECAAAECBAgQINAvgQiAPvCBD6QdO3YMXBova8y1RN6wQGohkgKphajZhwABAgQIECBAgACBSQsIpCYtqjwCBAgQIECAAAECBHotUJ7FdO+996YzzzwzffWrXy1M8iyoWNpv2bJl6fjjj0/xjKc8mynDRSB16623pr/5m7+Z9Wyp/P6gZ0dFmcuXL581+6p8LO+880569dVXi1lWluzr9Smq8QQIECBAgAABAgSmIiCQmgq7SgkQIECAAAECBAgQ6KJALMkXz4uKZ0TF0nz/9m//ln7jN36jCJ2qrzxDatAyfrmcQbOoYsbTlVdeWRR38803zwRWeZ8InspfL8+Q2rJlS3rppZeKQGrJkiXp5JNPnjmsuWZsdbGvtIkAAQIECBAgQIAAgWYFBFLNequNAAECBAgQIECAAIGOCuRnR/3sz/5s2rlz50wgNWyGVDCcddZZA58rFbOYcnC0YcOG9K1vfatQi9DpoosuSn/8x3+c4vlUn/zkJ9O6deuKwCvPqIrt/uiP/ih9/vOfT9u3b5/1DKm/+Iu/SD/4wQ+KWVSx30c/+tGZMnIdHe0ezSJAgAABAgQIECBAYMoCAqkpd4DqCRAgQIAAAQIECBDolkCESU8//fTYM6S+/vWvF+HQX/3VX6U//dM/TV/84hfTFVdckR5++OGBy/aFWl6mL/69b9++IuCqvsozpCJ0ilDrfe97X7Ft9b1u9YTWECBAgAABAgQIECDQJgGBVJt6w7EQIECAAAECBAgQILDoBcqB1IEDB9Iv/MIvzMxGKj9DKhqaZ0jFMn9vvfVWMfPpC1/4wky4NF9gFM+a+uu//uv03//93+nTn/70zEyqMmK1jHx8n/3sZwVSi/5s0wACBAgQIECAAAECi0dAILV4+sqREiBAgAABAgQIECCwCAQi8Dn11FOLI33jjTfSd77znZnZSIMCqTzLKZbRi33jFf/Or3j/V37lV2YFTtXnSMW28Vyp//zP/5zZN5YQvPvuu2c9v+qf/umfZgKymC01X+C1CLgdIgECBAgQIECAAAECi0RAILVIOsphEiBAgAABAgQIECCwOATyDKR77rknbdmyJd10000zz3K64IILUjxjKp75dNddd6WYpVQOnpYvXz4rjKq+F/+PsCueAzVoRlQsxxezreL1+OOPz1rCLwKqO++8M331q19N//Ef/1HMrPrpn/7pmfqHlbk41B0lAQIECBAgQIAAAQJtFxBItb2HHB8BAgQIECBAgAABAgQIECBAgAABAgQIECBAYJELCKQWeQc6fAIECBAgQIAAAQIECBAgQIAAAQIECBAgQIBA2wUEUm3vIcdHgAABAgQIECBAgAABAgQIECBAgAABAgQIEFjkAgKpRd6BDp8AAQIECBAgQIAAAQIECBAgQIAAAQIECBAg0HYBgVTbe8jxESBAgAABAgQIECBAgAABAgQIECBAgAABAgQWuYBAapF3oMMnQIAAAQIECBAgQIAAAQIECBAgQIAAAQIECLRdQCDV9h5yfAQIECBAgAABAgQIECBAgAABAgQIECBAgACBRS4gkFrkHejwCRAgQIAAAQIECBAgQIAAAQIECBAgQIAAAQJtF+hdIHXSSSel//qv/2p7vzg+AgQIECBAgAABAgQIECBAgAABAgQIECBAgEAnBN73vvelvXv3LrgtRx111FEL3XnBO0aF7x5BjHbvvfemP/iDP1jocduPAAECBAgQIECAAAECBAgQIECAAAECBAgQIEBgDIG///u/TxdeeOEYe8zedFEGUgturR0JECBAgAABAgQIECBAgAABAgQIECBAgAABAgQaFxBINU6uQgIECBAgQIAAAQIECBAgQIAAAQIECBAgQIBAvwQEUv3qb60lQIAAAQIECBAgQIAAAQIECBAgQIAAAQIECDQuIJBqnFyFBAgQIECAAAECBAgQIECAAAECBAgQIECAAIF+CQik+tXfWkuAAAECBAgQIECAAAECBAgQIECAAAECBAgQaFxAINU4uQoJECBAgAABAgQIECBAgAABAgQIECBAgAABAv0SEEj1q7+1lgABAgQIECBAgAABAgQIECBAgAABAgQIECDQuIBAqnFyFRIgQIAAAQIECBAgQIAAAQIECBAgQIAAAQIE+iUwzUDq/6WUTuwXt9YSIECAAAECBAgQIECAAAECBAgQIECAAAECBHonsOeoo45audBWH7XQHWO/d99995Mppa8cSRn2JUCAAAECBAgQIECAAAECBAgQIECAAAECBAgQaL3AxUcdddTfL/QojyiQWmil9iNAgAABAgQIECBAgAABAgQIECBAgAABAgQIEOiPgECqP32tpQQIECBAgAABAgQIECBAgAABAgQIECBAgACBqQgIpKbCrlICBAgQIECAAAECBAgQIECAAAECBAgQIECAQH8EBFL96WstJUCAAAECBAgQIECAAAECBAgQIECAAAECBAhMRUAgNRV2lRIgQIAAAQIECBAgQIAAAQIECBAgQIAAAQIE+iMgkOpPX2spAQIECBAgQIAAAQIECBAgQIAAAQIECBAgQGAqAgKpqbCrlAABAgQIECBAgAABAgQIECBAgAABAgQIECDQHwGBVH/6WksJECBAgAABAgQIECBAgAABAgQIECBAgAABAlMREEhNhV2lBAgQIECAAAECBAgQIECAAAECBAgQIECAAIH+CAik+tPXWkqAAAECBAgQIECAAAECBAgQIECAAAECBAgQmIqAQGoq7ColQIAAAQIECBAgQIAAAQIECBAgQIAAAQIECPRHQCDVn77WUgIECBAgQIAAAQIECBAgQIAAAQIECBAgQIDAVAQEUlNhVykBAgQIECBAgAABAgQIECBAgAABAgQIECBAoD8CAqn+9LWWEiBAgAABAgQIECBAgAABAgQIECBAgAABAgSmIiDTnvz9AAAAJ0lEQVSQmgq7SgkQIECAAAECBAgQIECAAAECBAgQIECAAAEC/RH4/1DK4zDiJ8WcAAAAAElFTkSuQmCC', '1604901244', '6', '44');
INSERT INTO `home_handover` VALUES ('10', 'data:image/png;base64,iVBORw0KGgoAAAANSUhEUgAABqQAAAJiCAYAAAChLqOCAAAgAElEQVR4XuzdCbglZX0g/BcEbLplaUAaEFlaBCEg0rQsNhAg7KIiinxGGbcHzBhl8AvJZGFAHBIzCZOPgSRjYFwYEhkMQVkE7EZWcWmQRZBNZIemEWkW2Wn4nrdI3ak+99xzT51bp069t37nefJE+p5T9X9//7r/Ovf911u1UvAiQIAAAQIECBAgQIAAAQIECBAgQIAAAQIECBAgMESBlYa4bZsmQIAAAQIECBAgQIAAAQIECBAgQIAAAQIECBAgEDSkHAQECBAgQIAAAQIECBAgQIAAAQIECBAgQIAAAQJDFdCQGiqvjRMgQIAAAQIECBAgQIAAAQIECBAgQIAAAQIECGhIOQYIECBAgAABAgQIECBAgAABAgQIECBAgAABAgSGKqAhNVReGydAgAABAgQIECBAgAABAgQIECBAgAABAgQIENCQcgwQIECAAAECBAgQIECAAAECBAgQIECAAAECBAgMVUBDaqi8Nk6AAAECBAgQIECAAAECBAgQIECAAAECBAgQIKAh5RggQIAAAQIECBAgQIAAAQIECBAgQIAAAQIECBAYqoCG1FB5bZwAAQIECBAgQIAAAQIECBAgQIAAAQIECBAgQEBDyjFAgAABAgQIECBAgAABAgQIECBAgAABAgQIECAwVAENqaHy2jgBAgQIECBAgAABAgQIECBAgAABAgQIECBAgICGlGOAAAECBAgQIECAAAECBAgQIECAAAECBAgQIEBgqAIaUkPltXECBAgQIECAAAECBAgQIECAAAECBAgQIECAAAENKccAAQIECBAgQIAAAQIECBAgQIAAAQIECBAgQIDAUAWm1JB67bXXPhhCOCmEsM1Qo7RxAgQIECBAgAABAgQIECBAgAABAgQIECBAgACBUQncFkL4s5VWWumCQQOYakPq3hDCZoPu3OcIECBAgAABAgQIECBAgAABAgQIECBAgAABAgSSELhnpZVWetugkU61IfXaoDv2OQIECBAgQIAAAQIECBAgQIAAAQIECBAgQIAAgXQEVlpppYH7SgN/MPK89tprGlLpHCciJUCAAAECBAgQIECAAAECBAgQIECAAAECBAgMLKAhNTCdDxIgQIAAAQIECBAgQIAAAQIECBAgQIAAAQIECPQjoCHVj5L3ECBAgAABAgQIECBAgAABAgQIECBAgAABAgQIDCygITUwnQ8SIECAAAECBAgQIECAAAECBAgQIECAAAECBAj0I6Ah1Y+S9xAgQIAAAQIECBAgQIAAAQIECBAgQIAAAQIECAwsoCE1MJ0PEiBAgAABAgQIECBAgAABAgQIECBAgAABAgQI9COgIdWPkvcQIECAAAECBAgQIECAAAECBAgQIECAAAECBAgMLKAhNTCdDxIgQIAAAQIECBAgQIAAAQIECBAgQIAAAQIECPQjoCHVj5L3ECBAgAABAgQIECBAgAABAgQIECBAgAABAgQIDCygITUwnQ8SIECAAAECBAgQIECAAAECBAgQIECAAAECBAj0I6Ah1Y+S9xAgQIAAAQIECBAgQIAAAQIECBAgQIAAAQIECAwsoCE1MJ0PEiBAgAABAgQIECBAgAABAgQIECBAgAABAgQI9COgIdWPkvcQIECAAAECBAgQIECAAAECBAgQIECAAAECBAgMLKAhNTCdDxIgQIAAAQIECBAgQIAAAQIECBAgQIAAAQIECPQjoCHVj5L3ECBAgAABAgQIECBAgAABAgQIECBAgAABAgQIDCygITUwnQ8SIECAAAECBAgQIECAAAECBAgQIECAAAECBAj0I6Ah1Y+S9xAgQIAAAQIECBAgQIAAAQIECBAgQIAAAQIECAwsoCE1MJ0PEiBAgAABAgQIECBAgAABAgQIECBAgAABAgQI9COgIdWPkvcQIECAAAECBAgQIECAAAECBAgQIECAAAECBAgMLKAhNTCdDxIgQIAAAQIECBAgQIAAAQIECBAgQIAAAQIECPQjoCHVj5L3ECBAgAABAgQIECBAgAABAgQIECBAgAABAgQIDCygITUwnQ8SIECAAAECBAgQIECAAAECBAgQIECAAAECBAj0I9C6htS9994bzjnnnHDMMceE2267LVx77bXhC1/4QjjttNPCggULwty5c8PJJ58cjj322LD22muvYPjCCy+EU045JRx++OFh9uzZ2TZuvfXWrs4bbrhhOPXUU8Pmm2+e/TxuP77ivvLXk08+GU444YRsO/n7ij8766yzwpFHHhlmzJgxbh8XXHBBuP/++1fYXj8J9x4CBAgQIECAAAECBAgQIECAAAECBAgQIECAQN0CrWtIReAbbrgha0TFBlT8//EV//e8efNCbFhdccUV4dOf/vS4XHQ2pPppXMVGU6/GU2wsLV68OBx33HHjGk+T/UxDqu5fF/sjQIAAAQIECBAgQIAAAQIECBAgQIAAAQIEBhFoXUMqNnm+/OUvd7U6/fTTw0MPPTTu5wcccEDYYYcdwle+8pWxz8V/i+/tZ4VUcTVTr/3nGz/++OPD+9///uw/85VbsVlWfFkhNcjh7jMECBAgQIAAAQIECBAgQIAAAQIECBAgQIDAKARa15DKkeMqqaOOOip84hOfGLvtXedKpuLt/eJt8wZZIRVv7dfttnxxWyeddFI49NBDs5VZZV8aUmXFvJ8AAQIECBAgQIAAAQIECBAgQIAAAQIECBAYlUArG1Jx1dHChQvDxz72sex5Ufnznn71q1+F2Oj54he/mD3TKb+1X/7cp14NqYkaTHFfm266abbiKf7vpUuXZrfnO+OMM8b+vbjduN98W5deeml2XMSVW/HWgmeeeWbP4ySu2up2679RHVz2S4AAAQIECBAgQIAAAQIECBAgQIAAAQIECBCIAq1rSMWmUHzFJlPecDr44IPD0UcfHdZdd93w8Y9/PDz33HNjDaS8mRQ/U2wUfe5znwtXX331hLfsi+/fd999s30tWrQo+//5aqxuq5viaqxTTjklnHjiiWHttdfO3t9rFZUVUn6BCRAgQIAAAQIECBAgQIAAAQIECBAgQIAAgVQEWteQyhMzUUMnv03fJz/5yeyZUcccc0y2Wio2suIKpXw1VbwVX1xddeyxx2YNpF7No7jN559/PmyzzTZZEyzeKnCiV3GVk4ZUKr9G4iRAgAABAgQIECBAgAABAgQIECBAgAABAgR6CbSuIZU3ljpR8kZQ/Pf4bKenn346rLnmmivcAq94a734vnPOOSfbzLnnnjvOeNttt81WPC1btixbfbVkyZLsPccff3y2+io2ps4777xxt++L8S1YsCB7rpSGlF9eAgQIECBAgAABAgQIECBAgAABAgQIECBAYDoItK4h1a3JU3zOU0xqbBadcMIJ4dRTT81WR+WvYkMqNpric53iq3hbv/jfTz755NjqqXhbv9h4is2p/FZ8+T7i5+OtAzv3X9xfbI4deuihWYOq+HLLvunw62cMBAgQIECAAAECBAgQIECAAAECBAgQIECgHQKta0g9+uij2e3zvva1r4VLL700y3L+bKe8mRRv03frrbeu8O/xZ8WG1EUXXZQ1ou6///6eDanO50HF7cTb/MXb/eWNpmJDKn+uVWxUFZtnc+fODWeddVY48sgjw4wZM4KGVDt+QY2SAAECBAgQIECAAAECBAgQIECAAAECBAhMB4HWNaS6NZ3is6HirfQ23njj7PlO8X/vt99+2a374uu4447LmkB5Q2r+/PnhwgsvDCeeeGLWJIqf73x13rIv/jyuuIrPoIrbnTNnTrY6Kr6KDalioylvSOWNs9NPP31spZSG1HT49TMGAgQIECBAgAABAgQIECBAgAABAgQIECDQDoHWNaRi82fhwoXjbscXGzxnnHFG139fvHhx2GGHHcJXvvKVEBtNe+yxR1hvvfWyZ0F1u91efsu+2HD69re/HY444ojsdn1x9VNseBUbS/Ewy/89P+Tyn997773Z86di48st+9rxC2mUBAgQIECAAAECBAgQIECAAAECBAgQIEBgOgq0riE1HZNoTAQIECBAgAABAgQIECBAgAABAgQIECBAgACBJgtoSDU5O2IjQIAAAQIECBAgQIAAAQIECBAgQIAAAQIECEwDAQ2paZBEQyBAgAABAgQIECBAgAABAgQIECBAgAABAgQINFlAQ6rJ2REbAQIECBAgQIAAAQIECBAgQIAAAQIECBAgQGAaCGhITYMkGgIBAgQIECBAgAABAgQIECBAgAABAgQIECBAoMkCGlJNzo7YCBAgQIAAAQIECBAgQIAAAQIECBAgQIAAAQLTQEBDahok0RAIECBAgAABAgQIECBAgAABAgQIECBAgAABAk0W0JBqcnbERoAAAQIECBAgQIAAAQIECBAgQIAAAQIECBCYBgIaUtMgiYZAgAABAgQIECBAgAABAgQIECBAgAABAgQIEGiygIZUk7MjNgIECBAgQIAAAQIECBAgQIAAAQIECBAgQIDANBDQkJoGSTQEAgQIECBAgAABAgQIECBAgAABAgQIECBAgECTBTSkmpwdsREgQIAAAQIECBAgQIAAAQIECBAgQIAAAQIEpoGAhtQ0SKIhECBAgAABAgQIECBAgAABAgQIECBAgAABAgSaLKAh1eTsiI0AAQIECBAgQIAAAQIECBAgQIAAAQIECBAgMA0EkmxIPf/889OA3hAIECBAgAABAgQIECBAgAABAgQIECBAgAABAukIrL766gMHm2RDauDR+iABAgQIECBAgAABAgQIECBAgAABAgQIECBAgEDtAhpStZPbIQECBAgQIECAAAECBAgQIECAAAECBAgQIECgXQIaUu3Kt9ESIECAAAECBAgQIECAAAECBAgQIECAAAECBGoX0JCqndwOCRAgQIAAAQIECBAgQIAAAQIECBAgQIAAAQLtEtCQale+jZYAAQIECBAgQIAAAQIECBAgQIAAAQIECBAgULuAhlTt5HZIgAABAgQIECBAgAABAgQIECBAgAABAgQIEGiXgIZUu/JttAQIECBAgAABAgQIECBAgAABAgQIECBAgACB2gU0pGont0MCBAgQIECAAAECBAgQIECAAAECBAgQIECAQLsENKTalW+jJUCAAAECBAgQIECAAAECBAgQIECAAAECBAjULqAhVTu5HRIgQIAAAQIECBAgQIAAAQIECBAgQIAAAQIE2iXQuobUq6++Gl555ZXw2muvtSvTRkuAwJjASiutFFZZZZWw8sor96WibvTF5E0EprWAujGt02twBIYioG4MhdVGCUxrAXVjWqfX4AgMRaBs3Vi+fHmI/2dedCjpsFECSQiUrRtVD6p1DamXXnpJ0a36KLI9AgkKxOK72mqr9RW5utEXkzcRmPYCZerGiy++OO09DJAAgckF1I3JjbyDAIEVBeJFc6uuumpfLP5O6YvJmwhMe4EydcPfKdP+cDBAAn0JlKkbfW2wxJta15BSeEscHd5KYJoLvPGNb+xrhOpGX0zeRKAVAupGK9JskAQqFVA3KuW0MQLTXkAje9qn2AAJVC6gblROaoMEpr1AmbpRNYaGVNWitkeAQDICJoiSSZVACTRGQN1oTCoEQiAZAXUjmVQJlEAjBMpMELlwrhEpEwSBkQuoGyNPgQAIJCdQpm5UPTgNqapFbY8AgWQETBAlkyqBEmiMgLrRmFQIhEAyAupGMqkSKIFGCJSZINKQakTKBEFg5ALqxshTIAACyQmUqRtVD05DqmpR2yNAIBkBE0TJpEqgBBojoG40JhUCIZCMgLqRTKoESqARAmUmiDSkGpEyQRAYuYC6MfIUCIBAcgJl6kbVg9OQqlrU9ggQSEbABFEyqRIogcYIqBuNSYVACCQjoG4kkyqBEmiEQJkJIg2pRqRMEARGLqBujDwFAiCQnECZulH14DSkqha1PQIEkhEwQZRMqgRKoDEC6kZjUiEQAskIqBvJpEqgBBohUGaCSEOqESkTBIGRC6gbI0+BAAgkJ1CmblQ9OA2pqkVtjwCBZARMECWTKoESaIyAutGYVAiEQDIC6kYyqRIogUYIlJkg0pBqRMoEQWDkAurGyFMgAALJCZSpG1UPTkOqalHbI0AgGQETRMmkSqAEGiOgbjQmFQIhkIyAupFMqgRKoBECZSaINKQakTJBEBi5gLox8hQIgEByAmXqRtWD05CqWtT2CBBIRsAEUTKpEiiBxgioG41JhUAIJCOgbiSTKoESaIRAmQkiDalGpEwQBEYuoG6MPAUCIJCcQJm6UfXgNKSqFrU9AgSSETBBlEyqBEqgMQLqRmNSIRACyQioG8mkSqAEGiFQZoJIQ6oRKRMEgZELqBsjT4EACCQnUKZuVD04DamqRW2PAIFkBEwQJZMqgRJojIC60ZhUCIRAMgLqRjKpEiiBRgiUmSDSkGpEygRBYOQC6sbIUyAAAskJlKkbVQ9OQ6pqUdsjQCAZARNEyaRKoAQaI6BuNCYVAiGQjIC6kUyqBEqgEQJlJog0pBqRMkEQGLmAujHyFAiAQHICZepG1YPTkKpa1PYIEEhGwARRMqkSKIHGCKgbjUmFQAgkI6BuJJMqgRJohECZCSINqUakTBAERi6gbow8BQIgkJxAmbpR9eA0pKoWtT0CBJIRMEGUTKoESqAxAupGY1IhEALJCKgbyaRKoAQaIVBmgkhDqhEpEwSBkQuoGyNPgQAIJCdQpm5UPTgNqapFbY8AgWQETBAlkyqBEmiMgLrRmFQIhEAyAupGMqkSKIFGCJSZINKQakTKBEFg5ALqxshTIAACyQmUqRtVD05DqmpR2yNAIBkBE0TJpEqgBBojoG40JhUCIZCMgLqRTKoESqARAmUmiDSkGpEyQRAYuYC6MfIUCIBAcgJl6kbVg9OQqlrU9ggQSEbABFEyqRIogcYIqBuNSYVACCQjoG4kkyqBEmiEQJkJIg2pRqRMEARGLqBujDwFAiCQnECZulH14DSkqha1PQIEkhEwQZRMqgRKoDEC6kZjUiEQAskIqBvJpEqgBBohUGaCSEOqESkTBIGRC6gbI0+BAAgkJ1CmblQ9OA2pqkVtjwCBZARMECWTKoESaIyAutGYVAiEQDIC6kYyqRIogUYIlJkg0pBqRMoEQWDkAurGyFMgAALJCZSpG1UPTkOqalHbI0AgGQETRMmkSqAEGiOgbjQmFQIhkIyAupFMqgRKoBECZSaINKQakTJBEBi5gLox8hQIgEByAmXqRtWD05CqWtT2CBBIRsAEUTKpEiiBxgioG41JhUAIJCOgbiSTKoESaIRAmQkiDalGpEwQBEYuoG6MPAUCIJCcQJm6UfXgNKSqFrU9AgSSETBBlEyqBEqgMQLqRmNSIRACyQioG8mkSqAEGiFQZoJIQ6oRKRMEgZELqBsjT4EACCQnUKZuVD04DamqRW2PAIFkBEwQJZMqgRJojIC60ZhUCIRAMgLqRjKpEiiBRgiUmSDSkGpEygRBYOQC6sbIUyAAAskJlKkbVQ9OQ6pqUdsjQCAZARNEyaRKoAQaI6BuNCYVAiGQjIC6kUyqBEqgEQJlJog0pBqRMkEQGLmAujHyFAiAQHICZepG1YPTkKpa1PYIEEhGwARRMqkSKIHGCKgbjUmFQAgkI6BuJJMqgRJohECZCSINqUakTBAERi6gbow8BQIgkJxAmbpR9eA0pKoWtT0CBJIRMEGUTKoESqAxAupGY1IhEALJCKgbyaRKoAQaIVBmgkhDqhEpEwSBkQuoGyNPgQAIJCdQpm5UPTgNqapFbY8AgWQETBAlkyqBEmiMgLrRmFQIhEAyAupGMqkSKIFGCJSZINKQakTKBEFg5ALqxshTIAACyQmUqRtVD05DqmpR2yNAIBkBE0TJpEqgBBojoG40JhUCIZCMgLqRTKoESqARAmUmiDSkGpEyQRAYuYC6MfIUCIBAcgJl6kbVg9OQGkA0fum75pprws477xzWWGONbAvPPPNMuPLKK8Oee+459m/5pjvfH9+35ZZbho022mjCvS9evDg8/fTTYZ999hkgQh8hQKAfgToniMrWjWL8sR7Mnj07vP3tb+9nWKHs+/vaqDcRIJAJ1Fk3fvnLX4Y77rgj7LfffuP2G793XHzxxWHevHlZbYjvXbZsWdhpp51CrDcLFy4Mc+bMyf67873dUhnrRtzGXnvt1fX7Sb6NF154oeuRMGPGjHDQQQeN+w7ksCFAoN66Ufz7o1gHuuWhzO/1I488Eh577LGw9dZbj/0ddPvtt2ffT+Lr/vvv93eLg51ARQJlJoiqbEjl3x/e8Y539P13x2WXXRbWXHPN7PtG50vdqOiAsBkCfQioG30geQsBAisIlKkbVdNpSA0oWmxArbbaauMaVMXNFiei4+duvvnmsPfee086qRUnh+Kr25e7AcP2MQIECgJ1TizH3ZapG8VETdZg6vx5t/9WSxz6BKoRqKNuxN/hONFbfMWGz1ZbbZV9h4ivzgZQ3pDafvvts2bUE0880XXA73nPe8ZNMsX9LV26NMSfXXXVVWGXXXYZ15TqdeFNr59Vo24rBNIWGHbdyCeRJ/q979RbZ511skb3Sy+9FH7605+G3XfffdzfJd0upIm1YtasWWHJkiVhlVVWCTNnzsz+Tpnse0ra2RM9gfoFykwQVdmQyv9eWbRoUdfvAvG7xo9+9KO+QPLvG+pGX1zeRGDKAurGlAltgEDrBMrUjapxNKRKivbzJSxeORj/OItXBN11111h1113HWtYxT/6Hn744XF7fctb3jLuqsL45fLyyy8PcXKp12qqkkPwdgIE/l1g2BNEOXS/dWOyieTOxOV1Q0PKIU2gPoE66kbnRHB+gUpcidBtFUK8Ojn/bhFXbq+++urZ1cqbb7559j0krsq+7777ssnnWDeKqy3jZ+MrX5Edv7vEVeBxgrr43aPMSor6smFPBNIQqKNu5BKdKyTjv+dN587VlvH3ut+GVLdGedx2/O5y5513huLqybzh1e+408iiKAnUJ1BmgmjQhtSgjez4e91tJVVxpXYupW7Ud8zYEwF1wzFAgEBZgTJ1o+y2J3u/htRkQh0/j1+0et2SoriqqbMhtd5662VXNhevTu51+7588mfdddd1C4ySefJ2Av0I9DtRMugfenkMZepGt7gnu/JYQ6qfbHsPgWoE6qob8TtE/M4QL3KJzaR4S+BetaS4Qio2lHbYYYfsdn/PP/981qBaf/31s1v65bf/jNu/4oorsuZU50rsfKIpinW7XWA1krZCoD0CddSNfieXi82iQRrN1113XXjwwQfDqquumtWHWKfiCst8xdVEtzBvT7aNlMDUBcpMEE3175QY7UR/a3S7HXDZlZix/qkbUz8mbIHAZALqxmRCfk6AQKdAmbpRtZ6GVEnRMhPLnQ2pl19+ObtiOf4Blz/jodcKqLivu+++O4vQKqmSifJ2An0I1DFBFMMoUzf6mVDqvPJ4oqsPiwT5ys0+WLyFAIEeAsOuG71qQFzd1LnKOq8HDzzwQNZwmmylZbwoJr4vv0VfXCHV7blQcV+bbrppNkkVnyv10EMPjbuNYCeTOuNXh0B3gWHXjbjXiZ5Z++yzz45dTNdrRdRkuctr09y5c7Nb9sUL7eK24983sfG92267Zbcm7vfW5JPtz88JtFmgzARRFQ2pfN4iXvxSfHW7eDa/YGaiRxAUP6NutPkoNva6BdSNusXtj0D6AmXqRtWj1ZAqKdrvrbcmumVf3N0tt9ySrZKa7DYZ8RkQ8YGi8eVBwSUT5e0E+hCoY4IohlGmbuRhd7vtRfxZnBx++umne66a9AypPpLvLQQGFKirbsTwOr8nFJvbnZNEE9WMAYc57mOTrdQc9v6rGoftEBiFQB11I29IxdWR8Rkv8W+I/PacsfEcm0bx748bb7wxuyXnb37zm2yV5CuvvDJGEn8eX8VnxMRnRcWmdH77z3jnhuIqzPnz52fN6rgKMzaoYsPb829HcZTZ53QSKDNBVEVDqtujAiZqPOUrrIu1o2if14x429/8u4q6MZ2OTmNpqoC60dTMiItAcwXK1I2qR6EhVVK0zEqHbs+Qis92yL+Y9fqjLe4n3mon3v4ivjxLqmSivJ1AHwJ1TBDFMMrUjTzsbg8TjzXlJz/5Sdh3331DrCXxNdFDx/PbcsX3TOWK6D4YvYVAqwTqqBvdVj3OmDEjbLXVVuHxxx/PGtK9GlITrZrMV1N1m4ieKIn5Z+Kqh2Jd6WxQaUi16tfAYEsK1FE38u8DcTI4ThR3rqaMqx7zW3jmDanYZMpXRMSmVVwVGV/FC+E6Vzt0+5sk/54TPxu3UXxOXUkqbydAIIRQZoKoioZURC82oOIzJxctWhR22WWXcc+yLrNCKv9bRd1wWBMYvoC6MXxjeyAw3QTK1I2qx64hNQXRblcSFTeXf1mLqxni66CDDsomkfN/j38UdvuSl9/Pfd68eWN/0E02oT2FYfgogdYK1DFB1Ik7Wd3oVkPiLTHiBHK8IjlOIsUrDvOXhlRrD18DH5FAHXUjbz7vuuuu4aabbspGGm+HFVchxFdcfTBZQyp/X87UqzFdfP7lRKydDah88jqfeNaQGtEBabdJCNRRN4rfBx599NEVVirlv78bbLBB+OlPfzq2QqpMQ+q2226b8JahMQnxzg7x5blzSRySgmy4QJkJoqoaUpEkv6tDcZVTJ1WZFVLxu8JEtxpWNxp+EAovOQF1I7mUCZjAyAXK1I2qg9WQKiGaTyTHZyTESaH4nIa4/Dy/tV6clIlfuuJzouJkUfzj7957782uZI63x9h5552zhlTecIqfjT/rfBW3UfzZRP9eYgjeSoBAQaCuCaJ4VWC/dWOiP/riH4Z5U7v4Hg0phzSBegWGXTeKTev4nSFOHsdbcMXvEfG1zTbbZE3pbg2peJutuJJqzpw52QqHzlfn8+fyyafiaojORlO+jWJDKv8eE589FW/xFb//aEjVexzaWzEUfJoAACAASURBVFoCw64bUaOzIVW87V78efxdnUpDKm4jX6W92mqrrfD3T14TZs6cqSGV1qEp2oYKlJkgGkZDKq8Z/ax27HVRS/HuDupGQw82YU0bAXVj2qTSQAjUJlCmblQdlIZUCdG8IRQbUd2WneeTOPnDwvMrBIt/IMZGVpy0ifdij7fsyx8WHieX8od+rr766l0bVfnP40STe7OXSJy3EphAoI4JokHrRueEb5wwjlcY5pO/+ZDyuvDEE0/0zHO3iWgHBgEC5QXqqBt5VMVVTXGVZLxtXv4Q8WJDKtaZpUuXZt8t4veJbpND3VZIdbvtzmTfRfLbAea1KL/6OTbCujXNywv7BIHpJ1BH3ei1QioXLf7Ol32GVKwtxe8mcZvxNoDxFn2x+RVrQuffQNMvk0ZEoB6BMhNEVTSk8nN5/J3OL5jN/y1eVJfPPXRb8TSRSP63R7z938UXXxziRSzqRj3Hj720U0DdaGfejZrAVATK1I2p7KfbZzWkBhTt9nyGiSZ88z8Q8/u2F1dFFSd+Yij56qqJwtKUGjBhPkagi0AdE0TF3U5WN4rNpYkmd4t/CBb/aOyVYM+QcvgTqE6gjrpRrAX573nnyqXOFVKT1Zr48+L3lM6J5fzz+W164u25iiu+89sFFiemivucbPV3dRmwJQLpCdRVN+KtffM7MhSV8ttwxX/Lf4fzZ932+wypWBOKje+4rbjdG264YYVmdPE5uP2OO72MipjAcAXKTBAN2pAqftfovOCt23eKieY6eq2Q6rxgRt0Y7nFj6+0WUDfanX+jJzCIQJm6Mcj2e31GQ6pqUdsjQCAZgX4nSgb9Qy8ZCIESINC3gLrRN5U3EiDw7wLqhkOBAIEyAmUmiPydUkbWewlMXwF1Y/rm1sgIDEugTN2oOgYNqapFbY8AgWQETBAlkyqBEmiMgLrRmFQIhEAyAupGMqkSKIFGCJSZINKQakTKBEFg5ALqxshTIAACyQmUqRtVD05DqmpR2yNAIBkBE0TJpEqgBBojoG40JhUCIZCMgLqRTKoESqARAmUmiDSkGpEyQRAYuYC6MfIUCIBAcgJl6kbVg9OQqlrU9ggQSEbABFEyqRIogcYIqBuNSYVACCQjoG4kkyqBEmiEQJkJIg2pRqRMEARGLqBujDwFAiCQnECZulH14DSkqha1PQIEkhEwQZRMqgRKoDEC6kZjUiEQAskIqBvJpEqgBBohUGaCSEOqESkTBIGRC6gbI0+BAAgkJ1CmblQ9OA2pqkVtjwCBZARMECWTKoESaIyAutGYVAiEQDIC6kYyqRIogUYIlJkg0pBqRMoEQWDkAurGyFMgAALJCZSpG1UPTkOqalHbI0AgGQETRMmkSqAEGiOgbjQmFQIhkIyAupFMqgRKoBECZSaINKQakTJBEBi5gLox8hQIgEByAmXqRtWD05CqWtT2CBBIRsAEUTKpEiiBxgioG41JhUAIJCOgbiSTKoESaIRAmQkiDalGpEwQBEYuoG6MPAUCIJCcQJm6UfXgNKSqFrU9AgSSETBBlEyqBEqgMQLqRmNSIRACyQioG8mkSqAEGiFQZoJIQ6oRKRMEgZELqBsjT4EACCQnUKZuVD04DamqRW2PAIFkBEwQJZMqgRJojIC60ZhUCIRAMgLqRjKpEiiBRgiUmSDSkGpEygRBYOQC6sbIUyAAAskJlKkbVQ9OQ6pqUdsjQCAZARNEyaRKoAQaI6BuNCYVAiGQjIC6kUyqBEqgEQJlJog0pBqRMkEQGLmAujHyFAiAQHICZepG1YPTkKpa1PYIEEhGwARRMqkSKIHGCKgbjUmFQAgkI6BuJJMqgRJohECZCSINqUakTBAERi6gbow8BQIgkJxAmbpR9eA0pKoWtT0CBJIRMEGUTKoESqAxAupGY1IhEALJCKgbyaRKoAQaIVBmgkhDqhEpEwSBkQuoGyNPgQAIJCdQpm5UPTgNqapFbY8AgWQETBAlkyqBEmiMgLrRmFQIhEAyAupGMqkSKIFGCJSZINKQakTKBEFg5ALqxshTIAACyQmUqRtVD05DqmpR2yNAIBkBE0TJpEqgBBojoG40JhUCIZCMgLqRTKoESqARAmUmiDSkGpEyQRAYuYC6MfIUCIBAcgJl6kbVg9OQqlrU9ggQSEbABFEyqRIogcYIqBuNSYVACCQjoG4kkyqBEmiEQJkJIg2pRqRMEARGLqBujDwFAiCQnECZulH14DSkqha1PQIEkhEwQZRMqgRKoDEC6kZjUiEQAskIqBvJpEqgBBohUGaCSEOqESkTBIGRC6gbI0+BAAgkJ1CmblQ9OA2pqkVtjwCBZARMECWTKoESaIyAutGYVAiEQDIC6kYyqRIogUYIlJkg0pBqRMoEQWDkAurGyFMgAALJCZSpG1UPTkOqalHbI0AgGQETRMmkSqAEGiOgbjQmFQIhkIyAupFMqgRKoBECZSaINKQakTJBEBi5gLox8hQIgEByAmXqRtWD05CqWtT2CBBIRsAEUTKpEiiBxgioG41JhUAIJCOgbiSTKoESaIRAmQkiDalGpEwQBEYuoG6MPAUCIJCcQJm6UfXgNKSqFrU9AgSSETBBlEyqBEqgMQLqRmNSIRACyQioG8mkSqAEGiFQZoJIQ6oRKRMEgZELqBsjT4EACCQnUKZuVD04DamqRW2PAIFkBEwQJZMqgRJojIC60ZhUCIRAMgLqRjKpEiiBRgiUmSDSkGpEygRBYOQC6sbIUyAAAskJlKkbVQ9OQ6pqUdsjQCAZARNEyaRKoAQaI6BuNCYVAiGQjIC6kUyqBEqgEQJlJog0pBqRMkEQGLmAujHyFAiAQHICZepG1YPTkBpQdPlrr4WLHvhV+Nubrws3/uaxEP97zuqzwmFztwz/ZYddwlqrvXHclo+44uLwr/feNeAe/+/Hjp+3a/jzd+085e3YAIG2C4xqguj55a+Eyx9+IPzvX96W1YrTd9+3Zyqee+WV8H9+dUc49Rc3hF8+tSyrN2uv9sZw0CZzw5fm7Ro2edOabU+l8ROoTaDuuvHUSy+Gf7jtpvDNu34RHnr2mWycG89aI/zHrbcPn916+zBzlVW6jn3Qz9UGaUcEWiRQd93IaR/47dPhr25aHC558N6w9PlnwxtWWinMf/MG4au77Ru2Xnud7G1Pv/xS+MDC74YfL32kr4zsOmejcP5+h4Q1V12tr/d7EwEC5QXKTBBV3ZBSN8rnyycINEGgTXWjnzrVLSdxXuV/3fnz8PU7bx2bV9lo5pvCSfMXhI9usXVYqQmJFAOBGgXK1I2qw9KQGkD0pVeXh89fe3n457tvC6++9tq4Lbxj7XXCd/b9QNh8jbVW+JmG1ADYPkJgiAJ1ThA9+dKL4bv33R2+evvN4ZYnfp01leLrsM23DGftddCEo7znmafC71/+vXDTbx7r+p68ofWBTbcYopRNEyCQC9RZN25d9nj46OXfy/5g6vbaa6NNwtl7vzdrUBdfg35OlgkQGI5AnXUjjiB+w/jGnbeGY396ZYiTL52vzdZYK1z53o+EDWbOKt2QOvad88NJ83cbDpStEiCQCZSZIKqqIaVuOPgIpC3QhrpRpk51ZrPX30crr7RSOOf3Dg7v2+RtaR8EoidQUqBM3Si56UnfriE1KdH4N/z9L24Mf7L46rDqyiuHE+a9Jxz5ju3CzFVWDRc/eE/4g2sWhd+8+EJWyP5l74PCaiu/YYA9+AgBAnUI1DVB1Hn18Rvf8Ibs6psXli/v2ZD67csvh0MWfTfc8PjS8Pnf2SF89h3bh41mvSm8/OrycNnDD4Sjf3R5tmLi7WvNDosO/HA2seRFgMBwBeqqG7954flw8Pe/k63Cjr/jp71n77D7BhuH5a+9Gr519x3hPy++OsRVUEe+453h1PfsPXZF36CfG66arRNot0BddSNXPueeO8NR1ywMLy5fHn7vLZuEv5y/e9hunfWy+hG/P/x/t/wsnLnnASFeFdzP6+Ynfh0OuuTfsrdefOCHwvbrvLmfj3kPAQIDCpSZIKqqIaVuDJgsHyPQEIE21I1B69S9zzyV/V31q6efzO408Vfv3i28b9O3hRlvWCW78C/+XfXJLX8nuMi3IQezMGoTKFM3qg5KQ6qk6KPPPRv2veTcrGgdt8Mu4S922GWFZZ3fuvv28NkfLsoaURfsf0hYMOctJffg7QQI1CVQ1wRRbEh96qpLwzpvnBE+teW2Yf6b54TPXPX97BaevVZIxc/9vz++Mhyz3byw7ez1xrHE2+scsuj88MzLL4V/3uugcOhmb6+Lzn4ItFagrroRb9P3Rz+5Mmw4c1b4/oEfDluuNXsF8/z7RlwleemBHxqrEYN+rrUJNXACNQjUVTfiUO56alnY/5Jzw5Lnng0f22Lr8D9322fcBXJxlXa8GrjfW9Mcd/0Pw8k/vz7sueFbw3n7fmDCW4XWQGkXBFohUGaCqIqGlLrRisPKIKe5wHSvG4PWqXiHq49dfnG48IFfhbetuXa4aP8PjrubVVx5Fe9+FW9t7EWgTQJl6kbVLhpSJUXPu++X4eNXXJxNEC088MNZQSu+lr34Qjjw0vOy22t51lNJXG8nULNAnRNEnUPLb+HZqyE12RejuDrifQu/GxY/tkS9qfnYsbv2CtRRN+Lv/scu/16I3zk+s9V24R8W/N448OLKy/++y57hD7d5V3abrkE+195sGjmBegTqqBtxJLEGxNXTZ9zx87DDuutnky7rzlh9SoPML8aLVxXHZ15+fIttprQ9HyZAYHKBMhNEU21IqRuT58M7CKQgMJ3rxlTq1KUP3RcO/8GFYZWVVg7/tu/7s4trvAgQeF2gTN2o2kxDqqToH177g/C1O28J791kbvg/ex+c3bav8xVXQpz9qzt6vqfkbr2dAIEhCNQ1QdQt9H4aUpMNuTgh/eX5C8KfvPPdk33EzwkQmKJAHXWj+Lvd6+KWvI589G3vCN/43QNWeBZMmc9NkcTHCRCYRKCOuhFDKN7J4a932iMcs+28KecmPjP3qGsWZRfhuT3wlDltgEBfAmUmiKbakFI3+kqJNxFovMB0rhuD1qnYyPrctZdlz9W0yrvxh7AARyBQpm5UHZ6GVAnR55e/Ej582QXhBw8/EP78XTtnKxK6vf7m59eF46+/Nuw6Z6Pw1d32DQdfel548NlnSuypv7f2WlnR3xa8i0C7BeqaIOqmXEVDKj4/au/v/WtY8txvw7n7vD/sv/Fm7U6o0ROoQaCOulH8vjHRCqniaqj4jJhYA+Ir/55S5nOrv2GVGuTsgkB7BeqoG1H3+w/dl9WAzlt5Dir/3CuvhEMXnR+uXPJgOPad88NJ83cbdFM+R4BACYEyE0RTbUipGyUS460EGiwwnevGoHXq1y88F/b53rnhzqeeCPkdJRqcQqERqF2gTN2oOjgNqRKi/a5G+M59d4ePXn5ReOusNcK39zk4fOSyizSkSjh7K4G6BOqaIBpWQ+rvf3Fj+JPFV2e35fneAYeGtVd7Y1109kOgtQJ11Y38mS2brbFWuPiAQ8PcNdZawbx4H/V4Acz5+x0S1lx1tTDo51qbUAMnUINAXXUjf4bcu+L3gv0/GC575IHwX2/4cbjnmaey50W9fa3Z4T9vv1P4yNyt+npOwrVLHw7v//53w4w3vCFcfOCHwvbrvLkGLbsgQKDMBNFUG1LqhuONwPQQmM51Y9A6deuyx8MBl/xbePaVl8N39/1AWH/1WeHYn14Zfvjow+HF5cvDnNVnhcPmbhn+yw67ZBfzeBFom0CZulG1jYZUCdFid/3svQ8OH9xsi66fLjakrnrf4WGjmW/q+r6/uumn4cs3/Djkt9opvilfPdFrPyVC91YCBLoI1DVBNIyG1E8eWxI+tOj87BZd/7TbvuH3t9hajgkQqEGgrrrx8yd+Hd576XdC/O6x7ez1wj/tvm+Ik8zxtejh+8MXf3xFiKskX3711WxFdt6QGvRzNdDZBYHWCtRVN+LfFfHvi53X3zDsuv5G4dRf3JA9pLvz9bEttg7/c7d9wmorv2HCnBRvc3PIZluEs/Y8qOutylubVAMnMESBMhNEU21IqRtDTKRNE6hRYDrXjUHr1E8fWxLe9/3vZM/JiXe5+pubF4ffvPjCuKzE2xLH525u3nEBYI3psysCIxEoUzeqDlBDqoToI8/9Nvzuhedkq52qbEh1e86DhlSJxHgrgQEF6pog6hbeVG7Zd+8zT4WDv/+dEB8w3s+k0oA8PkaAQBeBOuvGt++5M/zBDxeFeNusztc2s9cN737zBuHMu34R8lv25bfeG/RzEk6AwHAE6qob+XeLjWetEV557dVwzLY7hs9stW1YY9XVsudLnXDDj8JZv7wtG+Tf7LRH+Pzv7DDhgON3jP0uOTc89vxz2XNz4/NzvQgQqEegzATRVBtS6kY9ObUXAsMWmM51Y9A6lS8WiKuf4v/tuN76IT5jc9M3rRniLdLPvvuO8GfXXROeeunFsO9bNg3n/N77wsxV3Mp82Meq7TdHoEzdqDpqDakSostefCEceOl54abfPJatSPjElr/T9dN50Yu32bnyvR8JG8yc1fV9+QopDakSSfBWAhUK1DVB1C3kQRtST7z4QjjssgtDvI3Obhu8JXtujFv1VXhQ2BSBSQTqrhu3PPF49ofSj5Y+nDWm4u/7YXO3CifNXxD+/Lofhq/deUvo9kzJQT/nACBAoHqBuupG/t1i1ZVX7rp6+qVXl4ePXX5xuPCBX62wsrLbiE+59Ybwp4uvDjuuN8dtgas/JGyRQE+BMhNEVTWk1A0HJYG0BaZz3Rj0+00+Nxsze/jcrcIZe+w3bnX4N+/6RfjctZdlF+/EVVLxgj8vAm0RKFM3qjbRkCohWnyGVLcmUr6pv/n5deH466+d9A+9P7z2B9lE0pfnLwh/8s53rxCJFVIlEuOtBAYUqGuCqKqG1JLnng3/z+UXhbj0XDNqwKT7GIEpCoyybhRDj1f1ffiyC8IPHn6g6/eIiYY56OemyObjBFotUFfdyG9ps9Va64TL3vvh8OYZM8e5xxWU/+HKS7Jn3U50a/EnX3oxvPfS88LPHl+aXUl8zLbzWp0/gydQt0CZCaKpNqTUjbqza38EhiMwnevGoHUqv2Vf/PsnXsi7/8abjcN/8LfPhD2/d054+Nnf9rwT1nCyZqsERitQpm5UHamGVEnRvFF06GZvD/+y93uzBwR3vvJGU7dnQ+XvzSeErnjkwXDO7x0c3rfJ21bYjIZUycR4O4EBBOqaIOoWWtkVUvGL0mE/uDBbobnXRpuEs/d+r5VRA+TcRwhMVWCUdaMYe/F2WhP9gdVtrIN+bqpuPk+gzQJ11Y38od87rb9huHC/Q7o+oLufZ91+74F7sgtg1l99Zlh44IdDfLaCFwEC9QmUmSCaakNK3agvr/ZEYJgC07luDFqnbl32eDjgkn8LLy1fHi7c/4PZMzY7X/0+mmWYubNtAqMSKFM3qo5RQ6qkaF4I377W7LDowA+Pux1fv7f1yyeEXly+PFx64IeyB5YXX70aUnc//WQ48pqFYa8N3xqOfee73eO0ZA69nUAuUNcEUTfxMg2pu55aFj646PzsmVEf2vzt4au77ZstKfciQKB+gVHWjeJoB72d1qCfq1/aHglMH4G66sZVSx4Mhyw6P2tEXXbQYWGLLo2kfIXURKuoXn711XDElReH7953d/jUVtuGf1ywT9cL8KZPdoyEQPMEykwQTbUhpW40L/8iIjCIwHSuG4PWqX7mZ/MVUvGZmWUu8hskRz5DoGkCZepG1bFrSJUUvfmJX4eDLvm3sOylF7M/0D7Z8Rypb919e/jsDxdNekVhPiG065yNwvn7HRLW7Jhc7tWQuu7Xj4aDv/+dsMHqsya8HUfJYXk7gVYK1DVBNJWGVLyq58OXXRge+O3T4bNbbx/+2067j7vvcSuTZ9AERiRQV914LYTw6muvhTesNH4t9k8eWxI+tOj87LvI3+y0R/j87+wwpjHo50bEabcEWiFQV90o3mrvi9vtGP7q3buv0EyKz6E7/AcXhkUP3x8O2WyLcNaeB4X43JjiK/9b54Xly8MF+x8SFsx5SytyZJAEmiRQZoJoqg0pdaNJmRcLgcEFpnPdmEqdOu76H4aTf3592GHd9bNnRK07Y/UVkP/+FzeGP1l8ddhw5iyrwgc//HwyUYEydaPqIWpIlRSNEz1H/+jycMYdP8+uPvxvO+0Rfn+Ld2RbueTBe8PnfnhZNkF0wrxdw3/efqeuW4+rHfa/5Nyw9Pnnxk0k5R/o1ZD6/kP3Zc+NiMtNv7vvIeFNq65achTeToBAFKhrgqibdj8rpOKzGw7/wUVhyXO/DX+xwy5ZTek2OS2bBAjUJ1BX3YjPrfzElZeEAzbeLBz+tndkt+iMf4yd/as7wpd+9qPw1Esvhj023Di7kq94Ucugn6tP0J4ItE+grroRZc+775fhU1ddGl559dXw/243P/zRO+dn9SOusv7iT64MCx+6L6z7xhnh/P0/GOavN2dcMvKJmx3XmxO+d8Chbg/cvsPViBsgUGaCaKoNKXWjAQkXAoEKBKZ73Rj0+01cAXXQ988Lv3xqWfYc7riwIN7x6rcvvxT+x603hL/9+XUhrg7vNYdbQXpsgkAjBcrUjaoHoCE1gGicEIoNoR8++vC4T6+80krh41tsE/5+wd5dVzHEZtRHfnBhuOPJJ7JiGCeS4h+Jna9eDakz7/pFtgrrsM23DGftddAAI/ARAgSiQF0TRHGC+AMLvxt+vPSRSeHz3+syn4kbPXvvg8MHN9ti0u17AwECUxOoq2789uWXwyGLvtv1u0YcwUFv3Tz8rz32D+u8ccYKAxr0c1NT8WkCBHoJ1FU3Ygzx4rmv3PTTcNKNP8lWWXa+Zq6ySnbr34/M3Wrczx597tmw7yXnZpM2f73THuGYbedJLAECIxAoM0FURUNK3RhBku2SQMUC071uTKVO5XeX+M2LL4xTn2wOt+I02RyBRgmUqRtVB64hNaBovOXFP91+czjtFzeG+BC8uGohdtnjCob4B17nKoZYPOPKpiOvXhh+/cJzYbM11grn7vO+cc+OysPJG1JH/8688JWddh/bXrxt10cv/16IKye+PH9B+JN3vnvAEfgYAQJ1TRCVaS5pSDkuCTRboK66ERWWPPds+Ivrfxi+e98vQ/zeESeSt13nzeGPttsxHLzJ2yZcMTno55otLzoC6QrUWTfyptSVjzwYTvjZtSHegi8+szZeAHfQJnPDl+btGjZ505pdMf/57tvCUdcsctuadA81kU8TgTITRFU0pNSNaXLgGEarBdpQN+K86iDfb+KBEedSv3TDj8PFD9yT3XXijW94Q9h+nTeHE3dcEPbc6K2el9nq3572Dr5M3ahaSUOqatEu24uF7z/9+IqsIRWvVIyNq7P3fu+Ezai4idjsirfV6HZlY/z5m2fMDN874IPhneu8uYYR2AWB6SlQ9wTR9FQ0KgLtElA32pVvoyVQhYC6UYWibRBoj0CZCaKqGlLt0TVSAtNTQN2Ynnk1KgLDFChTN6qOQ0OqatGO7T387G/DgZf+W4i36otLQT+02dvD3y/4vez5U71ez7z8UviL634Y4pWK8aro/BW3seVas8Pf7bJn2HujTYYcvc0TmN4CJoimd36NjsAwBNSNYajaJoHpLaBuTO/8Gh2BqgXKTBBpSFWtb3sE0hRQN9LMm6gJjFKgTN2oOk4NqapFu2wv3q/0+J9dG/5s+50tBa3B2y4I9CtggqhfKe8jQCAXUDccCwQIlBVQN8qKeT+BdguUmSDSkGr3sWL0BHIBdcOxQIBAWYEydaPstid7v4bUZEJ+ToDAtBUwQTRtU2tgBIYmoG4MjdaGCUxbAXVj2qbWwAgMRaDMBJGG1FBSYKMEkhNQN5JLmYAJjFygTN2oOlgNqapFbY8AgWQETBAlkyqBEmiMgLrRmFQIhEAyAupGMqkSKIFGCJSZINKQakTKBEFg5ALqxshTIAACyQmUqRtVD05DqmpR2yNAIBkBE0TJpEqgBBojoG40JhUCIZCMgLqRTKoESqARAmUmiDSkGpEyQRAYuYC6MfIUCIBAcgJl6kbVg9OQqlrU9ggQSEbABFEyqRIogcYIqBuNSYVACCQjoG4kkyqBEmiEQJkJIg2pRqRMEARGLqBujDwFAiCQnECZulH14DSkqha1PQIEkhEwQZRMqgRKoDEC6kZjUiEQAskIqBvJpEqgBBohUGaCSEOqESkTBIGRC6gbI0+BAAgkJ1CmblQ9OA2pqkVtjwCBZARMECWTKoESaIyAutGYVAiEQDIC6kYyqRIogUYIlJkg0pBqRMoEQWDkAurGyFMgAALJCZSpG1UPTkOqalHbI0AgGQETRMmkSqAEGiOgbjQmFQIhkIyAupFMqgRKoBECZSaINKQakTJBEBi5gLox8hQIgEByAmXqRtWD05CqWtT2CBBIRsAEUTKpEiiBxgioG41JhUAIJCOgbiSTKoESaIRAmQkiDalGpEwQBEYuoG6MPAUCIJCcQJm6UfXgNKSqFrU9AgSSETBBlEyqBEqgMQLqRmNSIRACyQioG8mkSqAEGiFQZoJIQ6oRKRMEgZELqBsjT4EACCQnUKZuVD04DamqRW2PAIFkBEwQJZMqgRJojIC60ZhUCIRAMgLqRjKpEiiBRgiUmSDSkGpEygRBYOQC6sbIUyAAAskJlKkbVQ9OQ6pqUdsjQCAZARNEyaRKoAQaI6BuNCYVAiGQjIC6kUyqBEqgEQJlJog0pBqRMkEQGLmAujHyFAiAQHICZepG1YPTkKpa1PYIEEhGwARRMqkSKIHGCKgbjUmFQAgkI6BuJJMqgRJohECZCSINqUakTBAERi6gbow8BQIgkJxAmbpR9eA0pKoWtT0CBJIRMEGUTKoESqAxAupGY1IhEALJCKgbyaRKoAQaIVBmgkhDqhEpQee6NwAAIABJREFUEwSBkQuoGyNPgQAIJCdQpm5UPTgNqapFbY8AgWQETBAlkyqBEmiMgLrRmFQIhEAyAupGMqkSKIFGCJSZINKQakTKBEFg5ALqxshTIAACyQmUqRtVD05DqmpR2yNAIBkBE0TJpEqgBBojoG40JhUCIZCMgLqRTKoESqARAmUmiDSkGpEyQRAYuYC6MfIUCIBAcgJl6kbVg9OQqlrU9ggQSEbABFEyqRIogcYIqBuNSYVACCQjoG4kkyqBEmiEQJkJIg2pRqRMEARGLqBujDwFAiCQnECZulH14DSkqha1PQIEkhEwQZRMqgRKoDEC6kZjUiEQAskIqBvJpEqgBBohUGaCSEOqESkTBIGRC6gbI0+BAAgkJ1CmblQ9OA2pqkVtjwCBZARMECWTKoESaIyAutGYVAiEQDIC6kYyqRIogUYIlJkg0pBqRMoEQWDkAurGyFMgAALJCZSpG1UPTkOqalHbI0AgGQETRMmkSqAEGiOgbjQmFQIhkIyAupFMqgRKoBECZSaINKQakTJBEBi5gLox8hQIgEByAmXqRtWD05CqWtT2CBBIRsAEUTKpEiiBxgioG41JhUAIJCOgbiSTKoESaIRAmQkiDalGpEwQBEYuoG6MPAUCIJCcQJm6UfXgNKSqFrU9AgSSETBBlEyqBEqgMQLqRmNSIRACyQioG8mkSqAEGiFQZoJIQ6oRKRMEgZELqBsjT4EACCQnUKZuVD04DamqRW2PAIFkBEwQJZMqgRJojIC60ZhUCIRAMgLqRjKpEiiBRgiUmSDSkGpEygRBYOQC6sbIUyAAAskJlKkbVQ9OQ6pqUdsjQCAZARNEyaRKoAQaI6BuNCYVAiGQjIC6kUyqBEqgEQJlJog0pBqRMkEQGLmAujHyFAiAQHICZepG1YPTkKpa1PYIEEhGwARRMqkSKIHGCKgbjUmFQAgkI6BuJJMqgRJohECZCSINqUakTBAERi6gbow8BQIgkJxAmbpR9eBa15B66aWXwmuvvVa1o+0RIJCYQJnCq24kllzhEhiSgLoxJFibJTCNBdSNaZxcQyMwJIEydUNDakhJsFkCiQmsvPLKYdVVV+0ranWjLyZvIjDtBcrUjaoxWteQevXVV8PLL79ctaPtESCQmED8shaLbz8vdaMfJe8hMP0FytSN5cuXh1deeWX6oxghAQI9BdQNBwgBAmUF1I2yYt5PgIC64RggQKCsQJm6UXbbk72/dQ2pyUD8nAABAgQIECBAgAABAgQIECBAgAABAgQIECBAoFoBDalqPW2NAAECBAgQIECAAAECBAgQIECAAAECBAgQIECgQ0BDyiFBgAABAgQIECBAgAABAgQIECBAgAABAgQIECAwVAENqaHy2jgBAgQIECBAgAABAgQIECBAgAABAgQIECBAgICGlGOAAAECBAgQIECAAAECBAgQIECAAAECBAgQIEBgqAIaUkPltXECBAgQIECAAAECBAgQIECAAAECBAgQIECAAAENKccAAQIECBAgQIAAAQIECBAgQIAAAQIECBAgQIDAUAU0pIbKa+MECBAgQIAAAQIECBAgQIAAAQIECBAgQIAAAQIaUo4BAgQIECBAgAABAgQIECBAgAABAgQIECBAgACBoQpoSA2V18YJECBAgAABAgQIECBAgAABAgQIECBAgAABAgSSbEgtW7ZM5ggQIECAAAECBAgQIECAAAECBAgQIECAAAECBGoUmD179sB7S7IhNfBofZAAAQIECBAgQIAAAQIECBAgQIAAAQIECBAgQKB2AQ2p2sntkAABAgQIECBAgAABAgQIECBAgAABAgQIECDQLgENqXbl22gJECBAgAABAgQIECBAgAABAgQIECBAgAABArULaEjVTm6HBAgQIECAAAECBAgQIECAAAECBAgQIECAAIF2CWhItSvfRkuAAAECBAgQIECAAAECBAgQIECAAAECBAgQqF1AQ6p2cjskQIAAAQIECBAgQIAAAQIECBAgQIAAAQIECLRLQEOqXfk2WgIECBAgQIAAAQIECBAgQIAAAQIECBAgQIBA7QIaUrWT2yEBAgQIECBAgAABAgQIECBAgAABAgQIECBAoF0CGlLtyrfREiBAgAABAgQIECBAgAABAgQIECBAgAABAgRqF9CQqp3cDgkQIECAAAECBAgQIECAAAECBAgQIECAAAEC7RLQkGpXvo2WAAECBAgQIECAAAECBAgQIECAAAECBAgQIFC7gIZU7eR2SIAAAQIECBAgQIAAAQIECBAgQIAAAQIECBBol4CGVLvybbQECBAgQIAAAQIECBAgQIAAAQIECBAgQIAAgdoFNKRqJ7dDAgQIECBAgAABAgQIECBAgAABAgQIECBAgEC7BDSk2pVvoyVAgAABAgQIECBAgAABAgQIECBAgAABAgQI1C6gIVU7uR0SIECAAAECBAgQIECAAAECBAgQIECAAAECBNoloCHVrnwbLQECBAgQIECAAAECBAgQIECAAAECBAgQIECgdgENqdrJ7ZAAAQIECBAgQIAAAQIECBAgQIAAAQIECBAg0C4BDal25dtoCRAgQIAAAQIECBAgQIAAAQIECBAgQIAAAQK1C2hI1U5uhwQIECBAgAABAgQIECBAgAABAgQIECBAgACBdgloSLUr30ZLgAABAhMIzJ8/f+wn119/PScCBAgQIFCpgPNMpZw2RoAAAQIECBAgQIBAggIaUgkmTcgECBAgUL2AicLqTW2RAAECBP6vgPOMo4EAAQIECBAgQIAAgbYLaEi1/QgwfgIECBDIBEwUOhAIECBAYJgCzjPD1LVtAgQIECBAgAABAgRSENCQSiFLYiRAgACBoQuYKBw6sR0QIECg1QLOM61Ov8ETIECAAAECBAgQIBBC0JByGBAgQIAAASukHAMECBAgMGQBDakhA9s8AQIECBAgQIAAAQKNF9CQanyKBEiAAAECdQiYKKxD2T4IECDQXgHnmfbm3sgJECBAgAABAgQIEHhdQEPKkUCAAAECBKyQcgwQIECAwJAFNKSGDGzzBAgQIECAAAECBAg0XkBDqvEpEiABAgQI1CFgorAOZfsgQIBAewWcZ9qbeyMnQIAAAQIECBAgQOB1AQ0pRwIBAgQIELBCyjFAgAABAkMW0JAaMrDNEyBAgAABAgQIECDQeAENqcanSIAECBAgUIeAicI6lO2DAAEC7RVwnmlv7o2cAAECBAgQIECAAIHXBTSkHAkECBAgQMAKKccAAQIECAxZQENqyMA2T4AAAQIECBAgQIBA4wU0pBqfIgESIECAQB0CJgrrULYPAgQItFfAeaa9uTdyAgQIECBAgAABAgReF9CQciQQIECAAAErpBwDBAgQIDBkAQ2pIQPbPAECBAgQIECAAAECjRdoXUPq8msWh7//+jnhnvseanxyplOAczfbOBx95EfDnu+ZP52GZSwECEwjgaomCp1n0jgonJfSyJMoCUwngarOM9PJxFgIECBAgAABAgQIEGiXQOsaUgd99PPhkUd/3a4sN2S0G280J1z0L6c2JBphECBAYEWBqiYKnWfSObKcl9LJlUgJTAeBqs4z08HCGAgQIECAAAECBAgQaKdA6xpS79rr8HZmuuJRn/DHnw0bbbB++Owf/ddSW77pinNKvd+bCRAgUJdAVROFzjN1ZWzF/TgvjcbdXgkQ6F+gqvNM/3v0TgIECBAgQIAAAQIECDRLQEPq3/Nx3jf+e4i378lfTz71TPY/115rjXEZe+zxJ8Jxf/UPYfGNt479bKcdtg0n/fkfhmsX3xRO/Nt/WuEz+c/WX2+dsX//zsWXh5/dfHv4g098OLxp1swV9vPTG24da/RMNMH2T//9v2Tb6tUQ6uc9cfvbb7NlOPRTf5RtL/73gp3eNW58+c8+eNDePY/gOK7O8Rc/oCHVrAIgGgIE/q9AVROFZRpSE9XpQc4bN996Z/jURz8QVl11lWxQzz73fPjK//h6+PRHPxBuvu2urDZ3O1cdvN8e4djP/Yfw7fMXhn/8xrcnPCTi+WG/PXfNtnnRwqv7PnTiPv/06E+Fr599/tjn4j7jbVxPPePscdtyXuqb1hsJEEhMoKrzTGLDFi4BAgQIECBAgAABAgTGBDSkuhwMsTmVT97ljZh+VgP1aubE7XzuUx8JB+2zW/jyyaeHz3z8g+GFF14Mb91oTvjrU78R5r9rm7GfxUZX3NZkzZ889GIDqzicfhpSZ5/+12GNWTNDvG3RRK+8AXfgPgtWaF51vr/Trdv2NKRUHwIEmipQ1URhFQ2p3KjMeSO+d/dd54WPHvWnWeMpbwLlDal4EcSf/adPh4VX/niFCwc6L8go5ufll18J3zj7/LFGVd68uuLa67Lm1KyZq3dNZ3xOY36hQ3xDsQH12K+fGNegKm7EeampvyHiIkBgqgJVnWemGofPEyBAgAABAgQIECBAYFQCGlL/Lp9PssUry2+941fZyqPY0Nl53rbjchNXAcVVRcUVVb0SmE/MlZlYzLfX7wqpiWLtFlfewCrGU1ztNdFY+mmSWSE1ql9l+yVAYKoCVU0UTtSQmmqdnuxChrwh9fQzz4ZlTz4dtpy7SbYqKTakHnxkadh6y83HrUiKzag3vWlmRte5Win+LL6KjaXcuNcKp2Ie+jlvFC+qcF6a6lHs8wQINFmgqvNMk8coNgIECBAgQIAAAQIECPQS0JAq6HTetqjbCqP4b488+ljP29JNBD5oQ2qilVITrYyK+4/7irdueunll7veXim/bdO9DzwSvvbP38luN1i8pWA+hvyWT/H2TJ23UeocpxVSig0BAikLVDVR2O8KqcnqdF7L+11Z26shVVz1m+eoeI6L57989dSvH1+WnT8uWnT12LmueM6IF2yUaUgVbwvbeXwUY3BeSvm3R+wECPQjUNV5pp99eQ8BAgQIECBAgAABAgSaKKAhFcLYMzWKDZnYiHng4UdDvNL8wu9flV1hHm+tF69QLzakuj2PI06wvXmdtVe4qrx4S6R4C6Slv/5N+NV9D014y778YOl3hVTx4Mpv1fTiyy9n//ziiy+FT37h+BWOv/xK/V5Nrc4Dtp8r3a2QauKvuZgIEOhHoKqJwn4aUv3U6bLnjW4NqXge2Prtm48bfuct9fLmWP78qfiBbvU8XzUVV15N9Ayo4s4mu5Ch2JByXurnKPUeAgRSFqjqPJOygdgJECBAgAABAgQIEGi3gIZUIf/5BOGiq38S9t1jl/DMs8+FF158acKGVD6BFzdRfMZG3rjpfPZGcYVUfLZHvIVSfIbUaqutusIznGKTKDa0+r0lYP6Mp/y2e/lKpfjcq/iKDbTOZ2B987Qvh6ee/m2YMeONVki1uwYYPQEC/y5Q1URhPw2pfup0DKvMeePmW+/MniHV7ZZ9d93zwNgt/OKK1/xiivxCjM7zSNx3sSHW65lQcXsTvfq5kCG/MMJ5ya8iAQLTXaCq88x0dzI+AgQIECBAgAABAgSmr4CGVJeGVN4o+vUTT2Y/7bZCKv57fKD7V/7H18Mmb9kg5LdUWv/N64RjP/cfwrfPX5h99iMf2C+c/I//O8QJu+LE4hf/48dDfLD72zbbOHz55NPD/HdtM7aN4vOcOm8jmE9QFrdbPDzjBGKMO38GVvxZ/N/Ff8/fP9Hqq6lMLFohNX2LhZERmO4CVU0UTtaQKlOny5w38hVS8dzy0JKlYdcd3zn2DKl4y754YUKvW86WOScM45Z98fgqE0P+/olua5sfr85L0/031/gIpCNQ1XkmnRGLlAABAgQIECBAgAABAisKaEgVPPIVUvFWRLGBlN9KKE7g5c/AmOgZUvlt+uLm8oZQ58HW+bD24sRbtwe551eW55NpxVsbdf6s8/kecd+dz8DqfEB9cf/FK+GLcRefIVXFL89NV5xTxWZsgwABApULVDVROFFDapA6Xfa8EVFiPX/Tm2aG4/7qH0K8wCFfjfWzm29f4TZ7naukuoF2rvTNb8HX7y37ituM+zv+2KPCxZf9MPzjN77dNX/OS5Uf1jZIgECDBKo6zzRoSEIhQIAAAQIECBAgQIBAKQENqQJXZ0Mq/qg4YdfrKuv8gfCxgZNPAnZmonNiMZ8kPPFv/2mF1VP5BOJb37JB9lD5uBJr1szVV9hcnCT80XU3h/e8e/vw4MOPZj+LV8DHV7erxfNJxX322Dl7z6Gf+qMVrkQ/+/S/Dtf8+IYVJgmLV8DHz8TnhUSDeDvDfDJy9lprjt2usFtTrdNAQ6rU76c3EyBQo0BVE4UTNaTyml+mTpc5b8Tt5quk7vjlvWHBTu/KzkfxFrHx/BDPNbHhk/97cTVut2ZRt3PiRM2tbmnKt3nVj38WfnfXHbNG1PU33RZO+vM/DNcuvimLp3P1brEh5bxU48FvVwQI1CJQ1XmmlmDthAABAgQIECBAgAABAkMQ0JAqoHZOvuXPiLrhljvGbntXvOo8n/z71Ec/kG0lPkcqvuJ/xyZRbPrEV7er0G/+xV1h3dlrZbfri5OC/TRzOlc8TXY8TPb+Mleif/qjH8gmNOMV9vF///Wp38jizl/5vuIzTPLbFxZ/nr9PQ2qyrPk5AQKjEqhqonCyW/YVxzdRnR7kvNHZVMpX9MYVvvGZiJtuvGF2C9n37f+7YfNNNhq7eCI/18ULIGKTKH913pav20UKp55xdraiuNsrbzZ97Z+/03VlVPE5Wnk8B+6zYOyZh5Ot3HVeGtVviv0SIDCoQFXnmUH373MECBAgQIAAAQIECBAYtYCG1L9nIJ/4yh/sHq8on7P+utkzooqTbfntiuLH5m62cej2IPj4s+KD3PMHtufJLk4aPvDwo+HP/tOnV1gBFbd50cJrwuGH7DduZVTnAdPrlnplGlKTXYmeG0x0i6d+b+2nITXqX3n7J0BgIoGqJgqraEh1xtjPeWP58uXhJz+7ZYWmUl6z4/Y6V+/m56nieSxvTq266ipZCMXzV/Gckq8K7ly9m8fdeW6Mn9153rYrDKvb+bPMCinnJb/LBAikJlDVeSa1cYuXAAECBAgQIECAAAECuYCGlGOhVgENqVq57YwAgRICVU0UlmlIlQjPW4ck4Lw0JFibJUBgnEBV5xm0BAgQIECAAAECBAgQSFVAQyrVzCUat4m/RBMnbAItEKhqolBDKq2DxXkprXyJlkDKAlWdZ1I2EDsBAgQIECBAgAABAu0WaF1Dav+PfC4s/fVv2p31EY1+443mhIv+5dQR7d1uCRAg0FugqolC55l0jjTnpXRyJVIC00GgqvPMdLAwBgIECBAgQIAAAQIE2inQuobUxZf9MPz5X57WzmyPeNR/c8IxYb89dx1xFHZPgACB7gJVTRQ6z6RzhDkvpZMrkRKYDgJVnWemg4UxECBAgAABAgQIECDQToHWNaTamWajJkCAAIHJBEwUTibk5wQIECAwFQHnmano+SwBAgQIECBAgAABAtNBQENqOmTRGAgQIEBgygImCqdMaAMECBAg0EPAecbhQYAAAQIECBAgQIBA2wU0pNp+BBg/AQIECGQCJgodCAQIECAwTAHnmWHq2jYBAgQIECBAgAABAikIaEilkCUxEiBAgMDQBUwUDp3YDggQINBqAeeZVqff4AkQIECAAAECBAgQCCFoSDkMCBAgQICAFVKOAQIECBAYsoCG1JCBbZ4AAQIECBAgQIAAgcYLaEg1PkUCJECAAIE6BEwU1qFsHwQIEGivgPNMe3Nv5AQIECBAgAABAgQIvC6gIeVIIECAAAECVkg5BggQIEBgyAIaUkMGtnkCBAgQIECAAAECBBovoCHV+BQJkAABAgTqEDBRWIeyfRAgQKC9As4z7c29kRMgQIAAAQIECBAg8LqAhpQjgQABAgQIWCHlGCBAgACBIQtoSA0Z2OYJECBAgAABAgQIEGi8gIZU41MkQAIECBCoQ8BEYR3K9kGAAIH2CjjPtDf3Rk6AAAECBAgQIECAwOsCSTaknn/+efkjQIAAAQKVCuy+++5j27vmmmsq3baNESBAgACB4nnm+uuvB0KAAAECBAgQIECAAIHWCSTZkGpdlgyYAAECBIYu4Mr1oRPbAQECBFot4DzT6vQbPAECBAgQIECAAAECqa6QkjkCBAgQIFC1gInCqkVtjwABAgSKAs4zjgcCBAgQIECAAAECBNouYIVU248A4ydAgACBTMBEoQOBAAECBIYp4DwzTF3bJkCAAAECBAgQIEAgBQENqRSyJEYCBAgQGLqAicKhE9sBAQIEWi3gPNPq9Bs8AQIECBAgQIAAAQJu2ecYIECAAAECrwuYKHQkECBAgMAwBZxnhqlr2wQIECBAgAABAgQIpCBghVQKWRIjAQIECAxdwETh0IntgAABAq0WcJ5pdfoNngABAgQIECBAgAABK6QcAwQIECBA4HUBE4WOBAIECBAYpoDzzDB1bZsAAQIECBAgQIAAgRQErJBKIUtiJECAAIGhC5goHDqxHRAgQKDVAs4zrU6/wRMgQIAAAQIECBAgYIWUY4AAAQIECLwuYKLQkUCAAAECwxRwnhmmrm0TIECAAAECBAgQIJCCgBVSKWRJjAQIECAwdAEThUMntgMCBAi0WsB5ptXpN3gCBAgQIECAAAECBKyQcgwQIECAAIHXBUwUOhIIECBAYJgCzjPD1LVtAgQIECBAgAABAgRSELBCKoUsiZEAAQIEhi5gonDoxHZAgACBVgs4z7Q6/QZPgAABAgQIECBAgIAVUo4BAgQIECDwuoCJQkcCAQIECAxTwHlmmLq2TYAAAQIECBAgQIBACgJWSKWQJTESIECAwNAFTBQOndgOCBAg0GoB55lWp9/gCRAgQIAAAQIECBCwQsoxQIAAAQIEXhcwUehIIECAAIFhCjjPDFPXtgkQIECAAAECBAgQSEHACqkUsiRGAgQIEBi6gInCoRPbAYEpC1xwwQVh4403DvPmzcu29eSTT4azzjorHHnkkWHGjBlT3r4NEBimgPPMMHVtmwABAgQIECBAgACBFARa1ZB64YUXwkknnRQuvfTSsdycfvrpYe7cueGrX/1qWLJkSbj22mvHfnb88ceH97///ePy2DkZUibRMYZTTjklHH744WHzzTfPPhq3F19xX/F/f/nLX+66yRhrPgFTZp9tfu8NN9wQjjrqqL4I+PbF5E0Epq1AVROFVUyQx3PB/fffH77whS8M3fu0004LZ555Zs/9THQ+HHpwdtAogXhcnnHGGeHUU08d+w5TDDAe+8ccc0y49dZbu8a97bbbZt+B1l577XE/j9+P4raPOOKIrj+PH8jfs/XWW4c//dM/ndDmE5/4ROW/O35PGnUoJhtMVeeZZAEEToAAAQIECBAgQIBA6wVa1ZDKs33vvfeGc845J5s0WbhwYZg5c2a4/fbbs6trY1Mq/1m80jY2NB566KGxxtRkEyadDZDOSZFuDakYV7Ep1e2ojBMhCxYsGKghFcd79NFHZ2OLr2Ljpfiz4kRRZ/OuOI7ihNOGG2444cRUPo5uE1j59uN7jjvuuJ5XNef723HHHVeYYCpa9xNHvs+ddtqpa6Oxm3svh4ns4naKE1cHHHDACmMs/myySd6JJv8mmxTMxzKRXa9jovVVEUBrBaqcKIz16bzzzgvHHntsOPnkk1e4EKIInNeHeC6a6GKE/P29JvMnS1rZuj3Z9vy8fQLxvLN48eLw+c9/PnzlK1/JvkPlF9YUzznxeI/HfWfTKR6DE/2s+H2hVyM2nruuuOKK8OlPf3osAVU0gDvPmbGh1s/3ivYdBUY8VYEqzzNTjcXnCRAgQIAAAQIECBAgMAoBDalJGlJ5c2HTTTfNmhi9VtzERk985Q2sfEIy/ne3q4XjROTHP/7x8KMf/SibXOm2OipvWAzakOqcqImTOV/60pey/5s9e3Y2oRSbVXHlVT7ZFBtE3/rWt8Jee+2VTTYVGzn77bdftsosb+rEMcYrpbtd8ZxPgMZb6zzzzDNjk1e5YWxyLV26tGdDKm+8xGbcrFmzxhpSnZNSveLIf7GiYZ7H+G/9rHT7+te/3tVhjz32mNAuTiwXbycU9xtfcaVD0Ti6Fv2LBWAiu4n+vVvxmMiu1zHRObk4iqJknwRGJVD1RGG3GtProoRi3eg06GcyfyK3zmZ8P/VyVDmw32YKFM9jMcLid4nieaPMCqleK8I7FfKLYvKLd/LvIsUV7/lnOi8C6VfU70m/Ut43FYGqzzNTicVnCRAgQIAAAQIECBAgMAoBDak+GlL5qqjDDjssfPOb31zhdnsxacVVU/fcc88KDal4C8DiLZc6JyOLjZXOycvi6qxBG1KdB1Vx/8uWLcuu4M9XKMWJpBNOOKHrVc/5JNB2222XNZ9OPPHE7OrnfALn0EMPnXD11kTbzRt2k62QimOY7PZVvSZre8VY1jV3iBPH/drFccbjIK7Ai828olU/4+qWk1656sz5ZPuYaIJ8FAXJPgmMUqCOicJeDalhrZCK55mydXuUebDv5gjkq2nj+avzFsZlVjpPNqLO34t4jour1IvPhMqbXfEcGhtSnbc/jvsoroAv+zwpvyeTZcnPqxCo4zxTRZy2QYAAAQIECBAgQIAAgWEJtK4hVbxdWrwdS1x5E/84nOiWfUX4vLEQG0ydt/2L7+u2gipe1Rv3ka+aGkZDqvPK5V4HS7Fxc/XVV2dvzSeZ+mncxPd3Ntk6Vx517r+OhlSvSah+nvvQ7/Oj8gZWzGe/dnkTK66q6rxd0WRNuYnsqmxITWXlxbAKk+0SGIVAFROFxdt8dlupUWaF1GS1tWjU6zxQPHfln4nv32ijjcKNN9444e0EO3Mw2S1GR5Ez+xyeQPEWffF5Td1WeuffceKFE3G19C233DLprSc7j6Nu57NuK7BiPJdddlnYZ599soZU5zNBc4leK6T8ngzveLHl/gSqOM/0tyfvIkCAAAECBAgQIECAQDMFWtf1bphzAAAgAElEQVSQimkoNi/iA7Tjw7FjQ+rZZ58N55577limipMmxVu3xTdM1EgormoqTgLmn49NsOJVvZ0rpDqvkO/nln1lGlLFCc7Oyc6JGlLFscbb0XU+32GySdNhN6T6WaVV/PXrfF7XZM8Fyz9bdIjHTfH2fxPFULziOq5IK65S6HUc5fusoyE1Wf6aWbpERaB6gSonCidqkvdqSMXaeuaZZ/YcWOdzCfM39zoPdFsl2e33vrhKt9uzeqoXt8XpJjDZrXCL35E6n9HYzaL4HKfYjHr88cez534OukLK78l0O+LSG0+V55n0Ri9iAgQIECBAgAABAgQIhND6hlR8VtImm2wSrr/++uxWdUuWLAnnnHNO9r/z2710m5jLrxz+zGc+s8JDvSdqSOXb+P3f//2eDaniM0SqvmVf50RMt8ZM5y3lOp81MtGV9rE5E2/nF59HFQ2Lk0hlGlLF1UzFideJbjvX+cyHfn6pO8fdz2c6Hfqx67zCu9tKpLzJFZ8l9sd//Md923UzLWsXx12mmdmPk/cQSFmgyonCsg2p4u1Dq24G9arbxduwDTOGlI+Ltsae364vntMne+WrkjqfodjrVsTFbRZ/X+J5/ayzzspucxtf8QKQI444IrtN8DCfIeX3ZLIs+3kVAlWeZ6qIxzYIECBAgAABAgQIECBQt0DrG1Kx6VRs/HSbROxcHZW/55Of/GS46qqrsmdK5a+JGlL5z4dxy75+DppujYfOJk9nk6Pbg+87V4b1szqpTENqorF0a0j104zq5wrsuM9et/jp5jCZXbfbDXVzmOz5TsNcIaUZ1c9vjve0SaDKicLiueT8888P+++//9hz97o9+6Z4nok156ijjhpH3++tRTs/2E/d7nVuatMxYKwTC/RzMUdnA6rzOY3F70jFPRWbQfG8lzekOp8DVWxIVf0MKb8njv46BKo8z9QRr30QIECAAAECBAgQIECgagENqRkzslUi8TlP8+bNG/dA7M7Jk84GQecETedEYuftlSZrSFV9y75eTZtuY8lvx5evADvuuONWeKh4ZwNqsmcgxQN2GA2p/OHmcUVWzFuZVz+Tavn2JnLoZdetgVXcXm7cz3OghtGQ6qeRV8bTewlMF4EqJwrzhlS0mTVrVojPHoyvbrfsK66ejBPwnStV4+cmuxVarwZzP3W7c3VI5yqtbqtHpkvejWNygc78dzaaiue4fKV3fp6Oz57Km6ndGlKdx2dnQ6rztsFxX8N4hpTfk8mPA++YukCV55mpR2MLBAgQIECAAAECBAgQqF+gVQ2pbqtljj322HDfffeN3aKveFV7TEfxVjFxUiR/cPfmm28+lq3iRGCVK6SKh0PnKq3izyZ7SHfnlfbF2+kVG2j5KqHoFG9Z2PkA8/x5VsXb+Gy77bbZLQjjrXQ6X8XJqPxncd9/8Ad/kDkWXxOtUIqTsJ1Nutjki7cI7Pz3XrEU99VvQ6pb/HE7uUM3u/jzbg9azxuTncfgRCseJrL7y7/8y/B3f/d3K+SmmM/OcXazi83XXsdE/WXIHgk0Q6DKicK8TsbbjhVvi9etIVWc7I/1fOnSpaHzYoCJGgC53GQrHnvV7VgTzzvvvBVqeWdDqt+62YxMiqJKgW4rx/Nz2Zw5c8aard3OP/k5Lr+lbOd5Oj/XHXrooWO/J90aUtdee222n6mukPJ7UuWRYVuDCFR5nhlk/z5DgAABAgQIECBAgACBUQu0qiHViV2cGJw9e/a4JkyxSTLZJMZkt14rNlaK2+31rJBiw6PfZsuoD6im7b/4XKXJYutczTbZ+/2cAIHpJVDlRGHnSpBiLepswOcXHFx00UUZaL6aqlvTu/MWZlPJQK+mQmdTfKLG91T277PNF5jowoz8eIjHbLxAJDZdi99z8gs3OkeYb2/HHXfMfvSzn/1s3EUt3S4eyhtbcR+PP/54uPrqq8ddNFPcV6/b8JZV93tSVsz7ewlUeZ4hTYAAAQIECBAgQIAAgRQFWt2QSjFhYiZAgACB4QiYKByOq60SIECAwOsCzjOOBAIECBAgQIAAAQIE2i6gIdX2I8D4CRAgQMBEoWOAAAECBIYuoCE1dGI7IECAAAECBAgQIECg4QIaUg1PkPAIECBAoB4BE4X1ONsLAQIE2irgPNPWzBs3AQIECBAgQIAAAQK5gIaUY4EAAQIECLiVkmOAAAECBIYsoCE1ZGCbJ0CAAAECBAgQIECg8QIaUo1PkQAJECBAoA4BE4V1KNsHAQIE2ivgPNPe3Bs5AQIECBAgQIAAAQKvC2hIORIIECBAgIAVUo4BAgQIEBiygIbUkIFtngABAgQIECBAgACBxgtoSDU+RQIkQIAAgToETBTWoWwfBAgQaK+A80x7c2/kBAgQIECAAAECBAi8LqAh5UggQIAAAQJWSDkGCBAgQGDIAhpSQwa2eQIECBAgQIAAAQIEGi+gIdX4FAmQAAECBOoQMFFYh7J9ECBAoL0CzjPtzb2REyBAgAABAgQIECDwuoCGlCOBAAECBAhYIeUYIECAAIEhC2hIDRnY5gkQIECAAAECBAgQaLyAhlTjUyRAAgQIEKhDwERhHcr2QYAAgfYKOM+0N/dGToAAAQIECBAgQIDA6wIaUo4EAgQIECBghZRjgAABAgSGLKAhNWRgmydAgAABAgQIECBAoPECGlKNT5EACRAgQKAOAROFdSjbBwECBNor4DzT3twbOQECBAgQIECAAAECrwtoSDkSCBAgQICAFVKOAQIECBAYsoCG1JCBbZ4AAQIECBAgQIAAgcYLaEg1PkUCJECAAIE6BEwU1qFsHwQIEGivgPNMe3Nv5AQIECBAgAABAgQIvC6gIeVIIECAAAECVkg5BggQIEBgyAIaUkMGtnkCBAgQIECAAAECBBovoCHV+BQJkAABAgTqEDBRWIeyfRAgQKC9As4z7c29kRMgQIAAAQIECBAg8LqAhpQjgQABAgQIWCHlGCBAgACBIQtoSA0Z2OYJECBAgAABAgQIEGi8gIZU41MkQAIECBCoQ8BEYR3K9kGAAIH2CjjPtDf3Rk6AAAECBAgQIECAwOsCGlKOBAIECBAgYIWUY4AAAQIEhiygITVkYJsnQIAAAQIECBAgQKDxAhpSjU+RAAkQIECgDgEThXUo2wcBAgTaK+A8097cGzkBAgQIECBAgAABAq8LaEg5EggQIECAgBVSjgECBAgQGLKAhtSQgW2eAAECBAgQIECAAIHGC2hINT5FAiRAgACBOgRMFNahbB8ECBBor4DzTHtzb+QECBAgQIAAAQIECLwu0KqG1AsvvBBOOumkcOmll47l//TTTw9z584NX/3qV8OSJUvCtddeO/az448/Prz//e8fd6xccMEFYeONNw7z5s3rehw9+eST4Zhjjgm33npr159vuOGG4dRTTw2bb76545AAAQIEGiIwjInCeL64//77wxe+8IVJR3nvvfeGc845Jzt/zJgxI3T+96QbGPANp512WjjzzDN7fnqi8+GAu/SxBAXy71A77bRT1+9GcUiTff/ZdtttwymnnBLWXnvtcMMNN2TfheJ/33PPPeGhhx7Kthv3c8YZZ4Qjjjgie1+371zxPfFzhx9+eIjfqYrvHxat35NhybZru8M4z7RL0GgJECBAgAABAgQIEEhdoFUNqTxZxUm+hQsXhpkzZ4bbb789HHnkkVlTqjghGCdM8kmS+PnOiZJuB0CckDnrrLOy7cVJxeKrOIkyaEMqxn/00UdnscZXbKrlzbHiz4oTP53NuE984hNjE6TFCaR+mmVxcihO/hSbavn2YzzHHXfcuHEXDfL97bjjjitM0kbro446KntrP3Gk/ssnfgIEmiUwrInCWDPjq9sFDkWBbu/rPAcNKla2zg+6H5+bHgLdLuDpNbIDDjggO/fHz/X6/tPZOIrH5QknnJA1YW+55ZbsYp9tttlmrMG0bNmyse9kt91229h3hH5i6fz+1U9m/J70o+Q9UxEY1nlmKjH5LAECBAgQIECAAAECBOoU0JCapCEVkxGvit10002zycRi06QzUXljaLIrhKfSbOlsdsUG1Je+9KXs/2bPnp1N6sRmVWxQxcnNxYsXZ5NE3/rWt8Jee+2VrcoqXuW83377ZavG8iuei1csxyuTi698XHHC6Jlnnsn2FbeXm8Qm19KlS3s2pPJm1oIFC8KsWbPGGlJxHFdccUX49Kc/ne2yVxx1/oLYFwEC7REY1kRhPxci5Bc7vO9978vq+UQrbIsXE/Sbmc6VLeprv3LeFwW6rYwqfr8oNn4muyCn10qm/HfgsMMOC//6r/8a8v+fr5QqZqN4cVDcf77d+J6JGmKTZdPvyWRCfl6FwLDOM1XEZhsECBAgQIAAAQIECBCoQ0BDqo+GVHGS5Jvf/GZ2i5ji6qbOVVOTTcjkt5kZdIVU56RMvr14JfF555031hAqXnncua/8Svztttsuu+3NiSeemN0aJ5+QOfTQQ3vekjC/orm43TjJWdx/rwN4sttYxdhPPvnkcOyxx2Zx/f/t3X/sXfVdP/B3/yHF+KMFEyziWNuYyI/FpV1Q07lMBa2RErMFiGEF49Yy40qJNukwDb9CIo3ErO2MUmRJ6baMdSOOQtbMsmULdYZQNt2oi0oLftmaJYM2uo3KP3zzOvX98XxO7/187ufT+z73x3nchNB+7r3v93k/3udzT+95ntf7eBAgQKC0QKkThf2qQuvj6ff5Od8SsYOYROC/0M/5Qdr1mukWGLRKKldHRTA03wU59crt+sU+zX/X9AquFrM9C5khvycL0fLaxQqUOs4sdnu8jwABAgQIECBAgAABAm0LdC6Qqt8DICqVolInvhz2W7KvecIw7jEV9wJpLvsXr5tvOaZBJze2MR6D3HOkHtx87Wtfq96Xt2OucCn6iLHHI48pb1+/k0T5+X5B1zADqbbunTLonHgdAQLTL1DqRGF8NsbysPFoXtAQP5trydNBA6m5jhvRf6/P+UsvvTR94xvfmHVfxblm2X2kpv93oD7C5sU2n/jEJ6pK67j4Je9Pc12AM4hWvjjl+uuvn7UUcfO9+X6fufopns+hVb1Car4LWPyeDDIrXlNSoNRxpuQ2a5sAAQIECBAgQIAAAQLDFOhcIBV49bAjTmhcccUVVSD1ox/9KH3uc5+b8a2ffMsnYnJFUK/wZdCrd3MH9SuF65O6kECqHh41g6R+gVR92+Mk6SuvvDIr/Bp1IDVIldYwfwm0RYAAgRAocaKw/nkWfTSDofhZnJT/wQ9+UB2DmvceHEYg1asitdfnfL2v5jKq9pDuCdSrwz/+8Y+neuV07D+xRO9HPvKRanm9fA/O+v0tQyyCpHjk+0PGn3stWzzXRSh5v1y1alW1VHC/5SzrM1S/t+ag/77ye9K9fXwUIy5xnBnFOPRJgAABAgQIECBAgACBxQp0PpCKeyu97W1vS88//3x1ouPkyZMzN9DO90XodWIu3z/hgx/84Kzl+/JEDOtG9HNNbDO4ysvwzVUh1bx3SL8r5+OeWbGcXz65VD+BtJAKqXpFWv3eJ/2W7Ot1r4rF7tzeR4AAgYUIlDhRWL8AILal15Kthw8fTnGBQj6xHxdK7Nu3r+em9zvRPtc45/qcr1f25srZuAehQGohe850vjYHUnG/xwhLm/tkvm/kJZdcMhNI1e8F2a8Su36BT3354GaYNVfA9Pjjj6ff+Z3fmVlquL7E36AhbnPW/J5M5348bqMqcZwZtzHaHgIECBAgQIAAAQIECMwl0PlAKkKnenjU6yrdZnVUfs0f/uEfpq9+9avVEkz1xyCVUos5qVjvo1cVVTPkaQZHvW5k36z0GqQ6aSGBVL+dr1cgJYzyYUWAwCgFhn2iMN9PJ060R8gTj14nvePn/ZY+W+zJ9brjIJ/z8flbD8sEUqPcE8ej7/qSfcePH0+vvvrqzJLA9aqlvIxeXNCz0EAqh1bLly8/52KgrFD/HZjvHlXxnl4VWIOI+j0ZRMlrzldg2MeZ890e7ydAgAABAgQIECBAgEDbAgKppUtT86rwuPI2qqWaYVU+aXjPPfdUz8fyfc2qpEEmsN5fr9fPtWTfXKFNMyiqhz65omvHjh3VuPKjGUANch+oEoFUrxO3g1h6DQECBIYlMOwThf2WP+318/MNpAY5buQl13p9zjeDsmYg1S9IG5a9dsZPoBlI1Zfdi61t3tdpoYFUhFAPPfRQ2rZtW3VfqrkqpGLJwKeeeir98z//c/rlX/7l6j1xv6j6v8EGuZ+V35Px28+6tkXDPs50zc94CRAgQIAAAQIECBCYfIFOBVK9KpfipMbLL788E0DVK6RieuvLwMQJuQijdu/ePWuZvoXc86lfmFPflea76XbzpFD9auDYxvz8+vXrUwRQMe5e913I98iKMecTQf3ua5XDuGY70feHP/zhyqX+yH3Xw694Pk4e3X///bNeG8v+xBKBzZ/PtS2T/6tnBAQIjJvAsE4U5mNNLGW2ZcuWc4bZ68KCkoFUbMBcn/PxufzEE09UFVJxkj+/vl7tspiLL8Ztfm3PwgTmqpDKLdX/zRSB1ELuIRVt5AuAei2XnPuoV0jVtykqs2IZwfxvoAi4crVW898eua35/r3m92Rh+4hXL1xgWMeZhffsHQQIECBAgAABAgQIEBgPgU4FUk3y+hJFcSKjGbbUQ5X5TmL0uydSPSDK/ecgaDx2AVtBgAABAiEwrBOF/Sqj6srNUCoHUrG039atW/tOyDCD+rmCs+bSaItdBs2eNbkC9fAnB5V5NPV/29QvblnIkn3f+ta30iuvvFKFts3lkuvBUN73ou964JV/FyJ8euCBB9KhQ4eqzRvm70i05/dkcvfhcdzyYR1nxnFstokAAQIECBAgQIAAAQKDCHQ6kBoEyGsIECBAoBsCThR2Y56NkgABAqMScJwZlbx+CRAgQIAAAQIECBAYFwGB1LjMhO0gQIAAgZEKOFE4Un6dEyBAYOoFHGemfooNkAABAgQIECBAgACBeQQEUnYRAgQIECAwxCX7YBIgQIAAgV4CAin7BQECBAgQIECAAAECXRcQSHV9DzB+AgQIEKgEnCi0IxAgQIBASQHHmZK62iZAgAABAgQIECBAYBIEBFKTMEu2kQABAgSKCzhRWJxYBwQIEOi0gONMp6ff4AkQIECAAAECBAgQSCkJpOwGBAgQIEBAhZR9gAABAgQKCwikCgNrngABAgQIECBAgACBsRcQSI39FNlAAgQIEGhDwInCNpT1QYAAge4KOM50d+6NnAABAgQIECBAgACBswICKXsCAQIECBBQIWUfIECAAIHCAgKpwsCaJ0CAAAECBAgQIEBg7AUEUmM/RTaQAAECBNoQcKKwDWV9ECBAoLsCjjPdnXsjJ0CAAAECBAgQIEDgrIBAyp5AgAABAgRUSNkHCBAgQKCwgECqMLDmCRAgQIAAAQIECBAYewGB1NhPkQ0kQIAAgTYEnChsQ1kfBAgQ6K6A40x3597ICRAgQIAAAQIECBA4KyCQsicQIECAAAEVUvYBAgQIECgsIJAqDKx5AgQIECBAgAABAgTGXkAgNfZTZAMJECBAoA0BJwrbUNYHAQIEuivgONPduTdyAgQIECBAgAABAgTOCgik7AkECBAgQECFlH2AAAECBAoLCKQKA2ueAAECBAgQIECAAIGxFxBIjf0U2UACBAgQaEPAicI2lPVBgACB7go4znR37o2cAAECBAgQIECAAIGzAgIpewIBAgQIEFAhZR8gQIAAgcICAqnCwJonQIAAAQIECBAgQGDsBQRSYz9FNpAAAQIE2hBworANZX0QIECguwKOM92deyMnQIAAAQIECBAgQOCsgEDKnkCAAAECBFRI2QcIECBAoLCAQKowsOYJECBAgAABAgQIEBh7AYHU2E+RDSRAgACBNgScKGxDWR8ECBDoroDjTHfn3sgJECBAgAABAgQIEDgrIJCyJxAgQIAAARVS9gECBAgQKCwgkCoMrHkCBAgQIECAAAECBMZeQCA19lNkAwkQIECgDQEnCttQ1gcBAgS6K+A40925N3ICBAgQIECAAAECBM4KCKTsCQQIECBAQIWUfYAAAQIECgsIpAoDa54AAQIECBAgQIAAgbEXEEiN/RTZQAIECBBoQ8CJwjaU9UGAAIHuCjjOdHfujZwAAQIECBAgQIAAgbMCnQ+kzpw5kx544IH0vve9L61Zs2bWfpGfO3To0MzP9+7dm1atWpX+9m//Np08eTIdOXJk5rm777473XDDDemFF15Ir7766syfN2/efM7+Fu3U+6u/58knn6xeH231epw+fTrdeeed6dvf/nbP56+++ur0sY99LC1btmxk+/mePXvS5Zdf3ncMI9swHRMgQKCPwLBPFMYx5JFHHkkbN26c+TyOz++HHnoobdu2bc7P6DgOPPHEE3N+lp84caJ6/r777ktLly6tjmX141UMc/369WnHjh3V88N6xOf7vn375mwuHw+H1ad2CBAgMA0Cwz7OTIOJMRAgQIAAAQIECBAg0C2BzgdSMd0RBsWJv34n7eKk3+OPP16FQF/60pfST/zET6R//dd/TZs2bapCqfxcPuHXDKQitNqyZcvMnhUnGi+77LJZgdQnPvGJ9Bu/8RtpxYoV1QnGm2++Oa1cubLn3jjXCc1BT3aW3s0FUqWFtU+AwLAFSpworH8mxzGiGVD1GkMcI5577rn0u7/7u+mLX/ziOcemeP7++++f9dZ8IcKgfcxnV7/wIY5Lu3fv7ntMmq8tzxMgQIDAWYESxxm2BAgQIECAAAECBAgQmCSBzgVSg1zZnSfwtttuq4KkhQRS9fbjyvQ4obh169Zz9ol6hVS9/WPHjqVeFVXRQL7SPa66VyE1Sb9mtpUAgUkQGOaJwrgwod9nebZoVhHlqtxLLrlk5iKGaCfCoHrVawRSP/7xj9PLL79cHQviEUHX97///XMqpJrVuIPMQ96Oa665ZqbSt7kNg7TjNQQIECAwW2CYxxm2BAgQIECAAAECBAgQmESBzgVSi5mkhQRS0X69QmqQ/uLk4iuvvFIt6xQnF++4447qbXnZv0HaGLfXqJAatxmxPQQIzCcwzBOFcRxoVsfW+28uzRqvv+eee3pWIuVqpVhaNpZy7bVsa4RbP/jBD6pK21xd26sadz6DeL6+FGAs/TrX0raDtOc1BAgQIHBWYJjHGaYECBAgQIAAAQIECBCYRIHOBlK9TrDlYKi+vF694imWLVq3bl31ZXK+Jftiab94fOc736nu9RTLKd17773Vf/H3vATS8uXLqxBq7dq11T2X4tG8D1Vzx+q1XFPzNXPdvyPGFI/6OOPvzavi42dx4jNOkuar8CMsi2UKm0s49aoGuOuuu9I3vvGNWffnqhs3T6qWuNfJJP5S2mYCBEYjMMwThQsJpPJnchwDmkvxZYn4TI8LF6IK6uKLL07/8z//Uz314Q9/uKqK+v3f//306U9/ugqkvvWtb1XLwsZFDc3lYXN7/Y4D8XyvbY/XX3rppdVnevM+Vf1my32kRrMf65UAgfEVGOZxZnxHacsIECBAgAABAgQIECDQX6CTgVRc/Z2rkOr3xcihSjNsqVdIxbJIV1xxRRVI/ehHP0qf+9znZnTj5Nt73vOeKryJk4Af+chH0oEDB6p7TX3hC19Iv/Irv5IOHjxY/f3ZZ59Nq1evrk4cxtJL8d8f/dEfzbTVK+DJSy/Nd9X7fBVa852IrN9PKwdIsc1///d/X530jHuU1IOl8MlhW1yZn4OmDRs29A2k6tVga9asqcY913b5JSZAgEBpgWGeKFzMkn318c33OZ4/M/ft2zeznOuwAql+F2dEYBYXTORH/VgUx4GvfOUrs45jpedL+wQIEJg0gWEeZyZt7LaXAAECBAgQIECAAAECIdC5QKp+P45Tp06lxx9/vAqQojqoXgkU9+u47777UixXVA+k4oTf2972tvT8889X74tqodxGgObAKgKmHE7NVSH10ksvVVed/9M//dM5gVS/JfuagVTz74OcyOy3+9crx6688sr0wAMPzKpwat4ja8eOHSmqweLK/WZlWb6aPpaZyqFTPtEZlWb14Cu2p7lMlF9RAgQItCkwzBOFC6mQqodLc40339cwvz4+R+OzNfqKz9O499T111+fnnrqqaqad64Kqbn66Vch1Qyk4niQt0Eg1eaeqi8CBCZVYJjHmUk1sN0ECBAgQIAAAQIECHRboHOBVHO6c0ASP2+ebMuvrQdSUR1UD3yaz8V7egVCEfREWBWVQRFy1R+9TuTNFSo1A6j6ScF+/S9kN88mcWIzh23Hjh1LmzdvTrlKK58AFUgtRNZrCRAYZ4FSJwrj8z8ucrj55ptn7u80n8Ncx4D6hQG5nfhs/uY3v5l+9Vd/tapgjb7y0n35goD5+szP1z/f45jXa4nb5pgEUoPqeh0BAl0WKHWc6bKpsRMgQIAAAQIECBAgMFkCnQ+k8vJyscRehCtx8q35aIZOzavCc2iT35tPJEY7/e4HEs/lq937BVIRANUf+X4c9UCqfh+meljUr7oq2ptvabxo86GHHqq6vuaaa6olmqLP5557rjKKR1ROxSP+HmFVVJfl5Q/zkoixzF9UTsUjqqfytsb9sizZN1kfFLaWQBcEhnWiMIc1+bMzwqFYCrZecRqfw/WLIPLn7rZt26qLFuqBVP1efrEsajMMai6dF0vS/vZv//Y59wmsz+Fcx4FmANUMqKKdZhVV8zg2X4VYF/YnYyRAgEBTYFjHGbIECBAgQIAAAQIECBCYVIHOBlLN+0jFBDZP4uWTcvUbuMfJwpdffrlari8CqEEqpOI1jz76aPrJn/zJ9MMf/nDWEnjR70IrpPLOFichI/DKQVS+av7qq6+ursZvVmLl980XSMXr4jVHjx6daacefMWJ1VtuuSXFUoQ5xMvbEu9dv359NdZY8u8d73hH5RpLG639SPUAACAASURBVMZ2xTKGce+tCKjyHMRz8agvRzWpv1C2mwCByRUY1onCHDZFKNSrMipf1BAXDuSgP44n9VDq+PHj1ZJ78ZkZFwjkoCp0ex2b4jiwfPnymfv5xZK0cZFAv2PBfMeB+udz85gSn/exRGC97eZxLF4Tj/o9pyZ3z7DlBAgQGI7AsI4zw9karRAgQIAAAQIECBAgQKB9gc4FUjm0idCkV0VU/Ub0uSIpT0v9qvQ48RehVIQy+XHddddVf/yHf/iHtGvXrvTFL34xRZgVfcXJxP3791eVQfH/+o3oI5Bp3gy+33JN9eCnuX15O+qVSPX7Oi1k92pevb+Q93otAQIEJlGgxInC+md2Nmkef+rHnfnc4nO/GXTlZVbrFxFEO70umJiv/bmez0FY3KuqeWypX7QQbcSFC7lq9nz69F4CBAhMk0CJ48w0+RgLAQIECBAgQIAAAQLTL9C5QGr6p/T8RxgnMe+9997qv1geyoMAAQJdEHCisAuzbIwECBAYnYDjzOjs9UyAAAECBAgQIECAwHgICKTGYx7GZityBVleBnBsNsyGECBAoLCAE4WFgTVPgACBjgs4znR8BzB8AgQIECBAgAABAgSSQMpOQIAAAQIEUkpOFNoNCBAgQKCkgONMSV1tEyBAgAABAgQIECAwCQICqUmYJdtIgAABAsUFnCgsTqwDAgQIdFrAcabT02/wBAgQIECAAAECBAikpELKXkCAAAECBELAiUL7AQECBAiUFHCcKamrbQIECBAgQIAAAQIEJkFAhdQkzJJtJECAAIHiAk4UFifWAQECBDot4DjT6ek3eAIECBAgQIAAAQIEVEjZBwgQIECAwFkBJwrtCQQIECBQUsBxpqSutgkQIECAAAECBAgQmAQBFVKTMEu2kQABAgSKCzhRWJxYBwQIEOi0gONMp6ff4AkQIECAAAECBAgQUCFlHyBAgAABAmcFnCi0JxAgQIBASQHHmZK62iZAgAABAgQIECBAYBIEVEhNwizZRgIECBAoLuBEYXFiHRAgQKDTAo4znZ5+gydAgAABAgQIECBAQIWUfYAAAQIECJwVcKLQnkCAAAECJQUcZ0rqapsAAQIECBAgQIAAgUkQUCE1CbNkGwkQIECguIAThcWJdUCAAIFOCzjOdHr6DZ4AAQIECBAgQIAAARVS9gECBAgQIHBWwIlCewIBAgQIlBRwnCmpq20CBAgQIECAAAECBCZBQIXUJMySbSRAgACB4gJOFBYn1gEBAgQ6LeA40+npN3gCBAgQIECAAAECBFRI2QcIECBAgMBZAScK7QkECBAgUFLAcaakrrYJECBAgAABAgQIEJgEARVSkzBLtpEAAQIEigs4UVicWAcECBDotIDjTKen3+AJECBAgAABAgQIEFAhZR8gQIAAAQJnBZwotCcQIECAQEkBx5mSutomQIAAAQIECBAgQGASBFRITcIs2UYCBAgQKC7gRGFxYh0QIECg0wKOM52efoMnQIAAAQIECBAgQECFlH2AAAECBAicFXCi0J5AgAABAiUFHGdK6mqbAAECBAgQIECAAIFJEFAhNQmzZBsJECBAoLiAE4XFiXVAgACBTgs4znR6+g2eAAECBAgQIECAAAEVUvYBAgQIECBwVsCJQnsCAQIECJQUcJwpqattAgQIECBAgAABAgQmQUCF1CTMkm0kQIAAgeICThQWJ9YBAQIEOi3gONPp6Td4AgQIECBAgAABAgRUSNkHCBAgQIDAWQEnCu0JBAgQIFBSwHGmpK62CRAgQIAAAQIECBCYBAEVUpMwS7aRAAECBIoLOFFYnFgHBAgQ6LSA40ynp9/gCRAgQIAAAQIECBBQIWUfIECAAAECZwWcKLQnECBAgEBJAceZkrraJkCAAAECBAgQIEBgEgRUSE3CLNlGAgQIECgu4ERhcWIdECBAoNMCjjOdnn6DJ0CAAAECBAgQIEBAhZR9gAABAgQInBVwotCeQIAAAQIlBRxnSupqmwABAgQIECBAgACBSRCYyAqpU6dOTYKtbSRAgAABAgQIECBAgAABAgQIECBAgAABAgQITI3A8uXLFz2WiQykFj1abyRAgAABAgQIECBAgAABAgQIECBAgAABAgQIEGhdQCDVOrkOCRAgQIAAAQIECBAgQIAAAQIECBAgQIAAAQLdEhBIdWu+jZYAAQIECBAgQIAAAQIECBAgQIAAAQIECBAg0LqAQKp1ch0SIECAAAECBAgQIECAAAECBAgQIECAAAECBLolIJDq1nwbLQECBAgQIECAAAECBAgQIECAAAECBAgQIECgdQGBVOvkOiRAgAABAgQIECBAgAABAgQIECBAgAABAgQIdEtAINWt+TZaAgQIECBAgAABAgQIECBAgAABAgQIECBAgEDrAgKp1sl1SIAAAQIECBAgQIAAAQIECBAgQIAAAQIECBDoloBAqlvzbbQECBAgQIAAAQIECBAgQIAAAQIECBAgQIAAgdYFBFKtk+uQAAECBAgQIECAAAECBAgQIECAAAECBAgQINAtAYFUt+bbaAkQIECAAAECBAgQIECAAAECBAgQIECAAAECrQsIpFon1yEBAgQIECBAgAABAgQIECBAgAABAgQIECBAoFsCAqluzbfREiBAgAABAgQIECBAgAABAgQIECBAgAABAgRaFxBItU6uQwIECBAgQIAAAQIECBAgQIAAAQIECBAgQIBAtwQEUt2ab6MlQIAAAQIECBAgQIAAAQIECBAgQIAAAQIECLQuIJBqnVyHBAgQIECAAAECBAgQIECAAAECBAgQIECAAIFuCQikujXfRkuAAAECBAgQIECAAAECBAgQIECAAAECBAgQaF1AINU6uQ4JECBAgAABAgQIECBAgAABAgQIECBAgAABAt0SEEh1a76NlgABAgQIECBAgAABAgQIECBAgAABAgQIECDQuoBAqnVyHRIgQIAAAQIECBAgQIAAAQIECBAgQIAAAQIEuiUgkOrWfBstAQIECBAgQIAAAQIECBAgQIAAAQIECBAgQKB1AYFU6+Q6JECAAAECBAgQIECAAAECBAgQIECAAAECBAh0S0Ag1a35NloCBAgQIECAAAECBAgQIECAAAECBAgQIECAQOsCAqnWyXVIgAABAgQIECBAgAABAgQIECBAgAABAgQIEOiWgECqW/NttAQIECBAgAABAgQIECBAgAABAgQIECBAgACB1gUEUq2T65AAAQIECBAgQIAAAQIECBAgQIAAAQIECBAg0C0BgVS35ttoCRAgQIAAAQIECBAgQIAAAQIECBAgQIAAAQKtCwikWifXIQECBAgQIECAAAECBAgQIECAAAECBAgQIECgWwICqW7Nt9ESIECAAAECBAgQIECAAAECBAgQIECAAAECBFoXEEi1Tq5DAgQIECBAgAABAgQIECBAgAABAgQIECBAgEC3BARS3ZpvoyVAgAABAgQIECBAgAABAgQIECBAgAABAgQItC4gkGqdXIcECBAgQIAAAQIECBAgQIAAAQIECBAgQIAAgW4JCKS6Nd9GS4AAAQIECBAgQIAAAQIECBAgQIAAAQIECBBoXUAg1Tq5DgkQIECAAAECBAgQIECAAAECBAgQIECAAAEC3RIQSHVrvo2WAAECBAgQIECAAAECBAgQIECAAAECBAgQINC6gEDqf8n37NmTvv/976cdO3akpUuX9pyIEydOpHvvvbf6b+XKlSnes2/fvp6vXbFiRdq9e3f1unicPn063XPPPenOO++c+Vmzvflm/8knn0yvvPJK2rJly3wv9TwBAgQIECBAgAABAgQIECBAgAABAgQIECBAYGwEOhlIvfDCC2nz5s0DTcL69etnhVS9gqVmQ2fOnEkf+9jH0s033zwTPkWfObw6cuTInH3nPqOdCLC+/e1vz/n6Zvg10MC8iAABAgQIECBAgAABAgQIECBAgAABAgQIECDQkkBnA6knnnhizmqo8I8QKb8uwqGHHnoobdu2LS1btmzO6WkGUoOEWL0aHOR9g7ympX1JNwQIECBAgAABAgQIECBAgAABAgQIECBAgACBngKdDaQWWiFVD6RiSb8HHnggHTp0aBbq1VdfXVVGxfP1CqlY2u/o0aPVz+IxV9VTbiNCrwibVEj5zSVAgAABAgQIECBAgAABAgQIECBAgAABAgQmXaCzgVSvCqkIneK/XAHVr0KqGTjFThDhUa6gqj9/6tSptGvXrqrN++67b97qqvoONUj10yCvmfSd1PYTIECAAAECBAgQIECAAAECBAgQIECAAAECky0gkFq6dGYGn3zyyWqJvqhkai7L1wycBq2Q+spXvpLe+c53Vu3Gcn8RUN1xxx3p5MmTPfccFVKT/Qtl6wkQIECAAAECBAgQIECAAAECBAgQIECAAIFzBTobSH3pS19KP/zhD89Zdq/XTnLbbbeljRs39qyAWrlyZfWWfhVS8Xz9ufnuP1Xvf5Dqp0FeY8cnQIAAAQIECBAgQIAAAQIECBAgQIAAAQIECIxSoLOB1JEjR9KWLVsq+/rSfLHcXq/HXIHTQgKpeO1c94Vav3592rFjR3UfKveQGuWvhr4JECBAgAABAgQIECBAgAABAgQIECBAgACBYQl0MpCKpfniccMNN1T/j7/ff//955iuWLEi7d69OzWrnCIsGnTJvuZ7o5N8r6lmtVQzGBuk+mmQ1wxrZ9EOAQIECBAgQIAAAQIECBAgQIAAAQIECBAgQGAxAp0LpM6cOVOFSe973/vSmjVrZqqQ4r5O8ff8iNfFvaRuvvnmnoFU/bkm/FzvHTSQijaikiq269VXX626eM973jNTXbV3796Z7Y1A7bnnnpuprFrMjuA9BAgQIECAAAECBAgQIECAAAECBAgQIECAAIFSAp0LpOpVSDn0Wbt27czyfRm6ed+nhdwHqlm1VH9vtD/fkn3btm2rqqguueSSaruaFV15G0+cOFGFZvfdd186fvx4euKJJ4RSpX5TtEuAAAECBAgQIECAAAECBAgQIECAAAECBAgsWqBzgdSePXvSunXr0vLly6vqowhzcmVUBDzxs5MnT1agt91220xQNV8g1bzfU/NeUHmZvmh30CX76sFTfbvqs3333XfPLD246L3AGwkQIECAAAECBAgQIECAAAECBAgQIECAAAECBQU6F0gVtNQ0AQIECBAgQIAAAQIECBAgQIAAAQIECBAgQIBADwGBlN2CAAECBAgQIECAAAECBAgQIECAAAECBAgQIECgqIBAqiivxgkQIECAAAECBAgQIECAAAECBAgQIECAAAECBARS9gECBAgQIECAAAECBAgQIECAAAECBAgQIECAAIGiAgKporwaJ0CAAAECBAgQIECAAAECBAgQIECAAAECBAgQEEjZBwgQIECAAAECBAgQIECAAAECBAgQIECAAAECBIoKCKSK8mqcAAECBAgQIECAAAECBAgQIECAAAECBAgQIEBAIGUfIECAAAECBAgQIECAAAECBAgQIECAAAECBAgQKCogkCrKq3ECBAgQIECAAAECBAgQIECAAAECBAgQIECAAAGBlH2AAAECBAgQIECAAAECBAgQIECAAAECBAgQIECgqIBAqiivxgkQIECAAAECBAgQIECAAAECBAgQIECAAAECBARS9gECBAgQIECAAAECBAgQIECAAAECBAgQIECAAIGiAgKporwaJ0CAAAECBAgQIECAAAECBAgQIECAAAECBAgQEEjZBwgQIECAAAECBAgQIECAAAECBAgQIECAAAECBIoKTGQg9cYbbxRF0TgBAgQIECBAgAABAgQIECBAgAABAgQIECBAgMBsgQsvvHDRJBMZSC16tN5IgAABAgQIECBAgAABAgQIECBAgAABAgQIECDQuoBAqnVyHRIgQIAAAQIECBAgQIAAAQIECBAgQIAAAQIEuiUgkOrWfBstAQIECBAgQIAAAQIECBAgQIAAAQIECBAgQKB1AYFU6+Q6JECAAAECBAgQIECAAAECBAgQIECAAAECBAh0S0Ag1a35NloCBAgQIECAAAECBAgQIECAAAECBAgQIECAQOsCAqnWyXVIgAABAgQIECBAgAABAgQIECBAgAABAgQIEOiWgECqW/NttAQIECBAgAABAgQIECBAgAABAgQIECBAgACB1gUEUq2T65AAAQIECBAgQIAAAQIECBAgQIAAAQIECBAg0C0BgVS35ttoCRAgQIAAAQIECBAgQIAAAQIECBAgQIAAAQKtCwikWifXIQECBAgQIECAAAECBAgQIECAAAECBAgQIECgWwICqW7Nt9ESIECAAAECBAgQIECAAAECBAgQIECAAAECBFoXEEi1Tq5DAgQIECBAgAABAgQIECBAgAABAgQIECBAgEC3BARS3ZpvoyVAgAABAgQIECBAgAABAgQIECBAgAABAgQItC4gkGqdXIcECBAgQIAAAQIECBAgQIAAAQIECBAgQIAAgW4JCKS6Nd9GS4AAAQIECBAgQIAAAQIECBAgQIAAAQIECBBoXaBzgdRrr72W3nzzzdahdUiAAAECBAgQIECAAIFpErjggguq4fh+NU2zaiwECBAgQIAAAQLTLBD/hr/44otHNsTOBVInT55MK1asGBm4jgkQIECAAAECBAgQIDANAvHdKh6+X03DbBoDAQIECBAgQIBAFwRGnY8IpLqwlxkjAQIECBAgQIAAAQIEhiwgkBoyqOYIECBAgAABAgQIFBYQSBUGbjY/avCWh6s7AgQIECBAgAABAgQIFBEQSBVh1SgBAgQIECBAgACBYgKjzkdUSBWbWg0TIECAAAECBAgQIEBgegUEUtM7t0ZGgAABAgQIECAwnQICqZbnddTgLQ9XdwQIECBAgAABAgQIECgiIJAqwqpRAgQIECBAgAABAsUERp2PqJAqNrUaJkCAAAECBAgQIECAwPQKCKSmd26NjAABAgQIECBAYDoFBFItz+uowVseru4IECBAgAABAgQIECBQREAgVYRVowQIECBAgAABAgSKCYw6H1EhVWxqNUyAAAECBAgQIECAAIHpFRBITe/cGhkBAgQIECBAgMB0CgikWp7XUYO3PFzdESBAgAABAgQIECBAoIiAQKoIq0YJECBAgAABAgQIFBMYdT6iQqrY1GqYAAECBAgQIECAAAEC0ysgkJreuTUyAgQIECBAgACB6RQQSLU8r6MGb3m4uiNAgAABAgQIECBAgEARAYFUEVaNEiBAgAABAgQIECgmMOp8RIVUsanVMAECBAgQIECAAAECBKZXQCA1vXNrZAQIECBAgAABAtMpIJBqeV5HDd7ycHVHgAABAgQIECBAgACBIgICqSKsGiVAgAABAgQIECBQTGDU+YgKqSFM7VNPPZViIjdt2tSztXg+Htdff32KPx88eLDn626//fa0Zs2amefma7feyIkTJ6q2YxuWLl2amn/Pr42fHz9+PK1bty7t378/3XjjjenZZ59Nl156afWSo0eP9h3HEKg0QYAAAQIECBAgQIDAlAgIpKZkIg2DAAECBAgQIECgMwICqZanehjgc4VKeTgXXXRR2r59e1q2bFn1o3oo1WvIjzzySFq7du2sQGqQ9+W2erX/wgsvpO9973tVEFZ/xGtj+1588cV04YUXVtuYw7IIpuqhWMvTozsCBAgQIECAAAECBCZEYFiB1OnTp9POnTvT66+/Xn0/2bp1a1q5cuWEKNhMAgQIECBAgAABApMjMIx85HxGq0JqEXoR6MwV3MQXqr1796bNmzenU6dOpSNHjqQPfOADPaujNmzYUIVB/QKpM2fOVM/Fa/p9KYvXRLXTddddlx5++OHqi1yvx7ve9a60YsWKnhVaN910Uzp8+PCs965evTrdcccdVcWVBwECBAgQIECAAAECBOoCwwik4rvM7t2705VXXll954mL6g4cODDr4j7qBAgQIECAAAECBAgMR0AgNRzHgVsZBvhCKqSagVQ9yKpXMPULpPLVgqtWreq7lF60E2FSMzyaKzh7+umn0/PPP19dgRjvi/cfO3as+nN8KcyBWq7wGhjYCwkQIECAAAECBAgQ6ITAMAKpWFL8scceq6qi4rtHDqiuvfZaKzd0Yi8ySAIECBAgQIAAgTYFhpGPnM/2qpBahF6voCcCpag+ai6PF1+w6hVSCw2kImyK98ejV5VU/sIWzw8SSOXXv/vd766W7IugK0Kz+Hn8f+PGjdX/6/ejWgSRtxAgQIAAAQIECBAgMOUCwwik4vtO8z62/b5bTTmn4REgQIAAAQIECBAoLiCQKk48u4NhgEdYE+1EhdFcj1giL67sW+ySffWrA6Of5he1+FlsS1RRvfHGG1WYVF9er1dw9slPfjKtW7euCs9imb8IuWL78v9zQNXr3lMtT5XuCBAgQIAAAQIECBAYY4FhBFL5u9WmTZtmRiqQGuNJt2kECBAgQIAAAQITLTCMfOR8AFRILUKvvrxevQKqV1PnUyFVX4ov2u51L6lnnnmmWm89vshFIBUhU7+g7Pbbb6+Wveh3X6p8dWL0tXbtWktkLGLf8BYCBAgQIECAAAECXREYRiClQqore4txEiBAgAABAgQIjIOAQKrlWRgGeK4yWrlyZXXT3YcffvicUeTwZ7GBVL531I033jgTDPX6shYdx2vjxr+DVEhFqNUMrFavXl0t9xePuKFwPJrL/7U8TbojQIAAAQIECBAgQGDMBYYVSNXvh+seUmM+6TaPAAECBAgQIEBgogWGkY+cD4AKqQXqRfizd+/etHnz5mp5vAhwmjfcrS+V1wykDh48OKvHDRs2VMvl1auu4gX9lqno9fOFBFL1mwY3tz+HYMuXLxdILXC/8HICBAgQIECAAAECXRMYRiDVDKDqq0TUlyPvmq3xEiBAgAABAgQIECghIJAqoTpHm+cLXq9SinDo1KlT54Q3/Zb063VPp7yp9Xs7RcgVoVB9HfX8uvyFLZbpiyArHgsJpPLrd+7cmV5//fXq/XGvq1iiLyq9orIr7h917NgxoVTL+6buCBAgQIAAAQIECEySwDACqRhvXDS3a9eu6r64F110Udq+fXtatmzZJFHYVgIECBAgQIAAAQITIXC++cj5DlKF1AIFc3AUy0rEI4dG9aX78hJ4cUXfXPeYqr8nf/GKpfdWrFgxEzb12rxmKJUDqauuuirt27ev74iij1/4hV9I//Zv/5a2bt2aYsnBeMR2RL/1L36uTFzgjuHlBAgQIECAAAECBDomMKxAqmNshkuAAAECBAgQIEBgZAICqZbpRw3e8nB1R4AAAQIECBAgQIAAgSICAqkirBolQIAAAQIECBAgUExg1PmICqliU6thAgQIECBAgAABAgQITK+AQGp659bICBAgQIAAAQIEplNAINXyvI4avOXh6o4AAQIECBAgQIAAAQJFBARSRVg1SoAAAQIECBAgQKCYwKjzERVSxaZWwwQIECBAgAABAgQIEJheAYHU9M6tkREgQIAAAQIECEyngECq5XkdNXjLw9UdAQIECBAgQIAAAQIEiggIpIqwapQAAQIECBAgQIBAMYFR5yMqpIpNrYYJECBAgAABAgQIECAwvQICqemdWyMjQIAAAQIECBCYTgGBVMvzOmrwloerOwIECBAgQIAAAQIECBQREEgVYdUoAQIECBAgQIAAgWICo85HVEgVm1oNEyBAgAABAgQIECBAYHoFBFLTO7dGRoAAAQIECBAgMJ0CAqmW53XU4C0PV3cECBAgQIAAAQIECBAoIiCQKsKqUQIECBAgQIAAAQLFBEadj6iQKja1GiZAgAABAgQIECBAgMD0CgikpndujYwAAQIECBAgQGA6BQRSLc/rqMFbHq7uCBAgQIAAAQIECBAgUERAIFWEVaMECBAgQIAAAQIEigmMOh9RIVVsajVMgAABAgQIECBAgACB6RUQSE3v3BoZAQIECBAgQIDAdAoIpFqe11GDtzxc3REgQIAAAQIECBAgQKCIgECqCKtGCRAgQIAAAQIECBQTGHU+0rkKqddeey29+eabxSZUwwQIECBAgAABAgQIEOiCwAUXXFAN0/erLsy2MRIgQIAAAQIECEyDQPwb/uKLLx7ZUARSI6PXMQECBAgQIECAAAECBCZXQCA1uXNnywkQIECAAAECBLopIJBqed5HXZLW8nB1R4AAAQIECBAgQIAAgSICluwrwqpRAgQIECBAgAABAsUERp2PdK5CatTgxfYkDRMgQIAAAQIECBAgQKBFAYFUi9i6IkCAAAECBAgQIDAEgVHnIwKpIUyiJggQIECAAAECBAgQINA1AYFU12bceAkQIECAAAECBCZdQCDV8gyOGrzl4eqOAAECBAgQIECAAAECRQQEUkVYNUqAAAECBAgQIECgmMCo8xEVUsWmVsMECBAgQIAAAQIECBCYXgGB1PTOrZERIECAAAECBAhMp4BAquV5HTV4y8PVHQECBAgQIECAAAECBIoICKSKsGqUAAECBAgQIECAQDGBUecjKqSKTa2GCRAgQIAAAQIECBAgML0CAqnpnVsjI0CAAAECBAgQmE4BgVTL8zpq8JaHqzsCBAgQIECAAAECBAgUERBIFWHVKAECBAgQIECAAIFiAqPOR1RIFZtaDRMgQIAAAQIECBAgQGB6BQRS0zu3RkaAAAECBAgQIDCdAgKplud11OAtD1d3BAgQIECAAAECBAgQKCIgkCrCqlECBAgQIECAAAECxQRGnY+okCo2tRomQIAAAQIECBAgQIDA9AoIpKZ3bo2MAAECBAgQIEBgOgUEUi3P66jBWx6u7ggQIECAAAECBAgQIFBEQCBVhFWjBAgQIECAAAECBIoJjDofUSFVbGo1TIAAAQIECBAgQIAAgekVEEhN79waGQECBAgQIECAwHQKCKRantcS4E899VSKdjdt2tRzNPF8PK6//voUfz548GDP191+++1pi1aAdwAAFdtJREFUzZo1s547ceJE2rVrV3rjjTfShg0bqjbiEe1ceuml57w+nnvkkUfSiy++mLZu3ZpWrlx5TnvHjx9P69atS/v370833nhjevbZZ6u24nH06NG+42h5qnRHgAABAgQIECBAgMAYCwikxnhybBoBAgQIECBAgACBHgIl8pGFQKuQWojW/752rlApN3fRRRel7du3p2XLllU/qodSvbqMEGnt2rVp+fLlMwFUvG716tXpjjvuSEuXLp31tn6BVG5n1apVaefOnVXg1Ay54r2xfRFaXXjhhdU25rCsX8i1CCZvIUCAAAECBAgQIEBgigWGFUjFd5jnn39+Rqrfd6AppjQ0AgQIECBAgAABAq0ICKRaYf6/ToYBPld1UvR0+vTptHfv3rR58+Z06tSpdOTIkfSBD3ygZ3VUrnrKQVI9PHrhhRfS9773vZmqqGg7B1vx53p4dObMmbR79+507bXXzgRQ+WexDTkc6xem3XTTTenw4cPp9ddf90Ww5X1SdwQIECBAgAABAgQmUWCYgdSKFStmfe+ZRA/bTIAAAQIECBAgQGDcBYaRj5zPGFVILUJvIRVSzUCqHiLVA6cIpN7xjnekr33ta+mll17quVVR1XTVVVfNVF3ltubbnuuuu65ali/em5cVfPrpp6urEKNCKiqwIow6duxY9ecIsnKgliu8FsHkLQQIECBAgAABAgQITLGAQGqKJ9fQCBAgQIAAAQIEplJAINXytA4DvFeFVARKva7qi3tA1Suk5gqkYsm+qJCKCqsDBw5UAVJULMXf455PcT+oZoVU3POp2W+vyqrMnKum3v3ud1dL9sXSfhGaxc/j/xs3bqz+H/1EeNVcKrDl6dIdAQIECBAgQIAAAQJjKjDMQCov2ddc+nxMh26zCBAgQIAAAQIECEykwDDykfMZuAqpRehFWBMTV1/nvFcz73rXu6ol9BayZF8ETNFurJseoVEEUrmv+FkESDkk6ne/p7kCqU9+8pNVuBUh1v79+6tlMWL78v9zQNVcKnARTN5CgAABAgQIECBAgMAUCwwrkKoTxXetvHKDi+OmeOcxNAIECBAgQIAAgZEICKRaZh8GeP1+T/UKqF5DKV0hFcHRwYMHB1K8/fbbqwqsqIaKMUQIFVVX+RFBVgRi8cjVWgM17EUECBAgQIAAAQIECHROoEQgFatD7Nq1K916662zvqt0DteACRAgQIAAAQIECBQQGEY+cj6bpUJqEXq5yijCnAhxHn744XNayeHPQgKp+j2kmtVQETr1u4dUdF7vJ1dIxZJ/uTorb2AEUc3Krugr7h0Vj927d1f/j7+7InERO4e3ECBAgAABAgQIEOiIgECqIxNtmAQIECBAgAABAlMjIJBqeSrPFzyu2Nu7d2/avHlzFdhEgBPL8kXlUX7U7zHVDKSa1UwbNmyoKpXqVVfRTrQRr73wwgvT1q1bZ64ObN5DqlfFU33Jvry8YNwPKh6xPY899ljVZnP7Y2w7d+5My5cvF0i1vF/qjgABAgQIECBAgMCkCQwjkIrvIM8880x6//vfXw3fkn2TthfYXgIECBAgQIAAgUkSON985HzHqkJqgYJ5WbsIeCJEOnXq1DnhTb8l/epBVbPb+r2dIuSKdiPoiv8fP368ColyqBTvrffRDLOa95CK5+OeURF8xSMHT3F/qnjEva5iib6o9IrKrlgG0LrtC9wxvJwAAQIECBAgQIBAxwSGEUgFWX3Vibx6g9UaOrYzGS4BAgQIECBAgEArAgKpVpj/r5PzBc/B0eHDh6tGc0jU70vUXPeYqr8nluPbvn17OnDgwEy7zUqnPIp65VQEVhEgRdjUr6qqfs+o2O4XX3xxVtVV9BP9Rv/Lli2ruomfxWst3dfyDqo7AgQIECBAgAABAhMiMKxAakKGazMJECBAgAABAgQITLzA+eYj5wugQup8Bb2fAAECBAgQIECAAAECHRQQSHVw0g2ZAAECBAgQIEBgogUEUi1P36jBWx6u7ggQIECAAAECBAgQIFBEQCBVhFWjBAgQIECAAAECBIoJjDofUSFVbGo1TIAAAQIECBAgQIAAgekVEEhN79waGQECBAgQIECAwHQKCKRantdRg7c8XN0RIECAAAECBAgQIECgiIBAqgirRgkQIECAAAECBAgUExh1PqJCqtjUapgAAQIECBAgQIAAAQLTKyCQmt65NTICBAgQIECAAIHpFBBItTyvowZvebi6I0CAAAECBAgQIECAQBEBgVQRVo0SIECAAAECBAgQKCYw6nxEhVSxqdUwAQIECBAgQIAAAQIEpldAIDW9c2tkBAgQIECAAAEC0ykgkGp5XkcN3vJwdUeAAAECBAgQIECAAIEiAgKpIqwaJUCAAAECBAgQIFBMYNT5iAqpYlOrYQIECBAgQIAAAQIECEyvgEBqeufWyAgQIECAAAECBKZTQCDV8ryOGrzl4eqOAAECBAgQIECAAAECRQQEUkVYNUqAAAECBAgQIECgmMCo8xEVUsWmVsMECBAgQIAAAQIECBCYXgGB1PTOrZERIECAAAECBAhMp4BAquV5HTV4y8PVHQECBAgQIECAAAECBIoICKSKsGqUAAECBAgQIECAQDGBUecjKqSKTa2GCRAgQIAAAQIECBAgML0CAqnpnVsjI0CAAAECBAgQmE4BgVTL8/raa6+lN998s+VedUeAAAECBAgQIECAAIHpErjggguqAfl+NV3zajQECBAgQIAAAQLTKxD/hr/44otHNsDOVUiNTFrHBAgQIECAAAECBAgQIECAAAECBAgQIECAAIGOCgikOjrxhk2AAAECBAgQIECAAAECBAgQIECAAAECBAgQaEtAINWWtH4IECBAgAABAgQIECBAgAABAgQIECBAgAABAh0VEEh1dOINmwABAgQIECBAgAABAgQIECBAgAABAgQIECDQloBAqi1p/RAgQIAAAQIECBAgQIAAAQIECBAgQIAAAQIEOiogkOroxBs2AQIECBAgQIAAAQIECBAgQIAAAQIECBAgQKAtAYFUW9L6IUCAAAECBAgQIECAAAECBAgQIECAAAECBAh0VEAg1dGJN2wCBAgQIECAAAECBAgQIECAAAECBAgQIECAQFsCAqm2pPVDgAABAgQIECBAgAABAgQIECBAgAABAgQIEOiogECqoxNv2AQIECBAgAABAgQIECBAgAABAgQIECBAgACBtgQEUm1J64cAAQIECBAgQIAAAQIECBAgQIAAAQIECBAg0FEBgVRHJ96wCRAgQIAAAQIECBAgQIAAAQIECBAgQIAAAQJtCQik2pLWDwECBAgQIECAAAECBAgQIECAAAECBAgQIECgowICqY5OvGETIECAAAECBAgQIECAAAECBAgQIECAAAECBNoSEEi1Ja0fAgQIECBAgAABAgQIECBAgAABAgQIECBAgEBHBQRSHZ14wyZAgAABAgQIECBAgAABAgQIECBAgAABAgQItCUwkYHUF77whfTRj340fec732nLST8ECBAgQIAAAQIECBAgQIAAAQIECBAgQIAAgU4KXHHFFenBBx9MN9xww6LHP5GB1GWXXZa++93vLnrQ3kiAAAECBAgQIECAAAECBAgQIECAAAECBAgQIDC4wOWXX55efvnlwd/QeOVEBlJLlixZ9IC9kQABAgQIECBAgAABAgQIECBAgAABAgQIECBAYOECb7311sLf9L/vEEgtms4bCRAgQIAAAQIECBAgQIAAAQIECBAgQIAAAQLdERBIdWeujZQAAQIECBAgQIAAAQIECBAgQIAAAQIECBAgMBIBgdRI2HVKgAABAgQIECBAgAABAgQIECBAgAABAgQIEOiOgECqO3NtpAQIECBAgAABAgQIECBAgAABAgQIECBAgACBkQgIpEbCrlMCBAgQIECAAAECBAgQIECAAAECBAgQIECAQHcEBFLdmWsjJUCAAAECBAgQIECAAAECBAgQIECAAAECBAiMREAgNRJ2nRIgQIAAAQIECBAg0CWBF198MX39619PH/rQh84Z9tGjR9PTTz+d7r777pnnfvM3fzPt2bMnPfjgg2n//v19qeJ1jz32WDp06NA5befnfv7nf37m/Y8++mj66le/mu6999700z/90+lnf/ZnZ5575pln0rXXXtulaTFWAgQIECBAgAABAgRaFBBItYitKwIECBAgQIAAAQIEplvg8OHD6bd+67dmBUDxlw9+8IOzBh7BUA6nNm7cmP7iL/4i3XXXXTPh06CBVDT6d3/3d2n9+vXp1ltvTV/+8pfPAb7//vvTLbfckjZt2pT+/M//PP34xz9Oq1evTlu2bEnvfe97Z57r9d7pni2jI0CAAAECBAgQIECgTQGBVJva+iJAgAABAgQIECBAYOoF6mHSL/7iL6bf+73fS2vXrq3GHeHRr/3ar6WrrrpqlkOERvXX9Qqp4g1RaXXllVcOZHjs2LGqH4HUQFxeRIAAAQIECBAgQIBAYQGBVGFgzRMgQIAAAQIECBAg0C2BCIDe+c53pgMHDvRcGi9rzLVEXr9AajGSAqnFqHkPAQIECBAgQIAAAQLDFhBIDVtUewQIECBAgAABAgQIdFqgXsX0mc98Jl1zzTXpU5/6VGWSq6Biab/ly5enSy65JMU9nnI1U4aLQOqv/uqv0t/8zd/MurdUfr7XvaOizRUrVsyqvqpvy5tvvpleffXVqsrKkn2d3kUNngABAgQIECBAgMBIBARSI2HXKQECBAgQIECAAAEC0ygQS/LF/aLiHlGxNN+//Mu/pF//9V+vQqfmI1dI9VrGL7fTq4oqKp62b99eNbdz586ZwCq/J4Kn+s/rFVJ79uxJL730UhVILV26NK1atWpms+aq2JrGuTImAgQIECBAgAABAgTaFRBIteutNwIECBAgQIAAAQIEplQg3zvqZ37mZ9KhQ4dmAql+FVLBcO211/a8r1RUMeXgaMuWLenLX/5ypRah00033ZT+5E/+JMX9qW655Za0adOmKvDKFVXxuj/+4z9Of/qnf5r2798/6x5Sf/mXf5m++93vVlVU8b73vve9M23kPqZ0egyLAAECBAgQIECAAIERCwikRjwBuidAgAABAgQIECBAYLoEIkz6+te/vuAKqc9//vNVOPTxj388/dmf/Vm666670p133pmefvrpnsv2hVpepi/+fPLkySrgaj7qFVIROkWo9fa3v716bfO56ZoJoyFAgAABAgQIECBAYJwEBFLjNBu2hQABAgQIECBAgACBiReoB1KnT59OP/dzPzdTjVS/h1QMNFdIxTJ///3f/11VPn30ox+dCZfmC4ziXlN//dd/nf7rv/4r3XrrrTOVVHXEZht5+z70oQ8JpCZ+bzMAAgQIECBAgAABApMjIJCanLmypQQIECBAgAABAgQITIBABD5XXnlltaWvvfZa+uY3vzlTjdQrkMpVTrGMXrw3HvHn/Ijnf+mXfmlW4NS8j1S8Nu4r9R//8R8z740lBB977LFZ96/6x3/8x5mALKql5gu8JoDbJhIgQIAAAQIECBAgMCECAqkJmSibSYAAAQIECBAgQIDAZAjkCqRPf/rTac+ePenBBx+cuZfT+9///hT3mIp7Pj366KMpqpTqwdOKFStmhVHN5+LvEXbFfaB6VUTFcnxRbRWPZ555ZtYSfhFQPfLII+lTn/pU+vd///eqsuqnfuqnZvrv1+ZkqNtKAgQIECBAgAABAgTGXUAgNe4zZPsIECBAgAABAgQIECBAgAABAgQIECBAgAABAhMuIJCa8Am0+QQIECBAgAABAgQIECBAgAABAgQIECBAgACBcRcQSI37DNk+AgQIECBAgAABAgQIECBAgAABAgQIECBAgMCECwikJnwCbT4BAgQIECBAgAABAgQIECBAgAABAgQIECBAYNwFBFLjPkO2jwABAgQIECBAgAABAgQIECBAgAABAgQIECAw4QICqQmfQJtPgAABAgQIECBAgAABAgQIECBAgAABAgQIEBh3AYHUuM+Q7SNAgAABAgQIECBAgAABAgQIECBAgAABAgQITLiAQGrCJ9DmEyBAgAABAgQIECBAgAABAgQIECBAgAABAgTGXaBzgdTll1+e/vM//3Pc58X2ESBAgAABAgQIECBAgAABAgQIECBAgAABAgSmQuDtb397OnHixKLHsmTJkiWLffOi3xgdvnUeMdpnPvOZ9Ad/8AeL3W7vI0CAAAECBAgQIECAAAECBAgQIECAAAECBAgQWIDAZz/72XTjjTcu4B2zXzqRgdSiR+uNBAgQIECAAAECBAgQIECAAAECBAgQIECAAAECrQsIpFon1yEBAgQIECBAgAABAgQIECBAgAABAgQIECBAoFsCAqluzbfREiBAgAABAgQIECBAgAABAgQIECBAgAABAgRaFxBItU6uQwIECBAgQIAAAQIECBAgQIAAAQIECBAgQIBAtwQEUt2ab6MlQIAAAQIECBAgQIAAAQIECBAgQIAAAQIECLQuIJBqnVyHBAgQIECAAAECBAgQIECAAAECBAgQIECAAIFuCQikujXfRkuAAAECBAgQIECAAAECBAgQIECAAAECBAgQaF1AINU6uQ4JECBAgAABAgQIECBAgAABAgQIECBAgAABAt0SGGUg9f9SSpd1i9toCRAgQIAAAQIECBAgQIAAAQIECBAgQIAAAQKdEzi+ZMmS1Ysd9ZLFvjHe99Zbb92SUvrk+bThvQQIECBAgAABAgQIECBAgAABAgQIECBAgAABAmMvcPOSJUs+u9itPK9AarGdeh8BAgQIECBAgAABAgQIECBAgAABAgQIECBAgEB3BARS3ZlrIyVAgAABAgQIECBAgAABAgQIECBAgAABAgQIjERAIDUSdp0SIECAAAECBAgQIECAAAECBAgQIECAAAECBLojIJDqzlwbKQECBAgQIECAAAECBAgQIECAAAECBAgQIEBgJAICqZGw65QAAQIECBAgQIAAAQIECBAgQIAAAQIECBAg0B0BgVR35tpICRAgQIAAAQIECBAgQIAAAQIECBAgQIAAAQIjERBIjYRdpwQIECBAgAABAgQIECBAgAABAgQIECBAgACB7ggIpLoz10ZKgAABAgQIECBAgAABAgQIECBAgAABAgQIEBiJgEBqJOw6JUCAAAECBAgQIECAAAECBAgQIECAAAECBAh0R0Ag1Z25NlICBAgQIECAAAECBAgQIECAAAECBAgQIECAwEgEBFIjYdcpAQIECBAgQIAAAQIECBAgQIAAAQIECBAgQKA7AgKp7sy1kRIgQIAAAQIECBAgQIAAAQIECBAgQIAAAQIERiIgkBoJu04JECBAgAABAgQIECBAgAABAgQIECBAgAABAt0REEh1Z66NlAABAgQIECBAgAABAgQIECBAgAABAgQIECAwEgGB1EjYdUqAAAECBAgQIECAAAECBAgQIECAAAECBAgQ6I7A/wenEFaaZAKFlQAAAABJRU5ErkJggg==', '1605152206', '12', '56');
INSERT INTO `home_handover` VALUES ('11', 'data:image/png;base64,iVBORw0KGgoAAAANSUhEUgAABqQAAAJiCAYAAAChLqOCAAAgAElEQVR4XuzdCbQkVZkg/stSUFSxbwWILKWC0KVIUaLI0oBslrjhwp9W2+1Ad9tqozKt7TCgDi09PdjDYC82jNoOdjs4irIIWIWsolDsUqIgyiJbsS8CRUHB/9wo4028fLlFvsjMuJm/PKdPS73MiC9+X7wv8t0v7o3VghcBAgQIECBAgAABAgQIECBAgAABAgQIECBAgACBPgqs1sdt2zQBAgQIECBAgAABAgQIECBAgAABAgQIECBAgACBoCHlJCBAgAABAgQIECBAgAABAgQIECBAgAABAgQIEOirgIZUX3ltnAABAgQIECBAgAABAgQIECBAgAABAgQIECBAQEPKOUCAAAECBAgQIECAAAECBAgQIECAAAECBAgQINBXAQ2pvvLaOAECBAgQIECAAAECBAgQIECAAAECBAgQIECAgIaUc4AAAQIECBAgQIAAAQIECBAgQIAAAQIECBAgQKCvAhpSfeW1cQIECBAgQIAAAQIECBAgQIAAAQIECBAgQIAAAQ0p5wABAgQIECBAgAABAgQIECBAgAABAgQIECBAgEBfBTSk+spr4wQIECBAgAABAgQIECBAgAABAgQIECBAgAABAhpSzgECBAgQIECAAAECBAgQIECAAAECBAgQIECAAIG+CmhI9ZXXxgkQIECAAAECBAgQIECAAAECBAgQIECAAAECBDSknAMECBAgQIAAAQIECBAgQIAAAQIECBAgQIAAAQJ9FdCQ6iuvjRMgQIAAAQIECBAgQIAAAQIECBAgQIAAAQIECGhIOQcIECBAgAABAgQIECBAgAABAgQIECBAgAABAgT6KjCthtSLL774jhDCCSGEnfsapY0TIECAAAECBAgQIECAAAECBAgQIECAAAECBAgMS+DmEMLfrLbaamf3GsB0G1K3hxC263XnPkeAAAECBAgQIECAAAECBAgQIECAAAECBAgQIJCEwG9XW221l/Ua6XQbUi/2umOfI0CAAAECBAgQIECAAAECBAgQIECAAAECBAgQSEdgtdVW67mv1PMHI8+LL76oIZXOeSJSAgQIECBAgAABAgQIECBAgAABAgQIECBAgEDPAhpSPdP5IAECBAgQIECAAAECBAgQIECAAAECBAgQIECAQDcCGlLdKHkPAQIECBAgQIAAAQIECBAgQIAAAQIECBAgQIBAzwIaUj3T+SABAgQIECBAgAABAgQIECBAgAABAgQIECBAgEA3AhpS3Sh5DwECBAgQIECAAAECBAgQIECAAAECBAgQIECAQM8CGlI90/kgAQIECBAgQIAAAQIECBAgQIAAAQIECBAgQIBANwIaUt0oeQ8BAgQIECBAgAABAgQIECBAgAABAgQIECBAgEDPAhpSPdP5IAECBAgQIECAAAECBAgQIECAAAECBAgQIECAQDcCGlLdKHkPAQIECBAgQIAAAQIECBAgQIAAAQIECBAgQIBAzwIaUj3T+SABAgQIECBAgAABAgQIECBAgAABAgQIECBAgEA3AhpS3Sh5DwECBAgQIECAAAECBAgQIECAAAECBAgQIECAQM8CGlI90/kgAQIECBAgQIAAAQIECBAgQIAAAQIECBAgQIBANwIaUt0oeQ8BAgQIECBAgAABAgQIECBAgAABAgQIECBAgEDPAhpSPdP5IAECBAgQIECAAAECBAgQIECAAAECBAgQIECAQDcCGlLdKHkPAQIECBAgQIAAAQIECBAgQIAAAQIECBAgQIBAzwIaUj3T+SABAgQIECBAgAABAgQIECBAgAABAgQIECBAgEA3AhpS3Sh5DwECBAgQIECAAAECBAgQIECAAAECBAgQIECAQM8CGlI90/kgAQIECBAgQIAAAQIECBAgQIAAAQIECBAgQIBANwIaUt0oeQ8BAgQIECBAgAABAgQIECBAgAABAgQIECBAgEDPAhpSPdP5IAECBAgQIECAAAECBAgQIECAAAECBAgQIECAQDcCGlLdKHkPAQIECBAgQIAAAQIECBAgQIAAAQIECBAgQIBAzwIaUj3T+SABAgQIECBAgAABAgQIECBAgAABAgQIECBAgEA3AmPXkLr99tvDGWecEY4++uhw8803hyuuuCJ8/OMfD1/5ylfCnnvuGebOnRtOOumkcMwxx4QNN9xwkuHy5cvDySefHA4//PCw0UYbZdtYunRpU+ctt9wynHLKKWH77bfPfh63H19xX/nrscceC8cff3y2nfx9xZ+dfvrp4cgjjwwzZ86cso+zzz473HnnnZO2103CvYcAAQIECBAgQIAAAQIECBAgQIAAAQIECBAgMGiBsWtIReDrrrsua0TFBlT8//EV//f8+fNDbFhdfPHF4cMf/vCUXDQ2pLppXMVGU7vGU2wsLVmyJBx77LFTGk+dfqYhNehfF/sjQIAAAQIECBAgQIAAAQIECBAgQIAAAQIEehEYu4ZUbPJ88YtfbGp16qmnhrvvvnvKzw855JCw6667hhNPPHHic/Hf4nu7mSFVnM3Ubv/5xo877rjw1re+NfvPfOZWbJYVX2ZI9XK6+wwBAgQIECBAgAABAgQIECBAgAABAgQIECAwDIGxa0jlyHGW1FFHHRU+8IEPTCx71ziTqbi8X1w2r5cZUnFpv2bL8sVtnXDCCeGwww7LZmaVfWlIlRXzfgIECBAgQIAAAQIECBAgQIAAAQIECBAgQGBYAmPZkIqzjhYtWhTe+973Zs+Lyp/39Jvf/CbERs8nP/nJ7JlO+dJ++XOf2jWkWjWY4r623XbbbMZT/N/Lli3Lluc77bTTJv69uN2433xbF1xwQXZexJlbcWnBb37zm23Pkzhrq9nSf8M6ueyXAAECBAgQIECAAAECBAgQIECAAAECBAgQIBAFxq4hFZtC8RWbTHnD6dBDDw2f+MQnwiabbBLe9773haeffnqigZQ3k+Jnio2ij370o+Gyyy5ruWRffP+BBx6Y7Wvx4sXZ/89nYzWb3RRnY5188snhC1/4Qthwww2z97ebRWWGlF9gAgQIECBAgAABAgQIECBAgAABAgQIECBAIBWBsWtI5Ylp1dDJl+n74Ac/mD0z6uijj85mS8VGVpyhlM+mikvxxdlVxxxzTNZAatc8itt85plnws4775w1weJSga1exVlOGlKp/BqJkwABAgQIECBAgAABAgQIECBAgAABAgQIEGgnMHYNqbyx1IiSN4Liv8dnOz3xxBNh/fXXn7QEXnFpvfi+M844I9vMd7/73SnG8+bNy2Y8Pfroo9nsq/vuuy97z3HHHZfNvoqNqTPPPHPK8n0xvj333DN7rpSGlF9eAgQIECBAgAABAgQIECBAgAABAgQIECBAYBQExq4h1azJU3zOU0xqbBYdf/zx4ZRTTslmR+WvYkMqNpric53iq7isX/zvxx57bGL2VFzWLzaeYnMqX4ov30f8fFw6sHH/xf3F5thhhx2WNaiKL0v2jcKvn2MgQIAAAQIECBAgQIAAAQIECBAgQIAAAQLjITB2Dan7778/Wz7va1/7WrjggguyLOfPdsqbSXGZvqVLl0769/izYkPq3HPPzRpRd955Z9uGVOPzoOJ24jJ/cbm/vNFUbEjlz7WKjapi82zu3Lnh9NNPD0ceeWSYOXNm0JAaj19QR0mAAAECBAgQIECAAAECBAgQIECAAAECBEZBYOwaUs2aTvHZUHEpva233jp7vlP83wcddFC2dF98HXvssVkTKG9ILViwIJxzzjnhC1/4QtYkip9vfDUu2Rd/HmdcxWdQxe3OmTMnmx0VX8WGVLHRlDek8sbZqaeeOjFTSkNqFH79HAMBAgQIECBAgAABAgQIECBAgAABAgQIEBgPgbFrSMXmz6JFi6YsxxcbPKeddlrTf1+yZEnYddddw4knnhhio2mfffYJm266afYsqGbL7eVL9sWG03e+853w/ve/P1uuL85+ig2vYmMpnmb5v+enXP7z22+/PXv+VGx8WbJvPH4hHSUBAgQIECBAgAABAgQIECBAgAABAgQIEBhFgbFrSI1iEh0TAQIECBAgQIAAAQIECBAgQIAAAQIECBAgQKDOAhpSdc6O2AgQIECAAAECBAgQIECAAAECBAgQIECAAAECIyCgITUCSXQIBAgQIECAAAECBAgQIECAAAECBAgQIECAAIE6C2hI1Tk7YiNAgAABAgQIECBAgAABAgQIECBAgAABAgQIjICAhtQIJNEhECBAgAABAgQIECBAgAABAgQIECBAgAABAgTqLKAhVefsiI0AAQIECBAgQIAAAQIECBAgQIAAAQIECBAgMAICGlIjkESHQIAAAQIECBAgQIAAAQIECBAgQIAAAQIECBCos4CGVJ2zIzYCBAgQIECAAAECBAgQIECAAAECBAgQIECAwAgIaEiNQBIdAgECBAgQIECAAAECBAgQIECAAAECBAgQIECgzgIaUnXOjtgIECBAgAABAgQIECBAgAABAgQIECBAgAABAiMgoCE1Akl0CAQIECBAgAABAgQIECBAgAABAgQIECBAgACBOgtoSNU5O2IjQIAAAQIECBAgQIAAAQIECBAgQIAAAQIECIyAgIbUCCTRIRAgQIAAAQIECBAgQIAAAQIECBAgQIAAAQIE6iygIVXn7IiNAAECBAgQIECAAAECBAgQIECAAAECBAgQIDACAkk2pJ555pkRoHcIBAgQIECAAAECBAgQIECAAAECBAgQIECAAIF0BNZZZ52eg02yIdXz0fogAQIECBAgQIAAAQIECBAgQIAAAQIECBAgQIDAwAU0pAZObocECBAgQIAAAQIECBAgQIAAAQIECBAgQIAAgfES0JAar3w7WgIECBAgQIAAAQIECBAgQIAAAQIECBAgQIDAwAU0pAZObocECBAgQIAAAQIECBAgQIAAAQIECBAgQIAAgfES0JAar3w7WgIECBAgQIAAAQIECBAgQIAAAQIECBAgQIDAwAU0pAZObocECBAgQIAAAQIECBAgQIAAAQIECBAgQIAAgfES0JAar3w7WgIECBAgQIAAAQIECBAgQIAAAQIECBAgQIDAwAU0pAZObocECBAgQIAAAQIECBAgQIAAAQIECBAgQIAAgfES0JAar3w7WgIECBAgQIAAAQIECBAgQIAAAQIECBAgQIDAwAU0pAZObocECBAgQIAAAQIECBAgQIAAAQIECBAgQIAAgfESGLuG1AsvvBCef/758OKLL45Xph0tAQITAquttlpYc801w+qrr96VirrRFZM3ERhpAXVjpNPr4Aj0RUDd6AurjRIYaQF1Y6TT6+AI9EWgbN1YuXJliP9nXLQv6bBRAkkIlK0bVR/U2DWkVqxYoehWfRbZHoEEBWLxXWuttbqKXN3oismbCIy8QJm68eyzz468hwMkQKCzgLrR2cg7CBCYLBBvmpsxY0ZXLP5O6YrJmwiMvECZuuHvlJE/HRwgga4EytSNrjZY4k1j15BSeEucHd5KYMQF1l577a6OUN3oismbCIyFgLoxFml2kAQqFVA3KuW0MQIjL6CRPfIpdoAEKhdQNyontUECIy9Qpm5UjaEhVbWo7REgkIyAAaJkUiVQArURUDdqkwqBEEhGQN1IJlUCJVALgTIDRG6cq0XKBEFg6ALqxtBTIAACyQmUqRtVH5yGVNWitkeAQDICBoiSSZVACdRGQN2oTSoEQiAZAXUjmVQJlEAtBMoMEGlI1SJlgiAwdAF1Y+gpEACB5ATK1I2qD05DqmpR2yNAIBkBA0TJpEqgBGojoG7UJhUCIZCMgLqRTKoESqAWAmUGiDSkapEyQRAYuoC6MfQUCIBAcgJl6kbVB6chVbWo7REgkIyAAaJkUiVQArURUDdqkwqBEEhGQN1IJlUCJVALgTIDRBpStUiZIAgMXUDdGHoKBEAgOYEydaPqg9OQqlrU9ggQSEbAAFEyqRIogdoIqBu1SYVACCQjoG4kkyqBEqiFQJkBIg2pWqRMEASGLqBuDD0FAiCQnECZulH1wWlIVS1qewQIJCNggCiZVAmUQG0E1I3apEIgBJIRUDeSSZVACdRCoMwAkYZULVImCAJDF1A3hp4CARBITqBM3aj64DSkqha1PQIEkhEwQJRMqgRKoDYC6kZtUiEQAskIqBvJpEqgBGohUGaASEOqFikTBIGhC6gbQ0+BAAgkJ1CmblR9cBpSVYvaHgECyQgYIEomVQIlUBsBdaM2qRAIgWQE1I1kUiVQArUQKDNApCFVi5QJgsDQBdSNoadAAASSEyhTN6o+OA2pqkVtjwCBZAQMECWTKoESqI2AulGbVAiEQDIC6kYyqRIogVoIlBkg0pCqRcoEQWDoAurG0FMgAALJCZSpG1UfnIZU1aK2R4BAMgIGiJJJlUAJ1EZA3ahNKgRCIBkBdSOZVAmUQC0EygwQaUjVImWCIDB0AXVj6CkQAIHkBMrUjaoPTkOqalHbI0AgGQEDRMmkSqAEaiOgbtQmFQIhkIyAupFMqgRKoBYCZQaINKRqkTJBEBi6gLox9BQIgEByAmXqRtUHpyFVtajtESCQjIABomRSJVACtRFQN2qTCoEQSEZA3UgmVQIlUAuBMgNEGlK1SJkgCAxdQN0YegoEQCA5gTJ1o+qD05CqWtT2CBBIRsAAUTKpEiiB2gioG7VJhUAIJCOgbiSTKoESqIVAmQEiDalapEwQBIYuoG4MPQUCIJCcQJm6UfXBaUhVLWp7BAgkI2CAKJlUCZRAbQTUjdqkQiAEkhFQN5JJlUAJ1EKgzACRhlQtUiYIAkMXUDeGngIBEEhOoEzdqPrgNKSqFrU9AgSSETBAlEyqBEqgNgLqRm1SIRACyQioG8mkSqAEaiFQZoBIQ6oWKRMEgaELqBtDT4EACCQnUKZuVH1wGlJVi9oeAQLJCBggSiZVAiVQGwF1ozapEAiBZATUjWRSJVACtRAoM0CkIVWLlAmCwNAF1I2hp0AABJITKFM3qj44DamqRW2PAIFkBAwQJZMqgRKojYC6UZtUCIRAMgLqRjKpEiiBWgiUGSDSkKpFygRBYOgC6sbQUyAAAskJlKkbVR+chlTVorZHgEAyAgaIkkmVQAnURkDdqE0qBEIgGQF1I5lUCZRALQTKDBBpSNUiZYIgMHQBdWPoKRAAgeQEytSNqg9OQ6pqUdsjQCAZAQNEyaRKoARqI6Bu1CYVAiGQjIC6kUyqBEqgFgJlBog0pGqRMkEQGLqAujH0FAiAQHICZepG1QenIVW1qO0RIJCMgAGiZFIlUAK1EVA3apMKgRBIRkDdSCZVAiVQC4EyA0QaUrVImSAIDF1A3Rh6CgRAIDmBMnWj6oPTkKpa1PYIEEhGwABRMqkSKIHaCKgbtUmFQAgkI6BuJJMqgRKohUCZASINqVqkTBAEhi6gbgw9BQIgkJxAmbpR9cFpSFUtansECCQjYIAomVQJlEBtBNSN2qRCIASSEVA3kkmVQAnUQqDMAJGGVC1SJggCQxdQN4aeAgEQSE6gTN2o+uA0pKoWtT0CBJIRMECUTKoESqA2AupGbVIhEALJCKgbyaRKoARqIVBmgEhDqhYpEwSBoQuoG0NPgQAIJCdQpm5UfXAaUlWL2h4BAskIGCBKJlUCJVAbAXWjNqkQCIFkBNSNZFIlUAK1ECgzQKQhVYuUCYLA0AXUjaGnQAAEkhMoUzeqPjgNqapFbY8AgWQEDBAlkyqBEqiNgLpRm1QIhEAyAupGMqkSKIFaCJQZINKQqkXKBEFg6ALqxtBTIAACyQmUqRtVH5yGVNWitkeAQDICBoiSSZVACdRGQN2oTSoEQiAZAXUjmVQJlEAtBMoMEGlI1SJlgiAwdAF1Y+gpEACB5ATK1I2qD05DqmpR2yNAIBkBA0TJpEqgBGojoG7UJhUCIZCMgLqRTKoESqAWAmUGiDSkapEyQRAYuoC6MfQUCIBAcgJl6kbVB6ch1YNo/NJ3+eWXh9e97nVhvfXWy7bw5JNPhksuuSTsu+++E/+Wb7rx/fF9O+ywQ9hqq61a7n3JkiXhiSeeCAcccEAPEfoIAQLdCAxygKhs3SjGH+vBRhttFF7xild0c1ih7Pu72qg3ESCQCQyybvz6178Ov/rVr8JBBx00Zb/xe8d5550X5s+fn9WG+N5HH3007L777iHWm0WLFoU5c+Zk/9343mapjHUjbmO//fZr+v0k38by5cubngkzZ84MCxcunPIdyGlDgMBg60bx749iHWiWhzK/1/fee2944IEHwk477TTxd9Avf/nL7PtJfN15553+bnGyE6hIoMwAUZUNqfz7wytf+cqu/+648MILw/rrr59932h8qRsVnRA2Q6ALAXWjCyRvIUBgkkCZulE1nYZUj6LFBtRaa601pUFV3GxxIDp+7sYbbwz7779/x0GtODgUX82+3PUYto8RIFAQGOTActxtmbpRTFSnBlPjz5v9t1ri1CdQjcAg6kb8HY4DvcVXbPjsuOOO2XeI+GpsAOUNqV122SVrRj3yyCNND/gNb3jDlEGmuL9ly5aF+LNLL700vP71r5/SlGp34027n1WjbisE0hbod93IB5Fb/d436m288cZZo3vFihXhqquuCnvvvfeUv0ua3UgTa8Xs2bPDfffdF9Zcc80wa9as7O+UTt9T0s6e6AkMXqDMAFGVDan875XFixc3/S4Qv2v89Kc/7Qok/76hbnTF5U0Epi2gbkyb0AYIjJ1AmbpRNY6GVEnRbr6ExTsH4x9n8Y6gW2+9Neyxxx4TDav4R98999wzZa8veclLptxVGL9cXnTRRSEOLrWbTVXyELydAIE/CPR7gCiH7rZudBpIbkxcXjc0pJzSBAYnMIi60TgQnN+gEmciNJuFEO9Ozr9bxJnb66yzTna38vbbb599D4mzsu+4445s8DnWjeJsy/jZ+MpnZMfvLnEWeBygLn73KDOTYnDZsCcCaQgMom7kEo0zJOO/503nxtmW8fe624ZUs0Z53Hb87nLLLbeE4uzJvOHV7XGnkUVREhicQJkBol4bUr02suPvdbOZVMWZ2rmUujG4c8aeCKgbzgECBMoKlKkbZbfd6f0aUp2EGn4ev2i1W5KiOKupsSG16aabZnc2F+9Obrd8Xz74s8kmm1gCo2SevJ1ANwLdDpT0+odeHkOZutEs7k53HmtIdZNt7yFQjcCg6kb8DhG/M8SbXGIzKS4J3K6WFGdIxYbSrrvumi3398wzz2QNqs033zxb0i9f/jNu/+KLL86aU40zsfOBpijWbLnAaiRthcD4CAyibnQ7uFxsFvXSaL766qvD7373uzBjxoysPsQ6FWdY5jOuWi1hPj7ZdqQEpi9QZoBoun+nxGhb/a3RbDngsjMxY/1TN6Z/TtgCgU4C6kYnIT8nQKBRoEzdqFpPQ6qkaJmB5caG1HPPPZfdsRz/gMuf8dBuBlTc12233ZZFaJZUyUR5O4EuBAYxQBTDKFM3uhlQarzzuNXdh0WCfOZmFyzeQoBAG4F+1412NSDObmqcZZ3Xg7vuuitrOHWaaRlvionvy5foizOkmj0XKu5r2223zQap4nOl7r777inLCDYyqTN+dQg0F+h33Yh7bfXM2qeeemriZrp2M6I65S6vTXPnzs2W7Is32sVtx79vYuN7r732ypYm7nZp8k7783MC4yxQZoCoioZUPm4Rb34pvprdPJvfMNPqEQTFz6gb43wWO/ZBC6gbgxa3PwLpC5SpG1UfrYZUSdFul95qtWRf3N1NN92UzZLqtExGfAZEfKBofHlQcMlEeTuBLgQGMUAUwyhTN/Kwmy17EX8WB4efeOKJtrMmPUOqi+R7C4EeBQZVN2J4jd8Tis3txkGiVjWjx8Oc8rFOMzX7vf+qjsN2CAxDYBB1I29IxdmR8Rkv8W+IfHnO2HiOTaP498f111+fLcn58MMPZ7Mkn3/++QmS+PP4Kj4jJj4rKjal8+U/48oNxVmYCxYsyJrVcRZmbFDFhrfn3w7jLLPPURIoM0BURUOq2aMCWjWe8hnWxdpRtM9rRlz2N/+uom6M0tnpWOoqoG7UNTPiIlBfgTJ1o+qj0JAqKVpmpkOzZ0jFZzvkX8za/dEW9xOX2onLX8SXZ0mVTJS3E+hCYBADRDGMMnUjD7vZw8RjTbnyyivDgQceGGItia9WDx3Pl+WK75nOHdFdMHoLgbESGETdaDbrcebMmWHHHXcMDz30UNaQbteQajVrMp9N1WwgulUS88/EWQ/FutLYoNKQGqtfAwdbUmAQdSP/PhAHg+NAceNsyjjrMV/CM29IxSZTPiMiNq3irMj4Kt4I1zjbodnfJPn3nPjZuI3ic+pKUnk7AQIhhDIDRFU0pCJ6sQEVnzm5ePHi8PrXv37Ks6zLzJDK/1ZRN5zWBPovoG7039geCIyaQJm6UfWxa0hNQ7TZnUTFzeVf1uJshvhauHBhNoic/3v8o7DZl7x8Pff58+dP/EHXaUB7GofhowTGVmAQA0SNuJ3qRrMaEpfEiAPI8Y7kOIgU7zjMXxpSY3v6OvAhCQyibuTN5z322CPccMMN2ZHG5bDiLIT4irMPOjWk8vflTO0a08XnX7ZibWxA5YPX+cCzhtSQTki7TUJgEHWj+H3g/vvvnzRTKf/93WKLLcJVV101MUOqTEPq5ptvbrlkaExCXNkhvjx3LolTUpA1FygzQFRVQyqS5Ks6FGc5NVKVmSEVvyu0WmpY3aj5SSi85ATUjeRSJmACQxcoUzeqDlZDqoRoPpAcn5EQB4Xicxri9PN8ab04KBO/dMXnRMXBovjH3+23357dyRyXx3jd616XNaTyhlP8bPxZ46u4jeLPWv17iUPwVgIECgKDGiCKdwV2Wzda/dEX/zDMm9rF92hIOaUJDFag33Wj2LSO3xni4HFcgit+j4ivnXfeOWtKN2tIxWW24kyqOXPmZDMcGl+Nz5/LB5+KsyEaG035NooNqfx7THz2VFziK37/0ZAa7Hlob2kJ9GDig4IAACAASURBVLtuRI3GhlRx2b348/i7Op2GVNxGPkt7rbXWmvT3T14TZs2apSGV1qkp2poKlBkg6kdDKq8Z3cx2bHdTS3F1B3WjpiebsEZGQN0YmVQ6EAIDEyhTN6oOSkOqhGjeEIqNqGbTzvNBnPxh4fkdgsU/EGMjKw7axLXY45J9+cPC4+BS/tDPddZZp2mjKv95HGiyNnuJxHkrgRYCgxgg6rVuNA74xgHjeIdhPvibH1JeFx555JG2eW42EO3EIECgvMAg6kYeVXFWU5wlGZfNyx8iXmxIxTqzbNmy7LtF/D7RbHCo2QypZsvudPouki8HmNei/O7n2Ahr1jQvL+wTBEZPYBB1o90MqVy0+Dtf9hlSsbYUv5vEbcZlAOMSfbH5FWtC499Ao5dJR0RgMAJlBoiqaEjl1/L4O53fMJv/W7ypLh97aDbjqZVI/rdHXP7vvPPOC/EmFnVjMOePvYyngLoxnnl31ASmI1CmbkxnP80+qyHVo2iz5zO0GvDN/0DM120vzooqDvzEUPLZVa3C0pTqMWE+RqCJwCAGiIq77VQ3is2lVoO7xT8Ei380tkuwZ0g5/QlUJzCIulGsBfnveePMpcYZUp1qTfx58XtK48By/vl8mZ64PFdxxne+XGBxYKq4z06zv6vLgC0RSE9gUHUjLu2br8hQVMqX4Yr/lv8O58+67fYZUrEmFBvfcVtxu9ddd92kZnTxObjdHnd6GRUxgf4KlBkg6rUhVfyu0XjDW7PvFK3GOtrNkGq8YUbd6O95Y+vjLaBujHf+HT2BXgTK1I1ett/uMxpSVYvaHgECyQh0O1DS6x96yUAIlACBrgXUja6pvJEAgT8IqBtOBQIEygiUGSDyd0oZWe8lMLoC6sbo5taREeiXQJm6UXUMGlJVi9oeAQLJCBggSiZVAiVQGwF1ozapEAiBZATUjWRSJVACtRAoM0CkIVWLlAmCwNAF1I2hp0AABJITKFM3qj44DamqRW2PAIFkBAwQJZMqgRKojYC6UZtUCIRAMgLqRjKpEiiBWgiUGSDSkKpFygRBYOgC6sbQUyAAAskJlKkbVR+chlTVorZHgEAyAgaIkkmVQAnURkDdqE0qBEIgGQF1I5lUCZRALQTKDBBpSNUiZYIgMHQBdWPoKRAAgeQEytSNqg9OQ6pqUdsjQCAZAQNEyaRKoARqI6Bu1CYVAiGQjIC6kUyqBEqgFgJlBog0pGqRMkEQGLqAujH0FAiAQHICZepG1QenIVW1qO0RIJCMgAGiZFIlUAK1EVA3apMKgRBIRkDdSCZVAiVQC4EyA0QaUrVImSAIDF1A3Rh6CgRAIDmBMnWj6oPTkKpa1PYIEEhGwABRMqkSKIHaCKgbtUmFQAgkI6BuJJMqgRKohUCZASINqVqkTBAEhi6gbgw9BQIgkJxAmbpR9cFpSFUtansECCQjYIAomVQJlEBtBNSN2qRCIASSEVA3kkmVQAnUQqDMAJGGVC1SJggCQxdQN4aeAgEQSE6gTN2o+uA0pKoWtT0CBJIRMECUTKoESqA2AupGbVIhEALJCKgbyaRKoARqIVBmgEhDqhYpEwSBoQuoG0NPgQAIJCdQpm5UfXAaUlWL2h4BAskIGCBKJlUCJVAbAXWjNqkQCIFkBNSNZFIlUAK1ECgzQKQhVYuUCYLA0AXUjaGnQAAEkhMoUzeqPjgNqapFbY8AgWQEDBAlkyqBEqiNgLpRm1QIhEAyAupGMqkSKIFaCJQZINKQqkXKBEFg6ALqxtBTIAACyQmUqRtVH5yGVNWitkeAQDICBoiSSZVACdRGQN2oTSoEQiAZAXUjmVQJlEAtBMoMEGlI1SJlgiAwdAF1Y+gpEACB5ATK1I2qD05DqmpR2yNAIBkBA0TJpEqgBGojoG7UJhUCIZCMgLqRTKoESqAWAmUGiDSkapEyQRAYuoC6MfQUCIBAcgJl6kbVB6chVbWo7REgkIyAAaJkUiVQArURUDdqkwqBEEhGQN1IJlUCJVALgTIDRBpStUiZIAgMXUDdGHoKBEAgOYEydaPqg9OQqlrU9ggQSEbAAFEyqRIogdoIqBu1SYVACCQjoG4kkyqBEqiFQJkBIg2pWqRMEASGLqBuDD0FAiCQnECZulH1wWlIVS1qewQIJCNggCiZVAmUQG0E1I3apEIgBJIRUDeSSZVACdRCoMwAkYZULVImCAJDF1A3hp4CARBITqBM3aj64DSkqha1PQIEkhEwQJRMqgRKoDYC6kZtUiEQAskIqBvJpEqgBGohUGaASEOqFikTBIGhC6gbQ0+BAAgkJ1CmblR9cBpSVYvaHgECyQgYIEomVQIlUBsBdaM2qRAIgWQE1I1kUiVQArUQKDNApCFVi5QJgsDQBdSNoadAAASSEyhTN6o+OA2pqkVtjwCBZAQMECWTKoESqI2AulGbVAiEQDIC6kYyqRIogVoIlBkg0pCqRcoEQWDoAurG0FMgAALJCZSpG1UfnIZU1aK2R4BAMgIGiJJJlUAJ1EZA3ahNKgRCIBkBdSOZVAmUQC0EygwQaUjVImWCIDB0AXVj6CkQAIHkBMrUjaoPTkOqalHbI0AgGQEDRMmkSqAEaiOgbtQmFQIhkIyAupFMqgRKoBYCZQaINKRqkTJBEBi6gLox9BQIgEByAmXqRtUHpyFVtajtESCQjIABomRSJVACtRFQN2qTCoEQSEZA3UgmVQIlUAuBMgNEGlK1SJkgCAxdQN0YegoEQCA5gTJ1o+qD05CqWtT2CBBIRsAAUTKpEiiB2gioG7VJhUAIJCOgbiSTKoESqIVAmQEiDalapEwQBIYuoG4MPQUCIJCcQJm6UfXBaUj1KPr4imfDP918Q/i3W38R7n7qyWwrW89eL/zFTruEP9tplzBrzTWnbHnliy+Gc+/6Tfjyz68JNz7yYHh25cqw4Vprh4XbzA2fn79H2Gbd9ad85uoH7w+H/uj7Ie5vOq+Xzl4vXPqWw8NWs9adzmZ8lsBICQxrgOiZlc+Hi+65K/zvX98cNlhr7XDq3ge2dX36+efD//nNr8Ipv7gu/PrxR0OsJZ1qx0glysEQqJHAoOtGL983Ilevn6sRtVAIjIzAoOtGDnfX758IX7phSTj/d7eHZc88FdZYbbWwYLMtwlf3OjDstOHG2dueeG5FeNuiH4SfLbu3K+895mwVzjro7WH9GWt19X5vIkCgvECZAaKqG1LqRvl8+QSBOgiMU93opk41y0kcV/lft/w8fP2WpRPjKnGM9IQFe4YjXr5TWK0OiRQDgQEKlKkbVYelIdWD6NJHHwpHXPTDrIA1e+231Tbh2/u/ORswzl9PPrcifOyKH4f/e/ut4YUXX5zysc1mzgrfO+AtYffNt5z0Mw2pHhLkIwS6FBjkANFjK54NP7jjtvDVX94YbnrkwaypFF/v3n6HcPp+C1tG/NsnHw9/ctEPww0PP9D0PXlD623bvrzLo/Y2AgSmIzDIutHL9414bL1+bjouPkuAQGuBQdaNGEX8hvGNW5aGY666JMTBl8bXduttEC5583vCFrNml25IHfPqBeGEBXtJNwECfRQoM0BUVUNK3ehjQm2awAAExqFulKlTjeTt/j5afbXVwhlvPDS8ZZuXDSBTdkGgPgJl6kbVUWtIlRR9ePkz2Yyl6x9+ILxig43CV96wf9h7i63DyhdfCP9x26/CZ5Zclt2VfOQrXx1OecP+WYc9Fs3PXX15+B83XZvNnDpu/hvCR3acF9adsVY2yHzkZYuywaNXbrhx+NGb3hnmrDO7ZFTeToBALwKDGiBqvPt47TXWyGrD8pUr2zakfv/cc+Hti38QrntoWfjYH+0a/uyVu4StZq8bnnthZbjwnrvCJ356UTZDM9aixW96Vzaw5EWAQH8FBlU3evm+EY+818/1V83WCYy3wKDqRq58xm9vCUddvihbjeGNL9km/O2CvcOrNt40+3slfn+If5N8c99Dul45Ia7ssPD872WbP+9N7wy7bLzZeCfU0RPos0CZAaKqGlLqRp+TavME+iwwDnWj1zp1+5OPZ+O4v3nisWxlqy+9dq/wlm1fFmausWY20SCO435whz8KbvLt80lq87UTKFM3qg5eQ6qkaFym79NXXhK2nDU7/OhN7wo7bLDRpC38x22/DH/2k8XZMlwXvOmdYd5Gm2bNpkPO/1545Nnl4Z/3PCArdMVXnAGx8IIzwx1PPh6+/Pp9w1/u/JqSUXk7AQK9CAxqgCg2pD506QVh47Vnhg/tMC8s2GxO+MilP8pmTLabIRU/96mfXRKOftX8rJY0vuLyOm9ffFaIMzC/td/CcNh2r+iFwWcIECghMKi60cv3jXgYvX6uBIG3EiBQUmBQdSOGdevjj4aDz/9uuO/pp8J7X75T+Je9Dghrrb7GpIjjLO14N3C3S9Mce81Pwkk/vybsu+VLw5kHvq3p0uQlSbydAIE2AmUGiKpoSKkbTkcC6QuMet3otU6teGFleO9F54Vz7vpNeNn6G4ZzD35H2H69DSYlPE4iiCtZxaWNvQiMk0CZulG1i4ZUCdFYpN570Q/DmXf8Onxkx1eFf9rzjVM+XZwJkTeXvvPbW8KfXnJ+2HGDjcOFb35XiMvzNb6+dMNV4YvX/Sy7i/G7B7w1rLPG1GdQlQjVWwkQ6EJgkANEjeG8/+LzOjakOn0xirMx37LoB2HJA/eF4+bvET73mtd1cdTeQoDAdAQGUTd6/b7R6+em4+GzBAh0FhhE3YhRxBoQZ0+f9qufh1032TwbdNlk5jqdA2zzjvuffioceP53s7uK4zMv3/fynae1PR8mQKCzQJkBouk2pNSNzvnwDgIpCIxy3ZhOnbrg7jvC4T8+J6y52urhewe+Nbu5xosAgVUCZepG1WYaUiVEi82mdoO/+UDzES97ZfjGHx8S8mZTu4cAf/+O28IRF50bimu6lwjNWwkQ6EFgUANEzULrpiHV6ZCKNemLC/YMf/3q13b6iJ8TIDBNgUHUjV6/b/T6uWmS+DgBAh0EBlE3Ygh58yguP/N3u+8Tjp43f9q5+dZtN4ejLl+c3VVseeBpc9oAga4EygwQTbchpW50lRJvIlB7gVGuG73WqdjI+ugVF2bP1TTLu/ansACHIFCmblQdnoZUCdFnVj4f3nXh2eHH99zVcoZU8e7kfLbT129Zmi3z126GVD6LatOZ62RL/Z1952+yGVNVv+JSgvFuyddutkXVm7Y9AskJDGqAqBlMFQ2p+Pyo/X/4f8N9T/8+m1l58NbbJZcDARNITWAQdaPX7xvRspfvKWZlp3YWijc1gUHUjWjyo7vvyGpAcenw6Vg9/fzz4bDFZ4VL7vtdOObVC8IJC/aazuZ8lgCBLgXKDBBNtyGlbnSZFG8jUHOBUa4bvdapB5c/HQ744XfDLY8/4vEoNT9/hTccgTJ1o+oINaRKiuZrqMeZTOcdcliY27D2aHFd03xG1E2PPBje+qMfhLh26b/udWD4k5fvNGmvxTVN84bR4nvu1JAqmRtvJ1BWYFADRP1qSP3jL64Pf73ksmxZnh8ecljYcK21yxJ4PwECJQUGVTd6+b6x/oy1Qq+fK8ng7QQIlBAYVN3InyH3mvi94OB3hAvvvSv81+t+FuLzauNTEV6xwUbhM7vsHt4zd8eunpNwxbJ7sr9hZq6xRjjvTe8Mu2y8WYmj9lYCBHoVKDNANN2GlLrRa5Z8jkC9BEa5bvRap5Y++lA45Pzvhaeefy784MC3hc3XmR2OueqS8JP77wnPrlwZ5qwzO7x77g7hv+z6+uxmHi8C4yZQpm5UbaMhVVL05488GN58wfdD7LTP22jT8K97HxjiH33xFZtIn/zZxSHOWnjuhRdC3pCKa5XGNUvjz2ORO/G1e4cjXv7K7DlRcT32Y666NFx4z50hPmB4vRlrtZ3BdO/Tvw9/fM4Z4ffPrwg/PPidYf6mq/YdX1c/eH849EffDztvtEk466C3hzgw5UWAQGuBQQ0QNYtgujOkrnzgvvDOxWeFuERXs0a3vBMg0B+BQdWNXr5vxOt+r5/rj5atEiAQBQZVN+LqCnGp8NdtvmXYY/Otwim/uC57SHfj670v3yn8y14HhLVWX6NlgorL3Lx9u5eH0/ddGGasvrqEEiAwAIEyA0TTbUipGwNIqF0QGIDAKNeNXuvUVQ/cF97yo+9nz8mJz9v++xuXhIefXT4lG3FZ4riS1PYNEw4GkDa7IDBUgTJ1o+pANaR6EI3L6/35TxaHuIxF4ys2g+JyeN+89RchX7IvNp5uf/Lx8I7FZ4VfPfbIlM/MWnPNcNQrdwnfuHVp9odeXLIvNruavfKGVPzZpW85PGw1a92Jt2lI9ZBMHxlrgUENEDVDnk5DKtaT2HyODe1uBpXGOskOnkDFAoOsG71834iH2+vnKqayOQIE/iAwqLqRf7fYevZ64fkXXwhHz9stfGTHedkNb/H5C8df99Nw+q9vzqL6+933CR/7o11b5ih+xzjo/O+GB555Ovyf/Q8Nb95mrnwSIDAggTIDRNNtSKkbA0qq3RDos8Ao141e69T377gtHHHRudnEgPh/u226efaMzW3XXT/EJdK/fduvwt9cfXl4fMWz4cCXbBvOeONbQhyf9SIwLgJl6kbVJhpSPYre9MhDWeH66bJ7ssZUXCrr3XN3DCcs2DN87uqfhK/dclN49/Y7hNP3Wzixh1jk/uv1V4b/+9tbw7Jnngprr7FGttTWV97wxhAbTXHN9y3WmT2l0VQMUUOqx4T5GIEmAoMaIGqG32tD6pFnl4d3X3hOiMvo7LXFS7JnR1mqz+lNYHACg64bvXzfiBq9fm5wkvZEYHwEBlU38u8W8Qa3TsuE5ys5tFpR4eSl14XPLrks7LbpHMsCj8+p6khrIlBmgKiqhpS6UZPkC4NAjwKjXDd6/X6TN6Qi6eFzdwyn7XPQlNnh/3brL8JHr7iw42pVPabFxwjUWqBM3aj6QDSkKhYtPoj8iwv2DH/96td2tYd8TdQ4wPyDA98e1p0xo+nn8jVQ152xVrjkze8JW8yaPfE+M6S6ovYmAhMCgxogqqohdd/TT4X/76JzQ5x6rhnlRCYwHIFh1o3iEff6faPXzw1H214JjIbAoOpGvqTNjhtsHC5887vCZjNnTQGMMyj/9JLzw0tnr9fyJrjHVjwb3nzBmeHah5ZldxIfPW/+aCTCURBIRKDMANF0G1LqRiInhTAJdBAY5brRa53Kl+yLf//EG3kP3nq7KYq/+/2TYd8fnhHueer34dv7Hxresd3LnWsExkagTN2oGkVDqmLR4vIWrQpe4y7j86bef8l54Qd33BY+suOrwj/t+caWUf3o7juymVRxbfjGxpWGVMXJtLmRFxjUAFEVDan4RendPz4n3PDwA2G/rbYJ397/zWZGjfwZ6gDrKDDMulH06OX7Rvx8r5+rYy7ERCAVgUHVjfwGt9033zKcc9Dbmz6gO79buF1D6od3/Ta7AWbzdWaFRW96V4jPVvAiQGBwAmUGiKbbkFI3BpdXeyLQT4FRrhu91qn8hv4VK1eGcw5+RzaO2vjKV6H63VNPakj18wS17VoKlKkbVR+AhlTFor0sb3HjIw+Ghed/LyxfuTKcffDbw55zXtIyqmOv+Uk46efXNG1cdWpIHXftFWHpIw+F//Tq14a4TIcXgXEXGNQA0XQbUrc+/mj2DLo4kPzO7V8RvrrXgdmUci8CBAYvMMy6UTzaXr5vxM/3+rnBS9sjgdERGFTduPS+34W3Lz4ra0RduPDd4eVNGkn5DKlWs6iKN8p9aMd54Z/3PCCsNjqpcCQEkhAoM0A03YaUupHEKSFIAh0FRrlu9FqnHn12eXjTBWdmN/XGpYw/sMMfTXHMZ0jFZ2Z2O6mgYzK8gUAiAmXqRtWHpCFVUvTFEMILL74Y1lht6p9mVz5wX3jn4rPCoyuenfKg4PjHXVyXufEVl8SIM55+cv89HR+iFx9GfOD5380Gpb+138Jw2HavmLS5Tg2pfN3VL79+3/CXO7+m5JF7O4HRExjUAFEzuW6fIRXv6nnXheeEu37/RPiznXYJ/233vaesezx6mXFEBOorMKi60ev3jV4/V19xkRFIX2BQdaO41N4nX7Vb+NJr957UTIrPvT38x+eExffcGd6+3cvD6fsunPL3SZkb5dLPjCMgUE+BMgNE021IqRv1PAdERaCswCjXjenUqfym/l032Tyce/A7wiYz15lE+4+/uD789ZLLwpazZpsVXvak8/7kBcrUjaoPVkOqpOgTz60IH7jk/HDI1tuFw1/2ymzJrFgcv/2bX4XPX/vT8PiKZ8M+W26dddaLDwn+bzcuCb954vHw2dfsHrZfb4Pw3Asrw5XL7gufuvKSEAecN1l7Zjjr4HeEBZvOaRpRHGD63NWXh/9x07XhlRtuHH70pneGOev8v+dHxQ+1a0jlz4y4+N7fhTPeeGh4yzYvK3nk3k5g9AQGNUDUa0MqPrvh8B+fG+57+vfhP+/6+vCZXXZv2gwfvcw4IgL1FRhU3ej1+0avn6uvuMgIpC8wqLoRpc6849fhQ5deEJ5/4YXwqVctCJ9+9YLs75V4Q9snr7wkLLr7jrZ/d+QDN7ttOif88JDDLA+c/unnCBIUKDNANN2GlLqR4AkiZAJNBEa9bvT6/SbOgFr4ozPDrx9/NHsOd5z5/YoNNgq/f25F+J9Lrwv//edXhziB4Pj5e2TjLV4ExkmgTN2o2kVDqqTo7597Lrx98Q+yGU3NXgtfun34X/scHDZee+akH//9z68Ox11zRdPPbD17vfDv+y1sup5p/MDKF18MsaH1t9dfGdZcffVw6t4HhcPn7jhlW+0aUvlU1duffDy7K+C1m21R8si9ncDoCQxqgCgOEL9t0Q/Cz5bd2xHx3dvvEE7fb2Eo85m4UQ/g7EjrDQQqERhU3ej1+0avn6sEx0YIEGgqMKi6EXceb2I78YarwgnXX5mt6tD4mrXmmtnSv+9p8rdEvhpDHLT5u933CUfPmy+jBAgMQaDMAFEVDSl1YwhJtksCFQuMet2YTp3KV7N6+NnlU9RXX2218L6X7xz+cc/9rURT8Tlpc/UXKFM3qj4aDakeRO97+qnwn6/5SfjBHb8OcemL+IfdvI03C59+1W7h0G1e1nQGw4oXVoZ/vvnGcMrS60J8aF5c8m+bddcP73/FztnyeXGt92avOOPqY1f8OHzvjl9nP/7Uq3YLx83fo2mhzBtSMZ5zDz4s/NFGm2SfiQ2tf/3ljeEzSy4LL5m9Xrjkze8JW8yaPLuqBwYfIZC8wKAGiMo0lzSkkj+tHMCICwyqbkTGXr5vTOdzI546h0dgaAKDrBvxIOOgzSX3/i4cf+0VIS7B9+zKldlMp4XbzA2fn79H9jdIs9e3brs5HHX5YsvWDO1MsWMCqwTKDBBV0ZBSN5x5BNIXGIe60ev3m5jd+AiEz1/3s3DeXb/NVrlae401wi4bbxa+sNueYd+tXup5men/CjiCHgTK1I0eNt/2IxpSVYtWtL3YRPqP236ZNZEeeXZ51sD6T69+bfjcrq9r2bV/ePkz2TOmbn704ZZRHPnKV4dT3rC/YltRnmwmbYFBDxClrSV6AgSigLrhPCBAoKyAulFWzPsJjLdAmQGiqhpS4y3u6AmkL6BupJ9DR0Bg0AJl6kbVsWlIVS1a0fb+4aZrQ1zDPS61sdnMWeG0fQ4KB2+9XcdG0kX33pU9l+rWxx+dtExHnDUVp6H+7Wv3CuvNWKuiKG2GQNoCBojSzp/oCQxDQN0Yhrp9EkhbQN1IO3+iJzBogTIDRBpSg86O/RGop4C6Uc+8iIpAnQXK1I2qj0NDqmrRirYXl/j79JWXhhmrr549XK/Vkn4V7c5mCIylgAGisUy7gyYwLQF1Y1p8PkxgLAXUjbFMu4Mm0LNAmQEiDamemX2QwEgJqBsjlU4HQ2AgAmXqRtUBaUhVLWp7BAgkI2CAKJlUCZRAbQTUjdqkQiAEkhFQN5JJlUAJ1EKgzACRhlQtUiYIAkMXUDeGngIBEEhOoEzdqPrgNKSqFrU9AgSSETBAlEyqBEqgNgLqRm1SIRACyQioG8mkSqAEaiFQZoBIQ6oWKRMEgaELqBtDT4EACCQnUKZuVH1wGlJVi9oeAQLJCBggSiZVAiVQGwF1ozapEAiBZATUjWRSJVACtRAoM0CkIVWLlAmCwNAF1I2hp0AABJITKFM3qj44DamqRW2PAIFkBAwQJZMqgRKojYC6UZtUCIRAMgLqRjKpEiiBWgiUGSDSkKpFygRBYOgC6sbQUyAAAskJlKkbVR+chlTVorZHgEAyAgaIkkmVQAnURkDdqE0qBEIgGQF1I5lUCZRALQTKDBBpSNUiZYIgMHQBdWPoKRAAgeQEytSNqg9OQ6pqUdsjQCAZAQNEyaRKoARqI6Bu1CYVAiGQjIC6kUyqBEqgFgJlBog0pGqRMkEQGLqAujH0FAiAQHICZepG1QenIVW1qO0RIJCMgAGiZFIlUAK1EVA3apMKgRBIRkDdSCZVAiVQC4EyA0QaUrVImSAIDF1A3Rh6CgRAIDmBMnWj6oPTkKpa1PYIEEhGwABRMqkSKIHaCKgbtUmFQAgkI6BuJJMqgRKohUCZASINqVqkTBAEhi6gbgw9BQIgkJxAmbpR9cFpSFUtansECCQjYIAomVQJlEBtBNSN2qRCIASSEVA3kkmVQAnUQqDMAJGGVC1SJggCQxdQN4aeAgEQSE6gTN2o+uA0pKoWtT0CBJIRMECUTKoESqA2AupGbVIhEALJCKgbyaRKoARqIVBmgEhDqhYpEwSBoQuoG0NPgQAIJCdQpm5UfXAaUlWL2h4BAskIGCBKJlUCJVAbAXWjNqkQCIFkBNSNZFIlUAK1ECgzQKQhVYuUCYLA0AXUjaGnQAAEkhMoUzeqPjgNqapFbY8AgWQEDBAlkyqBEqiNgLpRm1QIhEAygIxFrwAAIABJREFUAupGMqkSKIFaCJQZINKQqkXKBEFg6ALqxtBTIAACyQmUqRtVH5yGVNWitkeAQDICBoiSSZVACdRGQN2oTSoEQiAZAXUjmVQJlEAtBMoMEGlI1SJlgiAwdAF1Y+gpEACB5ATK1I2qD05DqmpR2yNAIBkBA0TJpEqgBGojoG7UJhUCIZCMgLqRTKoESqAWAmUGiDSkapEyQRAYuoC6MfQUCIBAcgJl6kbVB6chVbWo7REgkIyAAaJkUiVQArURUDdqkwqBEEhGQN1IJlUCJVALgTIDRBpStUiZIAgMXUDdGHoKBEAgOYEydaPqg9OQqlrU9ggQSEbAAFEyqRIogdoIqBu1SYVACCQjoG4kkyqBEqiFQJkBIg2pWqRMEASGLqBuDD0FAiCQnECZulH1wWlIVS1qewQIJCNggCiZVAmUQG0E1I3apEIgBJIRUDeSSZVACdRCoMwAkYZULVImCAJDF1A3hp4CARBITqBM3aj64DSkqha1PQIEkhEwQJRMqgRKoDYC6kZtUiEQAskIqBvJpEqgBGohUGaASEOqFikTBIGhC6gbQ0+BAAgkJ1CmblR9cBpSVYvaHgECyQgYIEomVQIlUBsBdaM2qRAIgWQE1I1kUiVQArUQKDNApCFVi5QJgsDQBdSNoadAAASSEyhTN6o+OA2pqkVtjwCBZAQMECWTKoESqI2AulGbVAiEQDIC6kYyqRIogVoIlBkg0pCqRcoEQWDoAurG0FMgAALJCZSpG1UfnIZU1aK2R4BAMgIGiJJJlUAJ1EZA3ahNKgRCIBkBdSOZVAmUQC0EygwQaUjVImWCIDB0AXVj6CkQAIHkBMrUjaoPTkOqalHbI0AgGQEDRMmkSqAEaiOgbtQmFQIhkIyAupFMqgRKoBYCZQaINKRqkTJBEBi6gLox9BQIgEByAmXqRtUHpyFVtajtESCQjIABomRSJVACtRFQN2qTCoEQSEZA3UgmVQIlUAuBMgNEGlK1SJkgCAxdQN0YegoEQCA5gTJ1o+qD05CqWtT2CBBIRsAAUTKpEiiB2gioG7VJhUAIJCOgbiSTKoESqIVAmQEiDalapEwQBIYuoG4MPQUCIJCcQJm6UfXBjV1DasWKFeHFF1+s2tH2CBBITKBM4VU3EkuucAn0SUDd6BOszRIYYQF1Y4ST69AI9EmgTN3QkOpTEmyWQGICq6++epgxY0ZXUasbXTF5E4GRFyhTN6rGGLuG1AsvvBCee+65qh1tjwCBxATil7VYfLt5qRvdKHkPgdEXKFM3Vq5cGZ5//vnRR3GEBAi0FVA3nCAECJQVUDfKink/AQLqhnOAAIGyAmXqRtltd3r/2DWkOoH4OQECBAgQIECAAAECBAgQIECAAAECBAgQIECAQLUCGlLVetoaAQIECBAgQIAAAQIECBAgQIAAAQIECBAgQIBAg4CGlFOCAAECBAgQIECAAAECBAgQIECAAAECBAgQIECgrwIaUn3ltXECBAgQIECAAAECBAgQIECAAAECBAgQIECAAAENKecAAQIECBAgQIAAAQIECBAgQIAAAQIECBAgQIBAXwU0pPrKa+MECBAgQIAAAQIECBAgQIAAAQIECBAgQIAAAQIaUs4BAgQIECBAgAABAgQIECBAgAABAgQIECBAgACBvgpoSPWV18YJECBAgAABAgQIECBAgAABAgQIECBAgAABAgQ0pJwDBAgQIECAAAECBAgQIECAAAECBAgQIECAAAECfRXQkOorr40TIECAAAECBAgQIECAAAECBAgQIECAAAECBAgk2ZB69NFHZY4AAQIECBAgQIAAAQIECBAgQIAAAQIECBAgQGCAAhtttFHPe0uyIdXz0fogAQIECBAgQIAAAQIECBAgQIAAAQIECBAgQIDAwAU0pAZObocECBAgQIAAAQIECBAgQIAAAQIECBAgQIAAgfES0JAar3w7WgIECBAgQIAAAQIECBAgQIAAAQIECBAgQIDAwAU0pAZObocECBAgQIAAAQIECBAgQIAAAQIECBAgQIAAgfES0JAar3w7WgIECBAgQIAAAQIECBAgQIAAAQIECBAgQIDAwAU0pAZObocECBAgQIAAAQIECBAgQIAAAQIECBAgQIAAgfES0JAar3w7WgIECBAgQIAAAQIECBAgQIAAAQIECBAgQIDAwAU0pAZObocECBAgQIAAAQIECBAgQIAAAQIECBAgQIAAgfES0JAar3w7WgIECBAgQIAAAQIECBAgQIAAAQIECBAgQIDAwAU0pAZObocECBAgQIAAAQIECBAgQIAAAQIECBAgQIAAgfES0JAar3w7WgIECBAgQIAAAQIECBAgQIAAAQIECBAgQIDAwAU0pAZObocECBAgQIAAAQIECBAgQIAAAQIECBAgQIAAgfES0JAar3w7WgIECBAgQIAAAQIECBAgQIAAAQIECBAgQIDAwAU0pAZObocECBAgQIAAAQIECBAgQIAAAQIECBAgQIAAgfES0JAar3w7WgIECBAgQIAAAQIECBAgQIAAAQIECBAgQIDAwAU0pAZObocECBAgQIAAAQIECBAgQIAAAQIECBAgQIAAgfES0JAar3w7WgIECBAgQIAAAQIECBAgQIAAAQIECBAgQIDAwAU0pAZObocECBAgQIAAAQIECBAgQIAAAQIECBAgQIAAgfES0JAar3w7WgIECBAgQIAAAQIECBAgQIAAAQIECBAgQIDAwAU0pAZObocECBAgQIAAAQIECBAgQIAAAQIECBAgQIAAgfES0JAar3w7WgIECBBoIbBgwYKJn1xzzTWcCBAgQIBApQKuM5Vy2hgBAgQIECBAgAABAgkKaEglmDQhEyBAgED1AgYKqze1RQIECBD4fwKuM84GAgQIECBAgAABAgTGXUBDatzPAMdPgAABApmAgUInAgECBAj0U8B1pp+6tk2AAAECBAgQIECAQAoCGlIpZEmMBAgQINB3AQOFfSe2AwIECIy1gOvMWKffwRMgQIAAAQIECBAgEELQkHIaECBAgAABM6ScAwQIECDQZwENqT4D2zwBAgQIECBAgAABArUX0JCqfYoESIAAAQKDEDBQOAhl+yBAgMD4CrjOjG/uHTkBAgQIECBAgAABAqsENKScCQQIECBAwAwp5wABAgQI9FlAQ6rPwDZPgAABAgQIECBAgEDtBTSkap8iARIgQIDAIAQMFA5C2T4IECAwvgKuM+Obe0dOgAABAgQIECBAgMAqAQ0pZwIBAgQIEDBDyjlAgAABAn0W0JDqM7DNEyBAgAABAgQIECBQewENqdqnSIAECBAgMAgBA4WDULYPAgQIjK+A68z45t6REyBAgAABAgQIECCwSkBDyplAgAABAgTMkHIOECBAgECfBTSk+gxs8wQIECBAgAABAgQI1F5AQ6r2KRIgAQIECAxCwEDhIJTtgwABAuMr4Dozvrl35AQIECBAgAABAgQIrBLQkHImECBAgAABM6ScAwQIECDQZwENqT4D2zwBAgQIECBAgAABArUXGLuG1EWXLwn/+PUzwm/vuLv2yRmlAOdut3X4xJFHhH3fsGCUDsuxECAwQgJVDRS6zqRxUrgupZEnURIYJYGqrjOjZOJYCBAgQIAAAQIECBAYL4Gxa0gtPOJj4d77HxyvLNfkaLfeak44999PqUk0wiBAgMBkgaoGCl1n0jmzXJfSyZVICYyCQFXXmVGwcAwECBAgQIAAAQIECIynwNg1pF6z3+HjmemKj/r4//RnYastNg9/9un/WmrLN1x8Rqn3ezMBAgQGJVDVQKHrzKAyNnk/rkvDcbdXAgS6F6jqOtP9Hr2TAAECBAgQIECAAAEC9RLQkPpDPs78xpdDXL4nfz32+JPZ/9xwg/WmZOyBhx4Jx37pn8KS65dO/Gz3XeeFEz73l+GKJTeEL/z3f530mfxnm2+68cS/f/+8i8K1N/4y/PkH3hXWnT1r0n6uum7pRKOn1QDbv375v2TbatcQ6uY9cfu77LxDOOxDn862F/97z91fM+X48p+9Y+H+bc/geFyNx1/8gIZUvQqAaAgQ+H8CVQ0UlmlItarTvVw3blx6S/jQEW8LM2asmR3UU08/E078n18PHz7ibeHGm2/NanOza9WhB+0Tjvnon4bvnLUo/PM3vtPylIjXh4P23SPb5rmLLuv61In7/OwnPhS+/u2zJj4X9xmXcT3ltG9P2ZbrUte03kiAQGICVV1nEjts4RIgQIAAAQIECBAgQGBCQEOqyckQm1P54F3eiOlmNlC7Zk7czkc/9J6w8IC9whdPOjV85H3vCMuXPxteutWc8HenfCMseM3OEz+Lja64rU7Nnzz0YgOreDjdNKS+ferfhfVmzwpx2aJWr7wB96YD9pzUvGp8f6Nbs+1pSKk+BAjUVaCqgcIqGlK5UZnrRnzv3nvMD0cc9dms8ZQ3gfKGVLwJ4m/+6sNh0SU/m3TjQOMNGcX8PPfc8+Eb3z5rolGVN68uvuLqrDk1e9Y6TdMZn9OY3+gQ31BsQD3w4CNTGlTFjbgu1fU3RFwECExXoKrrzHTj8HkCBAgQIECAAAECBAgMS0BD6g/y+SBbvLN86a9+k808ig2d182fNyU3cRZQnFVUnFHVLoH5wFyZgcV8e93OkGoVa7O48gZWMZ7ibK9Wx9JNk8wMqWH9KtsvAQLTFahqoLBVQ2q6dbrTjQx5Q+qJJ58Kjz72RNhh7jbZrKTYkPrdvcvCTjtsP2VGUmxGrbvurIyucbZS/Fl8FRtLuXG7GU7FPHRz3SjeVOG6NN2z2OcJEKizQFXXmTofo9gIECBAgAABAgQIECDQTkBDqqDTuGxRsxlG8d/uvf+BtsvStQLvtSHVaqZUq5lRcf9xX3HpphXPPdd0eaV82abb77o3fO1b38+WGywuKZgfQ77kU1yeqXEZpcbjNENKsSFAIGWBqgYKu50h1alO57W825m17RpSxVm/eY6K17h4/ctnTz340KPZ9ePcxZdNXOuK14x4w0aZhlRxWdjG86MYg+tSyr89YidAoBuBqq4z3ezLewgQIECAAAECBAgQIFBHAQ2pECaeqVFsyMRGzF333B/inebn/OjS7A7zuLRevEO92JBq9jyOOMC22cYbTrqrvLgkUlwCadmDD4ff3HF3yyX78pOl2xlSxZMrX6rp2eeey/752WdXhA9+/LhJ519+p367plbjCdvNne5mSNXx11xMBAh0I1DVQGE3Dalu6nTZ60azhlS8Duz0iu2nHH7jknp5cyx//lT8QLN6ns+aijOvWj0DqrizTjcyFBtSrkvdnKXeQ4BAygJVXWdSNhA7AQIECBAgQIAAAQLjLaAhVch/PkC4+LIrw4H7vD48+dTTYfmzK1o2pPIBvLiJ4jM28sZN47M3ijOk4rM94hJK8RlSa601Y9IznGKTKDa0ul0SMH/GU77sXj5TKT73Kr5iA63xGVj/9pUvhsef+H2YOXNtM6TGuwY4egIE/iBQ1UBhNw2pbup0DKvMdePGpbdkz5BqtmTfrb+9a2IJvzjjNb+ZIr8Ro/E6EvddbIi1eyZU3F6rVzc3MuQ3Rrgu+VUkQGDUBaq6zoy6k+MjQIAAAQIECBAgQGB0BTSkmjSk8kbRg488lv202Qyp+O/xge4n/s+vh21eskXIl1TafLONwzEf/dPwnbMWZZ99z9sOCif98/8OccCuOLD4yb94X4gPdn/ZdluHL550aljwmp0ntlF8nlPjMoL5AGVxu8XTMw4gxrjzZ2DFn8X/Xfz3/P2tZl9NZ2DRDKnRLRaOjMCoC1Q1UNipIVWmTpe5buQzpOK15e77loU9dnv1xDOk4pJ98caEdkvOlrkm9GPJvnh+lYkhf3+rZW3z89V1adR/cx0fgXQEqrrOpHPEIiVAgAABAgQIECBAgMBkAQ2pgkc+QyouRRQbSPlSQnEAL38GRqtnSOXL9MXN5Q2hxpOt8WHtxYG3Zg9yz+8szwfTiksbNf6s8fkecd+Nz8BqfEB9cf/FO+GLcRefIVXFL88NF59RxWZsgwABApULVDVQ2Koh1UudLnvdiCixnq+77qxw7Jf+KcQbHPLZWNfe+MtJy+w1zpJqBto40zdfgq/bJfuK24z7O+6Yo8J5F/4k/PM3vtM0f65LlZ/WNkiAQI0EqrrO1OiQhEKAAAECBAgQIECAAIFSAhpSBa7GhlT8UXHArt1d1vkD4WMDJx8EbMxE48BiPkj4hf/+r5NmT+UDiC99yRbZQ+XjTKzZs9aZtLk4SPjTq28Mb3jtLuF399yf/SzeAR9fze4WzwcVD9jnddl7DvvQpyfdif7tU/8uXP6z6yYNEhbvgI+fic8LiQZxOcN8MHKjDdafWK6wWVOt0UBDqtTvpzcTIDBAgaoGCls1pPKaX6ZOl7luxO3ms6R+9evbw567vya7HsUlYuP1IV5rYsMn//fibNxmzaJm18RWza1macq3eenPrg1/vMduWSPqmhtuDid87i/DFUtuyOJpnL1bbEi5Lg3w5LcrAgQGIlDVdWYgwdoJAQIECBAgQIAAAQIE+iCgIVVAbRx8y58Rdd1Nv5pY9q5413k++PehI96WbSU+Ryq+4n/HJlFs+sRXs7vQb/zFrWGTjTbIluuLg4LdNHMaZzx1Oh86vb/MnegfPuJt2YBmvMM+/u+/O+UbWdz5K99XfIZJvnxh8ef5+zSkOmXNzwkQGJZAVQOFnZbsKx5fqzrdy3WjsamUz+iNM3zjMxG33XrLbAnZtxz8x2H7bbaauHkiv9bFGyBikyh/NS7L1+wmhVNO+3Y2o7jZK282fe1b3286M6r4HK08njcdsOfEMw87zdx1XRrWb4r9EiDQq0BV15le9+9zBAgQIECAAAECBAgQGLaAhtQfMpAPfOUPdo93lM/ZfJPsGVHFwbZ8uaL4sbnbbR2aPQg+/qz4IPf8ge15souDhnfdc3/4m7/68KQZUHGb5y66PBz+9oOmzIxqPGHaLalXpiHV6U703KDVEk/dLu2nITXsX3n7J0CglUBVA4VVNKQaY+zmurFy5cpw5bU3TWoq5TU7bq9x9m5+nSpex/Lm1IwZa2YhFK9fxWtKPiu4cfZuHnfjtTF+9nXz5006rGbXzzIzpFyX/C4TIJCaQFXXmdSOW7wECBAgQIAAAQIECBDIBTSknAsDFdCQGii3nREgUEKgqoHCMg2pEuF5a58EXJf6BGuzBAhMEajqOoOWAAECBAgQIECAAAECqQpoSKWauUTjNvCXaOKETWAMBKoaKNSQSutkcV1KK1+iJZCyQFXXmZQNxE6AAAECBAgQIECAwHgLjF1D6uD3fDQse/Dh8c76kI5+663mhHP//ZQh7d1uCRAg0F6gqoFC15l0zjTXpXRyJVICoyBQ1XVmFCwcAwECBAgQIECAAAEC4ykwdg2p8y78Sfjc335lPLM95KP+++OPDgftu8eQo7B7AgQINBeoaqDQdSadM8x1KZ1ciZTAKAhUdZ0ZBQvHQIAAAQIECBAgQIDAeAqMXUNqPNPsqAkQIECgk4CBwk5Cfk6AAAEC0xFwnZmOns8SIECAAAECBAgQIDAKAhpSo5BFx0CAAAEC0xYwUDhtQhsgQIAAgTYCrjNODwIECBAgQIAAAQIExl1AQ2rczwDHT4AAAQKZgIFCJwIBAgQI9FPAdaafurZNgAABAgQIECBAgEAKAhpSKWRJjAQIECDQdwEDhX0ntgMCBAiMtYDrzFin38ETIECAAAECBAgQIBBC0JByGhAgQIAAATOknAMECBAg0GcBDak+A9s8AQIECBAgQIAAAQK1F9CQqn2KBEiAAAECgxAwUDgIZfsgQIDA+Aq4zoxv7h05AQIECBAgQIAAAQKrBDSknAkECBAgQMAMKecAAQIECPRZQEOqz8A2T4AAAQIECBAgQIBA7QU0pGqfIgESIECAwCAEDBQOQtk+CBAgML4CrjPjm3tHToAAAQIECBAgQIDAKgENKWcCAQIECBAwQ8o5QIAAAQJ9FtCQ6jOwzRMgQIAAAQIECBAgUHsBDanap0iABAgQIDAIAQOFg1C2DwIECIyvgOvM+ObekRMgQIAAAQIECBAgsEogyYbUM888I38ECBAgQKBSgb333ntie5dffnml27YxAgQIECBQvM5cc801QAgQIECAAAECBAgQIDB2Akk2pMYuSw6YAAECBPou4M71vhPbAQECBMZawHVmrNPv4AkQIECAAAECBAgQSHWGlMwRIECAAIGqBQwUVi1qewQIECBQFHCdcT4QIECAAAECBAgQIDDuAmZIjfsZ4PgJECBAIBMwUOhEIECAAIF+CrjO9FPXtgkQIECAAAECBAgQSEFAQyqFLImRAAECBPouYKCw78R2QIAAgbEWcJ0Z6/Q7eAIECBAgQIAAAQIELNnnHCBAgAABAqsEDBQ6EwgQIECgnwKuM/3UtW0CBAgQIECAAAECBFIQMEMqhSyJkQABAgT6LmCgsO/EdkCAAIGxFnCdGev0O3gCBAgQIECAAAECBMyQcg4QIECAAIFVAgYKnQkECBAg0E8B15l+6to2AQIECBAgQIAAAQIpCJghlUKWxEiAAAECfRcwUNh3YjsgQIDAWAu4zox1+h08AQIECBAgQIAAAQJmSDkHCBAgQIDAKgEDhc4EAgQIEOingOtMP3VtmwABAgQIECBAgACBFATMkEohS2IkQIAAgb4LGCjsO7EdECBAYKwFXGfGOv0OngABAgQIECBAgAABM6ScAwQIECBAYJWAgUJnAgECBAj0U8B1pp+6tk2AAAECBAgQIECAQAoCZkilkCUxEiBAgEDfBQwU9p3YDggQIDDWAq4zY51+B0+AAAECBAgQIECAgBlSzgECBAgQILBKwEChM4EAAQIE+ingOtNPXdsmQIAAAQIECBAgQCAFATOkUsiSGAkQIECg7wIGCvtObAcECBAYawHXmbFOv4MnQIAAAQIECBAgQMAMKecAAQIECBBYJWCg0JlAgAABAv0UcJ3pp65tEyBAgAABAgQIECCQgoAZUilkSYwECBAg0HcBA4V9J7YDAtMWOPvss8PWW28d5s+fn23rscceC6effno48sgjw8yZM6e9fRsg0E8B15l+6to2AQIECBAgQIAAAQIpCIxVQ2r58uXhhBNOCBdccMFEbk499dQwd+7c8NWvfjXcd9994Yorrpj42XHHHRfe+ta3Tslj42BImUTHGE4++eRw+OGHh+233z77aNxefMV9xf/9xS9+sekmY6z5AEyZfXpv+gLXXXddOOqoo7o6EOdJV0zeRGCKQFUDhVUMkMdrwZ133hk+/vGP9z1TX/nKV8I3v/nNtvtpdT3se3B2UCuBeF6edtpp4ZRTTpn4DlMMMJ77Rx99dFi6dGnTuOfNm5d9B9pwww2n/Dx+P4rbfv/739/05/ED+Xt22mmn8NnPfralzQc+8IHKf3f8ntTqVEw2mKquM8kCCJwAAQIECBAgQIAAgbEXGKuGVJ7t22+/PZxxxhnZoMmiRYvCrFmzwi9/+cvs7trYlMp/Fu+0jY2Au+++e6Ix1WnApLFx0Dgo0qwhFeMqNqWanZVxIGTPPffsqSEVj/cTn/hEdmzxVWxYFH9WHChqbN4Vj6M44LTlllu2HJjKj6PZAFa+/fieY489tu1dzfn+dtttt0kDTEXrdnG0OsZ8cKvYpGzXhMwbhY05LQ5StRu0bfW+dvE1Oxdyu913371pw7TdZ/JmbLf5LMZ8yCGHTMpVt8cd48lz1dgs6zS4mR9Lq3Og3bnd6NAqhvx9nX7eLk/FRnK7gdBW7yv7OzX2V64+AVQ5UBjPpzPPPDMcc8wx4aSTTpp0I0Qx/Pz3Kl6LWt2MkL+/3WB+JxLnWCchP+8kEOvXkiVLwsc+9rFw4oknZt+h8htrirU6nu/xvG9sOsVzsNXPit8X2jViYx2++OKLw4c//OGJcKtoADdea2JDrZvvN53M/JxAo0CV1xm6BAgQIECAAAECBAgQSFFAQ6pDQyomNQ68b7vtttngf7uZKnGwPb7yBlY+IBn/u9ndwnEg8n3ve1/46U9/mg2uNJsdlTc4em1INQ7UxMGcz3/+89n/bbTRRtmAUmxWxZlX+WBTbBD9x3/8R9hvv/2ywaZiA+Sggw7KZpnlzZB4jPFO6WZ3POcDoHFpnSeffHJi8Co3jAP3y5Yta9uQyhsWsRk3e/bsiYZU46BUqzjyGJodY8xVPJbDDjusbaOvuO3YpCwef9EsOhU9iwWh1fvi7LxWOWi19FDxfIz76GbG3te//vXS+bzssssmLYsU9xtfccZGt8ednzsx//EVcx7PtVbnRrMi2uocaHduFwdJW8VQ3Ffc1vHHH5/F9Vd/9VdTzod259HNN9888TvQeH4U99HqPCrzO5XiRSalmKseKGz2u9nupoTiMmSNbt0M5reybmxit6vbKeVLrIMTKNb/uNfid4livS0zQ6rdjPDGI8sb/fnNO3ndLM54zz/TePNEt0p+T7qV8r7pCFR9nZlOLD5LgAABAgQIECBAgACBYQhoSHXRkMpnRb373e8O//Zv/zZpub2YtOKsqd/+9reTGlJxCcDikkuNg5HFxkrj4GVxdlavDanGk6q4/0cffTS7gz+foZQPyje76zkfBHrVq16VNZ++8IUvZHc/5wM47Zo6rbabN+w6zZCKx9Bp+apWg7WN+yjGEo+/MT/NfgkbG0CNMx+Kx94szmZG+ftio63bHLSzLnt+9JLPeNzRK84kbGzkdcpPq9jbnXONuehmH43LYRa30ckvNsrOP//8pg3KdufRueeeO9GwjvtrdV63Oo9iU/pf/uVfSv1ODeNiMQ77HMRAYbuGVL9mSMXrTNm6PQ75doydBfKZobHuNy5hXGamc6c9Nf5exGtDbPAXb8zIm13xmhsbUs3qfXEGfNnnSfk96ZQlP69CYBDXmSritA0CBAgQIECAAAECBAiYDMfnAAAgAElEQVT0S2DsGlLFZcbiciyxIRD/OGy1ZF8RPh+Qjw2mxmX/4vuazaCKd/XGfeSzpvrRkGq8c7ndyVJs3MQZMHnc8f93GrCPxxFfjU2cxoH2xv0PoiHVahCqcSnE4jHG49hss83Cv//7v2fLGebLYRVnuTQb9MoHrT71qU9lz7soLk2UNyMOPfTQ7LlkccAsvhqXKcrft+uuu4YZM2ZMWhKy1aytbp5f0e3zo/IGVpl85pb77LNPy+Np1VwcREOq0wySVjG0arQ1zghr9rsS83zJJZdMalLn58dHPvKR8OUvfzmbjRhrTePgaf6+d77zneHGG2+c1Lju9DvVrwvCuG+3ioHC4nKnzWZqlJkhVeY8aHcdKF678hzH92+11Vbh+uuvb7mcYOP54DlS4/UbUlyiLz6vqdlM7/w7TpxhGmdL33TTTR2Xnmw8j5p9R2g2AyvGc+GFF4YDDjgga0g1PhM0z067GVJ+T8brHK7j0VZxnanjcYmJAAECBAgQIECAAAEC3QqMXUMqwhSbF7GhEB+OHRtSTz31VPjud787YVccNCkueRbf0GoWRHFWU3EQMP9848B04wypxjvku1myr0xDqjjA2TjY2W7APp/FE59z0vh8h06Dpv1uSHVqpOXLLca85e+NjYQ4syW+8iZK7pjPAIrLEsbmSxxoK84aKzYcvva1r03MbCmeF8WGVJyJVZydUHzfJptsEl72spd11ZBq/KVu1mzr9ED4xnO323wW7xxvdzzDbEh1Og+bnSfFczP+bhabgcXfq1a/K3FQ9Hvf+17L8yNvSMXlMVudR3vssUd48MEHNaS6vWr18X1VDhS2apK3a0jF2vrNb36z7RG2ekZZu+tAs9mFzX5firN0mz2rp4/0Nj0iAp2WkC1+Ryo2b1sdfvE5TrEZ9dBDD2XP/ex1hpTfkxE50RI+jCqvMwkzCJ0AAQIECBAgQIAAgTEWGPuGVHxW0jbbbBOuueaabFA5zpQ544wzsv+dL/fSbGAuv3M4zoIoPj+hVUMq38af/MmfTJopMcgl+xoHYtrNHorLl+XNi+IzolrdaR+bPnE5v/ispmhYHEQq05AqzgIqDry2Wq6t8ZkP3TRtYtMhb0gVl9trXK4nb2C1mtnSboZUsTHTbOZOLzOkOh1bN3Ws8dkx7fKZL8/UeKd6u+OJswc/85nPTNxJn8/YKjNDquw5EI+7m6ZssxiKg/LtGputflfazZDKl7XsdB6ZIdXNmTuY91Q5UFi2IVVcdrPqZlA3v+f571GcCRvrf9UxDCaD9lKlQL5cX7ymd3rls5LiTQ7FZ6G1W4q4uM3i70usxaeffnq2PGx8FW+06OczpPyedMqyn1chUOV1pop4bIMAAQIECBAgQIAAAQKDFhj7hlRsOhWbSM0GERtnR+Xv+eAHPxguvfTSbLmu/NWqIZX/vB9L9nVz0jQbsG9s8jQ2jpo9+L5xZtgwnyHVqRkVXdodY5whlQ++xve2akg1LqGXG8Tmy5e+9KVJs2OaNc6aNeTy98VGXnHGWavmXTd3ksdjaLdUUS/5bLZsUrvjKT4vrXhelmlItTqfWzUlu2lGxW02xpA/j6TZMlSNS0q1Oo/+4i/+InzrW9+a9NypZrMnmx1/cXnHeC7mTcxufqe6+Z33nvICVQ4UFq8lZ511Vjj44IMnnrvX7Nk3xetMPDeOOuqoKQfQ7ZKcjR/spm63uzaVl/SJURRobMw3O8bGBlTj8w2L35GKny82g2JtzhtSjc+BKjakqn6GlN+TUTxr63dMVV5n6nd0IiJAgAABAgQIECBAgEBnAQ2pmTOz2RXFu8KLM6QaB08aB+MbB2gaBxIbl1fq1JCqesm+dk2bZseSN0fyGWCNS7A1Dpa3WrqweOqVmSHVbTMibybEGVn5bK5mn213jI0NmmZL9uXPBcuXLIz7KDaoio2K4r7isnbFmWWt3te4lFurpkurgb/4740Pmm/13iVLlkw0PfL3tMvnzTffPOkYitttdTzF2YLF9/ejIdVNQ7KbGFpZFBtdnc6jZudHzG18flT8v+hS/F0pnkc777zzpHOqm9+pzqXdO3oRqHKgMG9IxThmz549sSRjsyX7irMO82fYFWdvxm10WgqtXWO2m7rdODukcYZUs9kjvRj7TJoCjflvbDTlR1U8T4tN/7yZ2qwh1exmgWJDqlgT4wys+OrHM6T8nqR5bqYWdZXXmdSOXbwECBAgQIAAAQIECBCIAmPVkGo2y+SYY44Jd9xxx8QSfcW72iNQcamYOCiSP7i7OPBeHAiscoZU8RRtnKVV/Fmnh3Q33mlfXE6v2EDLZ9dEp7hkYePMkXzWSHEZn3nz5mVLEG644YZTfqOazUCJ+/7zP//zzLH4ajWzJw5uNTbpYpMvzixq/PdWsTQ7xvyu6+L28xhiXLHpFJ8hlTd7isvIFWfPNJ5TxUG3YkOq1fvivtrF165MdXO3evx8q5lA7fKZD4pfcMEFk0LIG6ztjqf4gVYzu/7hH/4hxHO6eI4Vz8viNlqdA7GJ3O7czrfRKobG2SaNg5GNv1ft8tTs/Gg2u6zVedTt75TLVn8FqhwozHMalx0rNo2bNaSKg/3xHFm2bNmU5nGrBkAu0mmmYLtzLP6OxaZqsZY3NqS6rTf9zZCtD0Og2czxvF7OmTNn0vPv8vjyup3X2bz2NV6n8+tTbMDmvyeNM6SKvx/TnSHl92QYZ5B9FgWqvM6QJUCAAAECBAgQIECAQIoCY9WQakxQcWAwzmZobMIUmySdBjE6zWxp1viIg/7tntNRHABv1/hJ8cQTczmBYiOj0ycbZ+V1er+fEyCwSqDKgcLGmSDF3+HGBnx+w0FcujG+8qUve21Wd5vPdk2FxkZ2q4Zxt/vyvjQFWt3QkJ8P8ZyNN4jEZlLxe07jsqf50efb22233bJ/uvbaa6fc1NLsJoK8sRX38dBDD4XLLrtsyk0zReF2y9eWzYTfk7Ji3t9OoMrrDGkCBAgQIECAAAECBAikKDDWDakUEyZmAgQIEOiPgIHC/rjaKgECBAisEnCdcSYQIECAAAECBAgQIDDuAhpS434GOH4CBAgQMFDoHCBAgACBvgtoSPWd2A4IECBAgAABAgQIEKi5gIZUzRMkPAIECBAYjICBwsE42wsBAgTGVcB1Zlwz77gJECBAgAABAgQIEMgFNKScCwQIECBAwFJKzgECBAgQ6LOAhlSfgW2eAAECBAgQIECAAIHaC2hI1T5FAiRAgACBQQgYKByEsn0QIEBgfAVcZ8Y3946cAAECBAgQIECAAIFVAhpSzgQCBAgQIGCGlHOAAAECBPosoCHVZ2CbJ0CAAAECBAgQIECg9gIaUrVPkQAJECBAYBACBgoHoWwfBAgQGF8B15nxzb0jJ0CAAAECBAgQIEBglYCGlDOBAAECBAiYIeUcIECAAIE+C2hI9RnY5gkQIECAAAECBAgQqL2AhlTtUyRAAgQIEBiEgIHCQSjbBwECBMZXwHVmfHPvyAkQIECAAAECBAgQWCWgIeVMIECAAAECZkg5BwgQIECgzwIaUn0GtnkCBAgQIECAAAECBGovoCFV+xQJkAABAgQGIWCgcBDK9kGAAIHxFXCdGd/cO3ICBAgQIECAAAECBFYJaEg5EwgQIECAgBlSzgECBAgQ6LOAhlSfgW2eAAECBAgQIECAAIHaC2hI1T5FAiRAgACBQQgYKByEsn0QIEBgfAVcZ8Y3946cAAECBAgQIECAAIFVAhpSzgQCBAgQIGCGlHOAAAECBPosoCHVZ2CbJ0CAAAECBAgQIECg9gIaUrVPkQAJECBAYBACBgoHoWwfBAgQGF8B15nxzb0jJ0CAAAECBAgQIEBglYCGlDOBAAECBAiYIeUcIECAAIE+C2hI9RnY5gkQIECAAAECBAgQqL2AhlTtUyRAAgQIEBiEgIHCQSjbBwECBMZXwHVmfHPvyAkQIECAAAECBAgQWCWgIeVMIECAAAECZkg5BwgQIECgzwIaUn0GtnkCBAgQIECAAAECBGovoCFV+xQJkAABAgQGIWCgcBDK9kGAAIHxFXCdGd/cO3ICBAgQIECAAAECBFYJaEg5EwgQIECAgBlSzgECBAgQ6LOAhlSfgW2eAAECBAgQIECAAIHaC2hI1T5FAiRAgACBQQgYKByEsn0QIEBgfAVcZ8Y3946cAAECBAgQIECAAIFVAhpSzgQCBAgQIGCGlHOAAAECBPosoCHVZ2CbJ0CAAAECBAgQIECg9gIaUrVPkQAJECBAYBACBgoHoWwfBAgQGF8B15nxzb0jJ0CAAAECBAgQIEBglcBYNaSWL18eTjjhhHDBBRdM5P/UU08Nc+fODV/96lfDfffdF6644oqJnx133HHhrW9965Rz5eyzzw5bb711mD9/ftPz6LHHHgtHH310WLp0adOfb7nlluGUU04J22+/vfOQAAECBGoi0I+Bwni9uPPOO8PHP/7xjkd5++23hzPOOCO7fsycOTM0/nfHDVT8hrj/T3ziE9m1sdVr3rx54eSTTw4bbrhhxXu3uZQE8u898Xxp9d2o0/l0yCGHhGOPPTY79+PvzZIlS7L/XrRo0cR3rrif008/PRx55JHZ+77+9a+H/fbbb9L3qfiek046KRxzzDEZYfH9/TDtdFxxn35P+iGf5jb7cZ1JU0LUBAgQIECAAAECBAiMq8BYNaTyJBcH+eJAx//f3v3HXlXf9wN/+4/BrttAlzlcV4pkydSaNNK4LXRNt2njMjENLZLFoost2GUDzEZCXYiCcalkpimwZRPmMqU1tXSmFU1JhzVtZF2MsGZV2mwT7L62xKQKWX/I/MdvXoe9787ncO/ncz+Xe879cR43MQL33Pf7vB/v8/mcz+c8z+t93va2t6XvfOc7xQWOuPBWviB49OjR9Morr3SCqQi19u7dm9auXdvzAlz1gkn54IrPx8W7NWvWDBxIVS9+RKiWLwCV3ytfAKmGcbfddlvnAmk5QOsnLIsLRWFQDtVy+zHWfEGp1xdV7m/58uUzLtKG9fr164uP9bMfbf2iNW4CBOoRqOtCYXzPjFe3GxzKI+m2XfUcNOjIy+eG6vfX8vdeF84HFW7P5+a66aYqkX/eiGPwmWeeSbfffvs5WN1+bort4+el7du3p8cff7wInhYtWtQJmI4dO1bcRBRhb3zt3HvvvXNOQvlnnzk3rmzQ6+er+bZj+3YL1HWeabeq0RMgQIAAAQIECBAgMEkCAqk5AqmYzN27d6clS5YUFxPLF+6qE52Dobku1pxP2FK9aBMXSLZt21b8Fxdq4s76fIdy+Q7jRx99tHMXcQ6Prr322vTBD36wqBqLP+fxRdDU7Y73PK6oDvvRj35U9BVVXtkkLvS8+uqrswZSOcxasWJF+pmf+ZlOIFW9UBVt9tqPSfoCs68ECEyOQF0XCvu5ESHf7LBy5cri+3mvCttBLqhXq1fi+2tc4I+bB+ImjHwOie/n86nompyZtad1CXSrjIqfmeJVrQqcbyBV3uf8s8/q1avT/v37U/5/rpTqtm28F19XuUIqjvVegdhcPtVxln++ikotLwL9CtR1num3f9sRIECAAAECBAgQIEBg1AICqT4CqXyhMC6A/MM//MM51U3Vqqm6K6TKB035QuepU6c6FxnjAknsxz333NMJjsqfy3fiX3311Z07kGPJpRxWrVq1atYlCbu1W77IOdcFmrkuepaX3LEU1Ki/TeifQDsE6rpQ2KsqtKza6/vnXEvE9jMz1bbL541vf/vbM5YU9L23H1HbzHXjTRYqB6hzLW2Xl+yLz8aNMt1+Dun189Ug+zOfWax+Dc3289V82rVt+wTqOs+0T9KICRAgQIAAAQIECBCYVIHWBVJx5+7DDz9czFdUKkWlTvxy2GvJvuoFw7w8THXZv9huruWY+j1Iet1d3O3z5YuH3/jGN4pN8n7MFi5FHzH2eOUx5fbLFWG9+qw7kBr1s1P6nSvbESAwPQJ1XSiMi9mxPGy8ui3XOtuSp/0GUrOdN7oFUvmCfyxJW37GVb7QHtWz8X2+n5dl/vpRmq5tysFQjCwvZVz+OWS2iqh+NPLPIlGVnZfzrX4uV5zHv+fqp/K+lSukZrtRplw53uvZod1+vopjP55X1c/L10k/StO/TV3nmemXM0ICBAgQIECAAAECBKZFoHWBVExcOeyIiyhXXHFFEUj95Cc/SV/84hc7c3v33Xd3wp3qg7O73c1efU7TXAdJr4sT8wmkyuFRNUjqFUiV9z0ukpYvRsY+jzqQ6qdKay5b7xMgQGC+AnVcKCx/P4v9qd4AEP8WodMPf/jD4hxUXYJsGIFUrkyJZ/HE8wbLf4/+I3jKzwSM80P57/F+tSqlej6cr7PtJ1+gvITepz71qU4ldj7eL7300nTjjTd2QqLqcsc5SIoKvfKzn7r9XBSf7fZ1E4r5WIw/x3LFsSzfbK9eSybPFUj18/OVr5PJP66bGEEd55km9lsfBAgQIECAAAECBAgQGJZA6wOpeLbSO9/5zvT8888XF1TiYsZjjz1W/DnfTdvtLt/8/ICPfexjxXOUqq9hPYh+tomuBld5Gb7ZKqSqz2bqdqEnX3iJ5fzyBZ7yRZxeS9V0C+nKFWnlpXt6Ldk310WhYR342iFAgEBVoI4LheXvi9FfPJ+vWiV16NChFBfi49k4EUjFjRK5kre6j/lZhfOdvXIgEEujvf3tby+eIRgBVXw/zqHARz7ykaLp8j5WK1YFUvPVn77tc/gSI6vezJOrz+O9X/zFX0y333578azJqMaLn0+qS0bGdvnfc6VVLNVbruSeq0Iq/xwWbX/pS19KH/rQh4qf4YYVEvXz85Wvk+k7zusYUR3nmTr2U5sECBAgQIAAAQIECBCoS6D1gVRcsChfKOm2VFz14lve5g//8A/T17/+9eLCXfnVT6XUoBcVcz/dqqiqIU81OKqGUdHWbEs5xYXKbq/5BFK9DtxugZQwqq4vc+0SINCPwLAvFObn2kSwn7+f9qr26PVsnH4rpPoZX95mtudEdTsHVvdZIDUf7enctny8RqV1LKuXj/Fy1VJeRm++gVT8bJbD23g+5lwVUhFIzfWMqpiJQZfNm+vnq/zzVHk/fZ1M57F/vqMa9nnmfPfH5wkQIECAAAECBAgQINC0gEBqwYLOXbh5KaNyhVS10qkaxlTvmu1nAvNdv70Cn9mW7JsttOm2b3k5vlzRtXXr1k7lV+xrdXm8blVO1THVEUh1u3Dbj6VtCBAgMCyBYV8o7LX8abd/P99AatClXst23ZZLLVez5CqU8oX2bu8Paz60M74C1UCqvOxet+c6zTeQihAq/yx27NixWZ8h9Rd/8Rfp05/+dHrrrbeKJZhzhXv5Z625nmc11w0xs/18lX+WqlY/+joZ3+N3lHs27PPMKMeibwIECBAgQIAAAQIECAwi0KpAqlvl0ubNm9PLL7/cuYBRvjs8QMvLx3R7tkZsM58Lgb3CnPLkzfVw+urSNeXl9KrLMkUAFeOOCzQvvPDCjGMkPyOrfFfxbHcP59Co3E70/YlPfKJ45kj5FUtCVcOveL+8NFTePpbyW7JkyYznSMR7g97JPMgXgs8QIEBgWBcKy8/R2bBhwzmw3S5+1xlIVc995ecjVr+vl6t383urVq3qPE8xBlO+0D5btZUjanoFZquQyqMuV9bN9xlSx48f71RF9fMMqQhL8z6tXbs2PfDAA+ngwYOdnyMi4MrVWt1mZa5AKj7T7eervCxg/Izl62R6j/dhjmxY55lh7pO2CBAgQIAAAQIECBAg0KRAqwKpKmz5zu5FixadE9qUQ5W5Qqdez0SqXoSJfShfDGxysvVFgAABAr0FhnWhsFdlVLnn6gXwfDE9Kmc3bdrUcyebCup73YARO1a9saD8fEDHVzsEegWo1eMjB5zzrZDat29fcaNKPFuqGkiVf67KXw8RYJVv1sk/v1VvyOl1s8ygs+brZFC59n5uWOeZ9goaOQECBAgQIECAAAECky7Q6kBq0ifP/hMgQIDA8ARcKByepZYIECBA4FwB5xlHBQECBAgQIECAAAECbRcQSLX9CDB+AgQIECgEXCh0IBAgQIBAnQLOM3XqapsAAQIECBAgQIAAgUkQEEhNwizZRwIECBCoXcCFwtqJdUCAAIFWCzjPtHr6DZ4AAQIECBAgQIAAgZSSQMphQIAAAQIEVEg5BggQIECgZgGBVM3AmidAgAABAgQIECBAYOwFBFJjP0V2kAABAgSaEHChsAllfRAgQKC9As4z7Z17IydAgAABAgQIECBA4KyAQMqRQIAAAQIEVEg5BggQIECgZgGBVM3AmidAgAABAgQIECBAYOwFBFJjP0V2kAABAgSaEHChsAllfRAgQKC9As4z7Z17IydAgAABAgQIECBA4KyAQMqRQIAAAQIEVEg5BggQIECgZgGBVM3AmidAgAABAgQIECBAYOwFBFJjP0V2kAABAgSaEHChsAllfRAgQKC9As4z7Z17IydAgAABAgQIECBA4KyAQMqRQIAAAQIEVEg5BggQIECgZgGBVM3AmidAgAABAgQIECBAYOwFBFJjP0V2kAABAgSaEHChsAllfRAgQKC9As4z7Z17IydAgAABAgQIECBA4KyAQMqRQIAAAQIEVEg5BggQIECgZgGBVM3AmidAgAABAgQIECBAYOwFBFJjP0V2kAABAgSaEHChsAllfRAgQKC9As4z7Z17IydAgAABAgQIECBA4KyAQMqRQIAAAQIEVEg5BggQIECgZgGBVM3AmidAgAABAgQIECBAYOwFBFJjP0V2kAABAgSaEHChsAllfRAgQKC9As4z7Z17IydAgAABAgQIECBA4KyAQMqRQIAAAQIEVEg5BggQIECgZgGBVM3AmidAgAABAgQIECBAYOwFBFJjP0V2kAABAgSaEHChsAllfRAgQKC9As4z7Z17IydAgAABAgQIECBA4KyAQMqRQIAAAQIEVEg5BggQIECgZgGBVM3AmidAgAABAgQIECBAYOwFBFJjP0V2kAABAgSaEHChsAllfRAgQKC9As4z7Z17IydAgAABAgQIECBA4KyAQMqRQIAAAQIEVEg5BggQIECgZgGBVM3AmidAgAABAgQIECBAYOwFBFJjP0V2kAABAgSaEHChsAllfRAgQKC9As4z7Z17IydAgAABAgQIECBA4KyAQMqRQIAAAQIEVEg5BggQIECgZgGBVM3AmidAgAABAgQIECBAYOwFBFJjP0V2kAABAgSaEHChsAllfRAgQKC9As4z7Z17IydAgAABAgQIECBA4KxA6wOpM2fOpPvuuy+tWrUqXXPNNTOOi/zewYMHO/++Z8+edPnll6e//du/TSdPnkyHDx/uvHf33Xenm266KR09ejS98sornT+vX7/+nOMt2in3V/7ME088UWwfbXV7nT59Ot15553phRde6Pr+u9/97vSZz3wmLVy4cGTH+e7du9OSJUt6jmFkO6ZjAgQI9BAY9oXCOIfs3bs3rV27tvP9OL5/P/DAA2nz5s2zfo+O88Djjz8+6/fyEydOFO9v3749LViwoDiXlc9XMcwbbrghbd26tXi/7lfsz8aNG4tzY6/XOJyf6nbQPgECBHoJDPs8Q5oAAQIECBAgQIAAAQKTJtD6QComLMKguPDX66JdXGR77LHHihDoq1/9anrb296WvvOd76R169YVF97ye/mCXzWQitBqw4YNnWMjLjS+4x3vmBFI/f3f/3367d/+7bR48eLiAuOaNWvS0qVLux5Ps13Q7PdiZ90HqkCqbmHtEyAwbIE6LhSWvyfHOaIaUHUbQ5wjnnvuufR7v/d76Stf+co556Z4/957753x0Rz09NvHXHblcCnOS7t27eqck+Icl2+0EDDNJel9AgQI/J9AHecZvgQIECBAgAABAgQIEJgkgdYFUhGUPPzww33N0W233VYESfMJpMrtx53pcUFx06ZN5/RXrpAqt3/s2LHOhb7qh/Kd7nHXvQqpvqbQRgQIEOhbYJgXCsuhTa8dyFW1+f1clXvppZd2bmKIdiIMKle9RiD105/+NL388svFuSBeEXS9+uqr51RIVatx+8HIVbhR7RSVvOWbNuImjG3bthX/xU0TsS/f+973Ztx00U8ftiFAgEAbBYZ5nmmjnzETIECAAAECBAgQIDD5Aq0LpAaZsvkEUtF+uUKqn/7yBb1Y1ikuLsZFwHjlZf/6aWPctlEhNW4zYn8IEJhLYJgXCuM8UK2OLfdfXZo1tr/nnntmVCLl7XNAFEvLxlKu3ZZtjXDrhz/8YVFpm6tru1XjzmWQz2HlquEIynLl7re//e0ZAdS4VOX2My7bECBAYNQCwzzPjHos+idAgAABAgQIECBAgMAgAq0NpLo9O6rbnd7liqdYtmjFihUpfpmca8m+WNovXt/97neLZz3Fskb5rvL4e14CadGiRUUItXz58uKZS/GqPoeqOrHdlmuqblO98778fowpXuVlBOPv2eTaa6/tPPspLjbGRdJ8F35+PshsSzjlvu666670r//6rzOez1U2rl5UbfJZJ4N8sfgMAQLTLTDMC4XzCaTy9+Q4B1SX4svi8T09KpGiCuqSSy5J//M//1O89YlPfKKoivrQhz6UHn300SKQitAoloWNmxqqy8Pm9nqdB+L96jK25fNltFmuiMrniA9+8IPFuaKfl2X++lGyDQEC0ygwzPPMNPoYEwECBAgQIECAAAEC0y/QykAqPxsjprfbczGqYUu5QiqWRbriiiuKQOonP/lJ+uIXv9g5SuKC4fvf//4ivImLgH/yJ3+S9u/fXzxr6stf/nL69V//9XTgwIHi788++2xatmxZceEwll6K/26//fZOW92We8pLL8111/tcFVrzuRCZA6TY5y996UvFRc94Rkk5WAqf8hJOOWhauXJlz0CqXA0WS0LFa7b9mv4vRSMkQCxWMTgAACAASURBVGDUAsO8UDjIkn3l8c/1fTx/z4wlaHOYP6xAKp8jt2/fXizZV/579Fuu5OpW2RXngH379hXnujhf5Gck9nou4qjnXf8ECBBoSmCY55mm9lk/BAgQIECAAAECBAgQGKZA6wKp8vM4Tp06lR577LEiQIo7wMuVQLE8UVyMW7hw4YxnSMUFv3e+853p+eefLz4Xz9PIbcTE5MAqAqYcTs1WIfXSSy+lyy67LP3Lv/zLOYFUryX7qoFU9e/9XMjsdRCV74S/8sor03333Tejwqn6jKytW7emqAarPkMktotx9aqQikqz8pJQsT9x0bPsPswDXVsECBCYS2CYFwrnUyFVDpdm28f8XMO8fXwfLT/jKZ49deONN6Ynn3yyqOadrUJqLotyoBaB19vf/vYUVVDRX7lK9yMf+UjR1Jo1azpLBZZv4hBIzSXtfQIE2iQwzPNMm9yMlQABAgQIECBAgACB6RFoXSBVnbpc6RP/HsslxXJ51Vf14lo58Km+F5/tFghF0BNhVVQGRchVfkUbzzzzzMCBVIQ/+cJkr/7nc8hmk7iwmcO2Y8eOpfXr16dcpVVe0kkgNR9d2xIgMK4CdV0oLD+Dqd8qodluLCjfGJAt43vzt771rfQbv/EbRWAUAVFeui9XoQ7qPttzonqdA8vPz1IhNai8zxEgMG0CdZ1nps3JeAgQIECAAAECBAgQmF6B1gdSeXm5WGIvqn3ibu65AqlyADRbIBXt9HoeSLyX73bvFUhFAFR+5edClSuiys9hKodFvaqror25lsbLFx9j2/w8qejzueeeK4ziFZVT8Yq/R1hVXsIpL+8UyzVF5VS84nlVeV/jeVmW7JvebypGRmBSBYZ1oTAHUHGDQw6HYinYcsVpfB8u3wRRDX3KgVT5WX4RaFUDrvI5IX//jWqm6nMCy/My13mgum23Gza6PYuxW/hWDqQGCecm9Xiy3wQIEKgKDOs8Q5YAAQIECBAgQIAAAQKTKtDaQKr6HKmYwI0bNxZLEuWLePliWzwwPr82b96cXn755WK5vgiv+qmQim0eeuihYsmjH//4xzOWwIt251shlfclL5uUg6h81/xcD4zv50JkbHPkyJFiCb2o6CoHX3Fh9ZZbbkmxFGEO8cpLOOXlnWLJv6uvvrpwjaUNY79iGcN49lYY5zmI9+JVXo5qUr+g7DcBApMrMKwLhTlsivNJfA8tL2cXOvmmhrhxIAf9cT4ph1LHjx8vltyL75kPPPBAinNPrq7tdm6K88CiRYs6z/OLJWnjGYn5e3h1VmY7D1TbzzdDRBvlc0H8PZ9/yu+tWrVqRrVxOZCardpqco8ce06AAIH+BIZ1numvN1sRIECAAAECBAgQIEBg/ARaF0jl0CY/BL5aEVV+bkb5IlxMXfnO7rjwF6FUhDL5df311xd//Kd/+qe0c+fO9JWvfCVFmBV9xcXEeMh7VAbF/8sPoo9Apt8l+8rBT3X/8n6UK5Fmu0N+tsOxevf++B269ogAAQLDFajjQmH5e3be2+r5p3zemWtE8X2/GnTlZVbLNxFEO91umJir/UHfjzGUK2XL7VQN3HwwqLLPESAw6QJ1nGcm3cT+EyBAgAABAgQIECDQLoHWBVLtmt7BRhsXMbdt21b81+/zTgbryacIECAwPgIuFI7PXNgTAgQITKOA88w0zqoxESBAgAABAgQIECAwHwGB1Hy0WrBtriArL8PUgmEbIgECBJILhQ4CAgQIEKhTwHmmTl1tEyBAgAABAgQIECAwCQICqUmYJftIgAABArULuFBYO7EOCBAg0GoB55lWT7/BEyBAgAABAgQIECCQUhJIOQwIECBAgEBKKqQcBQQIECBQq4BAqlZejRMgQIAAAQIECBAgMAECAqkJmCS7SIAAAQL1C7hQWL+xHggQINBmAeeZNs++sRMgQIAAAQIECBAgEAICKccBAQIECBBQIeUYIECAAIGaBQRSNQNrngABAgQIECBAgACBsRcQSI39FNlBAgQIEGhCwIXCJpT1QYAAgfYKOM+0d+6NnAABAgQIECBAgACBswICKUcCAQIECBBQIeUYIECAAIGaBQRSNQNrngABAgQIECBAgACBsRcQSI39FNlBAgQIEGhCwIXCJpT1QYAAgfYKOM+0d+6NnAABAgQIECBAgACBswICKUcCAQIECBBQIeUYIECAAIGaBQRSNQNrngABAgQIECBAgACBsRcQSI39FNlBAgQIEGhCwIXCJpT1QYAAgfYKOM+0d+6NnAABAgQIECBAgACBswICKUcCAQIECBBQIeUYIECAAIGaBQRSNQNrngABAgQIECBAgACBsRcQSI39FNlBAgQIEGhCwIXCJpT1QYAAgfYKOM+0d+6NnAABAgQIECBAgACBswICKUcCAQIECBBQIeUYIECAAIGaBQRSNQNrngABAgQIECBAgACBsRcQSI39FNlBAgQIEGhCwIXCJpT1QYAAgfYKOM+0d+6NnAABAgQIECBAgACBswICKUcCAQIECBBQIeUYIECAAIGaBQRSNQNrngABAgQIECBAgACBsRcQSI39FNlBAgQIEGhCwIXCJpT1QYAAgfYKOM+0d+6NnAABAgQIECBAgACBswICKUcCAQIECBBQIeUYIECAAIGaBQRSNQNrngABAgQIECBAgACBsRcQSI39FNlBAgQIEGhCwIXCJpT1QYAAgfYKOM+0d+6NnAABAgQIECBAgACBswICKUcCAQIECBBQIeUYIECAAIGaBQRSNQNrngABAgQIECBAgACBsRcQSI39FNlBAgQIEGhCwIXCJpT1QYAAgfYKOM+0d+6NnAABAgQIECBAgACBswICKUcCAQIECBBQIeUYIECAAIGaBQRSNQNrngABAgQIECBAgACBsRcQSI39FNlBAgQIEGhCwIXCJpT1QYAAgfYKOM+0d+6NnAABAgQIECBAgACBswICKUcCAQIECBBQIeUYIECAAIGaBQRSNQNrngABAgQIECBAgACBsRcQSI39FNlBAgQIEGhCwIXCJpT1QYAAgfYKOM+0d+6NnAABAgQIECBAgACBswICKUcCAQIECBBQIeUYIECAAIGaBQRSNQNrngABAgQIECBAgACBsRcQSI39FNlBAgQIEGhCwIXCJpT1QYAAgfYKOM+0d+6NnAABAgQIECBAgACBswITGUidOnXK/BEgQIAAAQIECBAgQIAAAQIECBAgQIAAAQIECDQosGjRooF7m8hAauDR+iABAgQIECBAgAABAgQIECBAgAABAgQIECBAgEDjAgKpxsl1SIAAAQIECBAgQIAAAQIECBAgQIAAAQIECBBol4BAql3zbbQECBAgQIAAAQIECBAgQIAAAQIECBAgQIAAgcYFBFKNk+uQAAECBAgQIECAAAECBAgQIECAAAECBAgQINAuAYFUu+bbaAkQIECAAAECBAgQIECAAAECBAgQIECAAAECjQsIpBon1yEBAgQIECBAgAABAgQIECBAgAABAgQIECBAoF0CAql2zbfREiBAgAABAgQIECBAgAABAgQIECBAgAABAgQaFxBINU6uQwIECBAgQIAAAQIECBAgQIAAAQIECBAgQIBAuwQEUu2ab6MlQIAAAQIECBAgQIAAAQIECBAgQIAAAQIECDQuIJBqnFyHBAgQIECAAAECBAgQIECAAAECBAgQIECAAIF2CQik2jXfRkuAAAECBAgQIECAAAECBAgQIECAAAECBAgQaFxAINU4uQ4JECBAgAABAgQIECBAgAABAgQIECBAgAABAu0SEEi1a76NlgABAgQIECBAgAABAgQIECBAgAABAgQIECDQuIBAqnFyHRIgQIAAAQIECBAgQIAAAQIECBAgQIAAAQIE2iUgkGrXfBstAQIECBAgQIAAAQIECBAgQIAAAQIECBAgQKBxAYFU4+Q6JECAAAECBAgQIECAAAECBAgQIECAAAECBAi0S0Ag1a75NloCBAgQIECAAAECBAgQIECAAAECBAgQIECAQOMCAqnGyXVIgAABAgQIECBAgAABAgQIECBAgAABAgQIEGiXgECqXfNttAQIECBAgAABAgQIECBAgAABAgQIECBAgACBxgUEUo2T65AAAQIECBAgQIAAAQIECBAgQIAAAQIECBAg0C4BgVS75ttoCRAgQIAAAQIECBAgQIAAAQIECBAgQIAAAQKNCwikGifXIQECBAgQIECAAAECBAgQIECAAAECBAgQIECgXQICqXbNt9ESIECAAAECBAgQIECAAAECBAgQIECAAAECBBoXEEg1Tq5DAgQIECBAgAABAgQIECBAgAABAgQIECBAgEC7BARS7ZpvoyVAgAABAgQIECBAgAABAgQIECBAgAABAgQINC4gkGqcXIcECBAgQIAAAQIECBAgQIAAAQIECBAgQIAAgXYJCKTaNd9GS4AAAQIECBAgQIAAAQIECBAgQIAAAQIECBBoXEAg1Ti5DgkQIECAAAECBAgQIECAAAECBAgQIECAAAEC7RIQSLVrvo2WAAECBAgQIECAAAECBAgQIECAAAECBAgQINC4gECqcXIdEiBAgAABAgQIECBAgAABAgQIECBAgAABAgTaJSCQatd8Gy0BAgQIECBAgAABAgQIECBAgAABAgQIECBAoHEBgVTj5DokQIAAAQIECBAgQIAAAQIECBAgQIAAAQIECLRLQCDVrvk2WgIECBAgQIAAAQIECBAgQIAAAQIECBAgQIBA4wICqcbJdUiAAAECBAgQIECAAAECBAgQIECAAAECBAgQaJeAQKpd8220BAgQIECAAAECBAgQIECAAAECBAgQIECAAIHGBQRS/0u+e/fu9Oqrr6atW7emBQsWdJ2IEydOpG3bthX/LV26NMVnHn744a7bLl68OO3atavYLl6nT59O99xzT7rzzjs7/1Ztb67Zf+KJJ9L3vve9tGHDhrk29T4BAgQIECBAgAABAgQIECBAgAABAgQIECBAYGwEWhlIHT16NK1fv76vSbjhhhtmhFTdgqVqQ2fOnEmf+cxn0po1azrhU/SZw6vDhw/P2nfuM9qJAOuFF16Ydftq+NXXwGxEgAABAgQIECBAgAABAgQIECBAgAABAgQIEGhIoLWB1OOPPz5rNVT4R4iUt4tw6IEHHkibN29OCxcunHV6qoFUPyFWtwb7+Vw/2zR0LOmGAAECBAgQIECAAAECBAgQIECAAAECBAgQINBVoLWB1HwrpMqBVCzpd99996WDBw/OQH33u99dVEbF++UKqVja78iRI8W/xWu2qqfcRoReETapkPKVS4AAAQIECBAgQIAAAQIECBAgQIAAAQIECEy6QGsDqW4VUhE6xX+5AqpXhVQ1cIqDIMKjXEFVfv/UqVNp586dRZvbt2+fs7qqfED1U/3UzzaTfpDafwIECBAgQIAAAQIECBAgQIAAAQIECBAgQGCyBQRSCxZ0ZvCJJ54oluiLSqbqsnzVwKnfCqlnnnkmvec97ynajeX+IqDauHFjOnnyZNcjR4XUZH9B2XsCBAgQIECAAAECBAgQIECAAAECBAgQIEDgXIHWBlJf/epX049//ONzlt3rdpDcdtttae3atV0roJYuXVp8pFeFVLxffm+u50+V+++n+qmfbRz4BAgQIECAAAECBAgQIECAAAECBAgQIECAAIFRCrQ2kDp8+HDasGFDYV9emi+W2+v2mi1wmk8gFdvO9lyoG264IW3durV4DpVnSI3yS0PfBAgQIECAAAECBAgQIECAAAECBAgQIECAwLAEWhlIxdJ88brpppuK/8ff77333nNMFy9enHbt2pWqVU4RFvW7ZF/1s9FJftZUtVqqGoz1U/3UzzbDOli0Q4AAAQIECBAgQIAAAQIECBAgQIAAAQIECBAYRKB1gdSZM2eKMGnVqlXpmmuu6VQhxXOd4u/5FdvFs6TWrFnTNZAqv1eFn+2z/QZS0UZUUsV+vfLKK0UX73//+zvVVXv27OnsbwRqzz33XKeyapADwWcIECBAgAABAgQIECBAgAABAgQIECBAgAABAnUJtC6QKlch5dBn+fLlneX7MnT1uU/zeQ5UtWqp/Nlof64l+zZv3lxUUV166aXFflUruvI+njhxogjNtm/fno4fP54ef/xxoVRdXynaJUCAAAECBAgQIECAAAECBAgQIECAAAECBAYWaF0gtXv37rRixYq0aNGiovoowpxcGRUBT/zbyZMnC9DbbrutE1TNFUhVn/dUfRZUXqYv2u13yb5y8FTer/Js33333Z2lBwc+CnyQAAECBAgQIECAAAECBAgQIECAAAECBAgQIFCjQOsCqRotNU2AAAECBAgQIECAAAECBAgQIECAAAECBAgQINBFQCDlsCBAgAABAgQIECBAgAABAgQIECBAgAABAgQIEKhVQCBVK6/GCRAgQIAAAQIECBAgQIAAAQIECBAgQIAAAQIEBFKOAQIECBAgQIAAAQIECBAgQIAAAQIECBAgQIAAgVoFBFK18mqcAAECBAgQIECAAAECBAgQIECAAAECBAgQIEBAIOUYIECAAAECBAgQIECAAAECBAgQIECAAAECBAgQqFVAIFUrr8YJECBAgAABAgQIECBAgAABAgQIECBAgAABAgQEUo4BAgQIECBAgAABAgQIECBAgAABAgQIECBAgACBWgUEUrXyapwAAQIECBAgQIAAAQIECBAgQIAAAQIECBAgQEAg5RggQIAAAQIECBAgQIAAAQIECBAgQIAAAQIECBCoVUAgVSuvxgkQIECAAAECBAgQIECAAAECBAgQIECAAAECBARSjgECBAgQIECAAAECBAgQIECAAAECBAgQIECAAIFaBQRStfJqnAABAgQIECBAgAABAgQIECBAgAABAgQIECBAQCDlGCBAgAABAgQIECBAgAABAgQIECBAgAABAgQIEKhVYCIDqTfeeKNWFI0TIECAAAECBAgQIECAAAECBAgQIECAAAECBAjMFLjooosGJpnIQGrg0fogAQIECBAgQIAAAQIECBAgQIAAAQIECBAgQIBA4wICqcbJdUiAAAECBAgQIECAAAECBAgQIECAAAECBAgQaJeAQKpd8220BAgQIECAAAECBAgQIECAAAECBAgQIECAAIHGBQRSjZPrkAABAgQIECBAgAABAgQIECBAgAABAgQIECDQLgGBVLvm22gJECBAgAABAgQIECBAgAABAgQIECBAgAABAo0LCKQaJ9chAQIECBAgQIAAAQIECBAgQIAAAQIECBAgQKBdAgKpds230RIgQIAAAQIECBAgQIAAAQIECBAgQIAAAQIEGhcQSDVOrkMCBAgQIECAAAECBAgQIECAAAECBAgQIECAQLsEBFLtmm+jJUCAAAECBAgQIECAAAECBAgQIECAAAECBAg0LiCQapxchwQIECBAgAABAgQIECBAgAABAgQIECBAgACBdgkIpNo130ZLgAABAgQIECBAgAABAgQIECBAgAABAgQIEGhcQCDVOLkOCRAgQIAAAQIECBAgQIAAAQIECBAgQIAAAQLtEhBItWu+jZYAAQIECBAgQIAAAQIECBAgQIAAAQIECBAg0LiAQKpxch0SIECAAAECBAgQIECAAAECBAgQIECAAAECBNolIJBq13wbLQECBAgQIECAAAECBAgQIECAAAECBAgQIECgcYHWBVKvvfZaevPNNxuH1iEBAgQIECBAgAABAgSmSeDCCy8shuP3q2maVWMhQIAAAQIECBCYZoH4Gf6SSy4Z2RBbF0idPHkyLV68eGTgOiZAgAABAgQIECBAgMA0CMTvVvHy+9U0zKYxECBAgAABAgQItEFg1PmIQKoNR5kxEiBAgAABAgQIECBAYMgCAqkhg2qOAAECBAgQIECAQM0CAqmagavNjxq84eHqjgABAgQIECBAgAABArUICKRqYdUoAQIECBAgQIAAgdoERp2PqJCqbWo1TIAAAQIECBAgQIAAgekVEEhN79waGQECBAgQIECAwHQKCKQantdRgzc8XN0RIECAAAECBAgQIECgFgGBVC2sGiVAgAABAgQIECBQm8Co8xEVUrVNrYYJECBAgAABAgQIECAwvQICqemdWyMjQIAAAQIECBCYTgGBVMPzOmrwhoerOwIECBAgQIAAAQIECNQiIJCqhVWjBAgQIECAAAECBGoTGHU+okKqtqnVMAECBAgQIECAAAECBKZXQCA1vXNrZAQIECBAgAABAtMpIJBqeF5HDd7wcHVHgAABAgQIECBAgACBWgQEUrWwapQAAQIECBAgQIBAbQKjzkdUSNU2tRomQIAAAQIECBAgQIDA9AoIpKZ3bo2MAAECBAgQIEBgOgUEUg3P66jBGx6u7ggQIECAAAECBAgQIFCLgECqFlaNEiBAgAABAgQIEKhNYNT5iAqp2qZWwwQIECBAgAABAgQIEJheAYHU9M6tkREgQIAAAQIECEyngECq4XkdNXjDw9UdAQIECBAgQIAAAQIEahEQSNXCqlECBAgQIECAAAECtQmMOh9RITWEqX3yySdTTOS6deu6thbvx+vGG29M8ecDBw503e6OO+5I11xzTee9udotN3LixImi7diHBQsWpOrf87bx78ePH08rVqxI+/btS6tXr07PPvtsuuyyy4pNjhw50nMcQ6DSBAECBAgQIECAAAECUyIgkJqSiTQMAgQIECBAgACB1ggIpBqe6mGAzxYq5eFcfPHFacuWLWnhwoXFP5VDqW5D3rt3b1q+fPmMQKqfz+W2urV/9OjR9IMf/KAIwsqv2Db278UXX0wXXXRRsY85LItgqhyKNTw9uiNAgAABAgQIECBAYEIEhhVInT59Ou3YsSO9/vrrxe8nmzZtSkuXLp0QBbtJgAABAgQIECBAYHIEhpGPnM9oVUgNoBeBzmzBTfxCtWfPnrR+/fp06tSpdPjw4fTRj360a3XUypUrizCoVyB15syZ4r3YptcvZbFNVDtdf/316cEHHyx+kev2eu9735sWL17ctULr5ptvTocOHZrx2WXLlqWNGzcWFVdeBAgQIECAAAECBAgQKAsMI5CK32V27dqVrrzyyuJ3nripbv/+/TNu7qNOgAABAgQIECBAgMBwBARSw3Hsu5VhgM+nQqoaSJWDrHIFU69AKt8tePnll/dcSi/aiTCpGh7NFpw99dRT6fnnny/uQIzPxeePHTtW/Dl+KcyBWq7w6hvYhgQIECBAgAABAgQItEJgGIFULCn+yCOPFFVR8btHDqiuu+46Kze04igySAIECBAgQIAAgSYFhpGPnM/+qpAaQK9b0BOBUlQfVZfHi1+wyhVS8w2kImyKz8erW5VU/oUt3u8nkMrbv+997yuW7IugK0Kz+Pf4/9q1a4v/l59HNQCRjxAgQIAAAQIECBAgMOUCwwik4ved6nNse/1uNeWchkeAAAECBAgQIECgdgGBVO3EMzsYBniENdFOVBjN9ool8uLOvkGX7CvfHRj9VH9Ri3+LfYkqqjfeeKMIk8rL63ULzj772c+mFStWFOFZLPMXIVfsX/5/Dqi6PXuq4anSHQECBAgQIECAAAECYywwjEAq/261bt26zkgFUmM86XaNAAECBAgQIEBgogWGkY+cD4AKqQH0ysvrlSugujV1PhVS5aX4ou1uz5J6+umni/XW4xe5CKQiZOoVlN1xxx3Fshe9nkuV706MvpYvX26JjAGODR8hQIAAAQIECBAg0BaBYQRSKqTacrQYJwECBAgQIECAwDgICKQanoVhgOcqo6VLlxYP3X3wwQfPGUUOfwYNpPKzo1avXt0Jhrr9shYdx7bx4N9+KqQi1KoGVsuWLSuW+4tXPFA4XtXl/xqeJt0RIECAAAECBAgQIDDmAsMKpMrPw/UMqTGfdLtHgAABAgQIECAw0QLDyEfOB0CF1Dz1IvzZs2dPWr9+fbE8XgQ41QfulpfKqwZSBw4cmNHjypUri+XyylVXsUGvZSq6/ft8AqnyQ4Or+59DsEWLFgmk5nlc2JwAAQIECBAgQIBA2wSGEUhVA6jyKhHl5cjbZmu8BAgQIECAAAECBOoQEEjVoTpLm+cLXq5SinDo1KlT54Q3vZb06/ZMp7yr5Wc7RcgVoVB5HfW8Xf6FLZbpiyArXvMJpPL2O3bsSK+//nrx+XjWVSzRF5VeUdkVz486duyYUKrhY1N3BAgQIECAAAECBCZJYBiBVIw3bprbuXNn8Vzciy++OG3ZsiUtXLhwkijsKwECBAgQIECAAIGJEDjffOR8B6lCap6COTiKZSXilUOj8tJ9eQm8uKNvtmdMlT+Tf/GKpfcWL17cCZu67V41lMqB1FVXXZUefvjhniOKPn7lV34l/fu//3vatGlTiiUH4xX7Ef2Wf/FzZ+I8DwybEyBAgAABAgQIEGiZwLACqZaxGS4BAgQIECBAgACBkQkIpBqmHzV4w8PVHQECBAgQIECAAAECBGoREEjVwqpRAgQIECBAgAABArUJjDofUSFV29RqmAABAgQIECBAgAABAtMrIJCa3rk1MgIECBAgQIAAgekUEEg1PK+jBm94uLojQIAAAQIECBAgQIBALQICqVpYNUqAAAECBAgQIECgNoFR5yMqpGqbWg0TIECAAAECBAgQIEBgegUEUtM7t0ZGgAABAgQIECAwnQICqYbnddTgDQ9XdwQIECBAgAABAgQIEKhFQCBVC6tGCRAgQIAAAQIECNQmMOp8RIVUbVOrYQIECBAgQIAAAQIECEyvgEBqeufWyAgQIECAAAECBKZTQCDV8LyOGrzh4eqOAAECBAgQIECAAAECtQgIpGph1SgBAgQIECBAgACB2gRGnY+okKptajVMgAABAgQIECBAgACB6RUQSE3v3BoZAQIECBAgQIDAdAoIpBqe11GDNzxc3REgQIAAAQIECBAgQKAWAYFULawaJUCAAAECBAgQIFCbwKjzlruxgQAAGUJJREFUERVStU2thgkQIECAAAECBAgQIDC9AgKp6Z1bIyNAgAABAgQIEJhOAYFUw/M6avCGh6s7AgQIECBAgAABAgQI1CIgkKqFVaMECBAgQIAAAQIEahMYdT6iQqq2qdUwAQIECBAgQIAAAQIEpldAIDW9c2tkBAgQIECAAAEC0ykgkGp4XkcN3vBwdUeAAAECBAgQIECAAIFaBARStbBqlAABAgQIECBAgEBtAqPOR1pXIfXaa6+lN998s7YJ1TABAgQIECBAgAABAgTaIHDhhRcWw/T7VRtm2xgJECBAgAABAgSmQSB+hr/kkktGNhSB1MjodUyAAAECBAgQIECAAIHJFRBITe7c2XMCBAgQIECAAIF2CgikGp73UZekNTxc3REgQIAAAQIECBAgQKAWAUv21cKqUQIECBAgQIAAAQK1CYw6H2ldhdSowWs7kjRMgAABAgQIECBAgACBBgUEUg1i64oAAQIECBAgQIDAEARGnY8IpIYwiZogQIAAAQIECBAgQIBA2wQEUm2bceMlQIAAAQIECBCYdAGBVMMzOGrwhoerOwIECBAgQIAAAQIECNQiIJCqhVWjBAgQIECAAAECBGoTGHU+okKqtqnVMAECBAgQIECAAAECBKZXQCA1vXNrZAQIECBAgAABAtMpIJBqeF5HDd7wcHVHgAABAgQIECBAgACBWgQEUrWwapQAAQIECBAgQIBAbQKjzkdUSNU2tRomQIAAAQIECBAgQIDA9AoIpKZ3bo2MAAECBAgQIEBgOgUEUg3P66jBGx6u7ggQIECAAAECBAgQIFCLgECqFlaNEiBAgAABAgQIEKhNYNT5iAqp2qZWwwQIECBAgAABAgQIEJheAYHU9M6tkREgQIAAAQIECEyngECq4XkdNXjDw9UdAQIECBAgQIAAAQIEahEQSNXCqlECBAgQIECAAAECtQmMOh9RIVXb1GqYAAECBAgQIECAAAEC0ysgkJreuTUyAgQIECBAgACB6RQQSDU8r6MGb3i4uiNAgAABAgQIECBAgEAtAgKpWlg1SoAAAQIECBAgQKA2gVHnIyqkaptaDRMgQIAAAQIECBAgQGB6BQRS0zu3RkaAAAECBAgQIDCdAgKphue1DvAnn3wyRbvr1q3rOpp4P1433nhjij8fOHCg63Z33HFHuuaaa2a8d+LEibRz5870xhtvpJUrVxZtxCvaueyyy87ZPt7bu3dvevHFF9OmTZvS0qVLz2nv+PHjacWKFWnfvn1p9erV6dlnny3aiteRI0d6jqPhqdIdAQIECBAgQIAAAQJjLCCQGuPJsWsECBAgQIAAAQIEugjUkY/MB1qF1Hy0/nfb2UKl3NzFF1+ctmzZkhYuXFj8UzmU6tZlhEjLly9PixYt6gRQsd2yZcvSxo0b04IFC2Z8rFcgldu5/PLL044dO4rAqRpyxWdj/yK0uuiii4p9zGFZr5BrACYfIUCAAAECBAgQIEBgigWGFUjF7zDPP/98R6rX70BTTGloBAgQIECAAAECBBoREEg1wvx/nQwDfLbqpOjp9OnTac+ePWn9+vXp1KlT6fDhw+mjH/1o1+qoXPWUg6RyeHT06NH0gx/8oFMVFW3nYCv+XA6Pzpw5k3bt2pWuu+66TgCV/y32IYdjvcK0m2++OR06dCi9/vrrfhFs+JjUHQECBAgQIECAAIFJFBhmILV48eIZv/dMood9JkCAAAECBAgQIDDuAsPIR85njCqkBtCbT4VUNZAqh0jlwCkCqauvvjp94xvfSC+99FLXvYqqpquuuqpTdZXbmmt/rr/++mJZvvhsXlbwqaeeKu5CjAqpqMCKMOrYsWPFnyPIyoFarvAagMlHCBAgQIAAAQIECBCYYgGB1BRPrqERIECAAAECBAhMpYBAquFpHQZ4twqpCJS63dUXz4AqV0jNFkjFkn1RIRUVVvv37y8CpKhYir/HM5/ieVDVCql45lO1326VVZk5V029733vK5bsi6X9IjSLf4//r127tvh/9BPhVXWpwIanS3cECBAgQIAAAQIECIypwDADqbxkX3Xp8zEdut0iQIAAAQIECBAgMJECw8hHzmfgKqQG0IuwJiauvM55t2be+973FkvozWfJvgiYot1YNz1Cowikcl/xbxEg5ZCo1/OeZgukPvvZzxbhVoRY+/btK5bFiP3L/88BVXWpwAGYfIQAAQIECBAgQIAAgSkWGFYgVSaK37Xyyg1ujpvig8fQCBAgQIAAAQIERiIgkGqYfRjg5ec9lSugug2l7gqpCI4OHDjQl+Idd9xRVGBFNVSMIUKoqLrKrwiyIhCLV67W6qthGxEgQIAAAQIECBAg0DqBOgKpWB1i586d6dZbb53xu0rrcA2YAAECBAgQIECAQA0Cw8hHzme3VEgNoJerjCLMiRDnwQcfPKeVHP7MJ5AqP0OqWg0VoVOvZ0hF5+V+coVULPmXq7PyDkYQVa3sir7i2VHx2rVrV/H/+Ls7Egc4OHyEAAECBAgQIECAQEsEBFItmWjDJECAAAECBAgQmBoBgVTDU3m+4HHH3p49e9L69euLwCYCnFiWLyqP8qv8jKlqIFWtZlq5cmVRqVSuuop2oo3Y9qKLLkqbNm3q3B1YfYZUt4qn8pJ9eXnBeB5UvGJ/HnnkkaLN6v7H2Hbs2JEWLVokkGr4uNQdAQIECBAgQIAAgUkTGEYgFb+DPP300+nDH/5wMXxL9k3aUWB/CRAgQIAAAQIEJkngfPOR8x2rCql5CuZl7SLgiRDp1KlT54Q3vZb0KwdV1W7Lz3aKkCvajaAr/n/8+PEiJMqhUny23Ec1zKo+Qyrej2dGRfAVrxw8xfOp4hXPuool+qLSKyq7YhlA67bP88CwOQECBAgQIECAAIGWCQwjkAqy8qoTefUGqzW07GAyXAIECBAgQIAAgUYEBFKNMP9fJ+cLnoOjQ4cOFY3mkKjXL1GzPWOq/JlYjm/Lli1p//79nXarlU55FOXKqQisIkCKsKlXVVX5mVGx3y+++OKMqqvoJ/qN/hcuXFh0E/8W21q6r+EDVHcECBAgQIAAAQIEJkRgWIHUhAzXbhIgQIAAAQIECBCYeIHzzUfOF0CF1PkK+jwBAgQIECBAgAABAgRaKCCQauGkGzIBAgQIECBAgMBECwikGp6+UYM3PFzdESBAgAABAgQIECBAoBYBgVQtrBolQIAAAQIECBAgUJvAqPMRFVK1Ta2GCRAgQIAAAQIECBAgML0CAqnpnVsjI0CAAAECBAgQmE4BgVTD8zpq8IaHqzsCBAgQIECAAAECBAjUIiCQqoVVowQIECBAgAABAgRqExh1PqJCqrap1TABAgQIECBAgAABAgSmV0AgNb1za2QECBAgQIAAAQLTKSCQanheRw3e8HB1R4AAAQIECBAgQIAAgVoEBFK1sGqUAAECBAgQIECAQG0Co85HVEjVNrUaJkCAAAECBAgQIECAwPQKCKSmd26NjAABAgQIECBAYDoFBFINz+uowRseru4IECBAgAABAgQIECBQi4BAqhZWjRIgQIAAAQIECBCoTWDU+YgKqdqmVsMECBAgQIAAAQIECBCYXgGB1PTOrZERIECAAAECBAhMp4BAquF5HTV4w8PVHQECBAgQIECAAAECBGoREEjVwqpRAgQIECBAgAABArUJjDofUSFV29RqmAABAgQIECBAgAABAtMrIJCa3rk1MgIECBAgQIAAgekUEEg1PK+jBm94uLojQIAAAQIECBAgQIBALQICqVpYNUqAAAECBAgQIECgNoFR5yMqpGqbWg0TIECAAAECBAgQIEBgegUEUtM7t0ZGgAABAgQIECAwnQICqYbn9bXXXktvvvlmw73qjgABAgQIECBAgAABAtMlcOGFFxYD8vvVdM2r0RAgQIAAAQIECEyvQPwMf8kll4xsgK2rkBqZtI4JECBAgAABAgQIECBAgAABAgQIECBAgAABAi0VEEi1dOINmwABAgQIECBAgAABAgQIECBAgAABAgQIECDQlIBAqilp/RAgQIAAAQIECBAgQIAAAQIECBAgQIAAAQIEWiogkGrpxBs2AQIECBAgQIAAAQIECBAgQIAAAQIECBAgQKApAYFUU9L6IUCAAAECBAgQIECAAAECBAgQIECAAAECBAi0VEAg1dKJN2wCBAgQIECAAAECBAgQIECAAAECBAgQIECAQFMCAqmmpPVDgAABAgQIECBAgAABAgQIECBAgAABAgQIEGipgECqpRNv2AQIECBAgAABAgQIECBAgAABAgQIECBAgACBpgQEUk1J64cAAQIECBAgQIAAAQIECBAgQIAAAQIECBAg0FIBgVRLJ96wCRAgQIAAAQIECBAgQIAAAQIECBAgQIAAAQJNCQikmpLWDwECBAgQIECAAAECBAgQIECAAAECBAgQIECgpQICqZZOvGETIECAAAECBAgQIECAAAECBAgQIECAAAECBJoSEEg1Ja0fAgQIECBAgAABAgQIECBAgAABAgQIECBAgEBLBQRSLZ14wyZAgAABAgQIECBAgAABAgQIECBAgAABAgQINCUgkGpKWj8ECBAgQIAAAQIECBAgQIAAAQIECBAgQIAAgZYKCKRaOvGGTYAAAQIECBAgQIAAAQIECBAgQIAAAQIECBBoSmAiA6kvf/nL6ZOf/GT67ne/25STfggQIECAAAECBAgQIECAAAECBAgQIECAAAECrRS44oor0v33359uuummgcc/kYHUO97xjvT9739/4EH7IAECBAgQIECAAAECBAgQIECAAAECBAgQIECAQP8CS5YsSS+//HL/H6hsOZGB1AUXXDDwgH2QAAECBAgQIECAAAECBAgQIECAAAECBAgQIEBg/gJvvfXW/D/0v58QSA1M54MECBAgQIAAAQIECBAgQIAAAQIECBAgQIAAgfYICKTaM9dGSoAAAQIECBAgQIAAAQIECBAgQIAAAQIECBAYiYBAaiTsOiVAgAABAgQIECBAgAABAgQIECBAgAABAgQItEdAINWeuTZSAgQIECBAgAABAgQIECBAgAABAgQIECBAgMBIBARSI2HXKQECBAgQIECAAAECBAgQIECAAAECBAgQIECgPQICqfbMtZESIECAAAECBAgQIECAAAECBAgQIECAAAECBEYiIJAaCbtOCRAgQIAAAQIECBBok8CLL76YvvnNb6aPf/zj5wz7yJEj6amnnkp33313573f+Z3fSbt37073339/2rdvX0+q2O6RRx5JBw8ePKft/N4v//Ivdz7/0EMPpa9//etp27Zt6ed+7ufSL/zCL3Tee/rpp9N1113XpmkxVgIECBAgQIAAAQIEGhQQSDWIrSsCBAgQIECAAAECBKZb4NChQ+l3f/d3ZwRA8ZePfexjMwYewVAOp9auXZs+9alPpbvuuqsTPvUbSEWjf/d3f5duuOGGdOutt6avfe1r5wDfe++96ZZbbknr1q1Lf/7nf55++tOfpmXLlqUNGzakD3zgA533un12umfL6AgQIECAAAECBAgQaFJAINWktr4IECBAgAABAgQIEJh6gXKY9Ku/+qvp93//99Py5cuLcUd49Ju/+ZvpqquumuEQoVF5u24hVXwgKq2uvPLKvgyPHTtW9COQ6ovLRgQIECBAgAABAgQI1CwgkKoZWPMECBAgQIAAAQIECLRLIAKg97znPWn//v1dl8bLGrMtkdcrkBpEUiA1iJrPECBAgAABAgQIECAwbAGB1LBFtUeAAAECBAgQIECAQKsFylVMn//859O1116bPve5zxUmuQoqlvZbtGhRuvTSS1M84ylXM2W4CKQ+/elPp7/5m7+Z8Wyp/H63Z0dFm4sXL55RfVXelzfffDO98sorRZWVJftafYgaPAECBAgQIECAAIGRCAikRsKuUwIECBAgQIAAAQIEplEgluSL50XFM6Jiab5/+7d/S7/1W79VhE7VV66Q6raMX26nWxVVVDxt2bKlaG7Hjh2dwCp/JoKn8r+XK6R2796dXnrppSKQWrBgQbr88ss7uzVbxdY0zpUxESBAgAABAgQIECDQrIBAqllvvREgQIAAAQIECBAgMKUC+dlRP//zP58OHjzYCaR6VUgFw3XXXdf1uVJRxZSDow0bNqSvfe1rhVqETjfffHP64z/+4xTPp7rlllvSunXrisArV1TFdn/0R3+U/vRP/zTt27dvxjOk/vIv/zJ9//vfL6qo4nMf+MAHOm3kPqZ0egyLAAECBAgQIECAAIERCwikRjwBuidAgAABAgQIECBAYLoEIkz65je/Oe8KqX/8x38swqG/+qu/Sn/2Z3+W7rrrrnTnnXemp556quuyfaGWl+mLP588ebIIuKqvcoVUhE4Rar3rXe8qtq2+N10zYTQECBAgQIAAAQIECIyTgEBqnGbDvhAgQIAAAQIECBAgMPEC5UDq9OnT6Zd+6Zc61UjlZ0jFQHOFVCzz96Mf/aiofPrkJz/ZCZfmCoziWVN//dd/nf77v/873XrrrZ1KqjJitY28fx//+McFUhN/tBkAAQIECBAgQIAAgckREEhNzlzZUwIECBAgQIAAAQIEJkAgAp8rr7yy2NPXXnstfetb3+pUI3ULpHKVUyyjF5+NV/w5v+L9X/u1X5sROFWfIxXbxnOl/vM//7Pz2VhC8JFHHpnx/Kp//ud/7gRkUS01V+A1Adx2kQABAgQIECBAgACBCREQSE3IRNlNAgQIECBAgAABAgQmQyBXID366KNp9+7d6f777+88y+nDH/5wimdMxTOfHnrooRRVSuXgafHixTPCqOp78fcIu+I5UN0qomI5vqi2itfTTz89Ywm/CKj27t2bPve5z6X/+I//KCqrfvZnf7bTf682J0PdXhIgQIAAAQIECBAgMO4CAqlxnyH7R4AAAQIECBAgQIAAAQIECBAgQIAAAQIECBCYcAGB1IRPoN0nQIAAAQIECBAgQIAAAQIECBAgQIAAAQIECIy7gEBq3GfI/hEgQIAAAQIECBAgQIAAAQIECBAgQIAAAQIEJlxAIDXhE2j3CRAgQIAAAQIECBAgQIAAAQIECBAgQIAAAQLjLiCQGvcZsn8ECBAgQIAAAQIECBAgQIAAAQIECBAgQIAAgQkXEEhN+ATafQIECBAgQIAAAQIECBAgQIAAAQIECBAgQIDAuAsIpMZ9huwfAQIECBAgQIAAAQIECBAgQIAAAQIECBAgQGDCBQRSEz6Bdp8AAQIECBAgQIAAAQIECBAgQIAAAQIECBAgMO4CrQuklixZkv7rv/5r3OfF/hEgQIAAAQIECBAgQIAAAQIECBAgQIAAAQIEpkLgXe96Vzpx4sTAY7ngggsuGPTDA38wOnzrPGK0z3/+8+kP/uAPBt1vnyNAgAABAgQIECBAgAABAgQIECBAgAABAgQIEJiHwBe+8IW0evXqeXxi5qYTGUgNPFofJECAAAECBAgQIECAAAECBAgQIECAAAECBAgQaFxAINU4uQ4JECBAgAABAgQIECBAgAABAgQIECBAgAABAu0SEEi1a76NlgABAgQIECBAgAABAgQIECBAgAABAgQIECDQuIBAqnFyHRIgQIAAAQIECBAgQIAAAQIECBAgQIAAAQIE2iUgkGrXfBstAQIECBAgQIAAAQIECBAgQIAAAQIECBAgQKBxAYFU4+Q6JECAAAECBAgQIECAAAECBAgQIECAAAECBAi0S0Ag1a75NloCBAgQIECAAAECBAgQIECAAAECBAgQIECAQOMCAqnGyXVIgAABAgQIECBAgAABAgQIECBAgAABAgQIEGiXwCgDqf+XUnpHu7iNlgABAgQIECBAgAABAgQIECBAgAABAgQIECDQOoHjF1xwwbJBR33BoB+Mz7311lu3pJQ+ez5t+CwBAgQIECBAgAABAgQIECBAgAABAgQIECBAgMDYC6y54IILvjDoXp5XIDVopz5HgAABAgQIECBAgAABAgQIECBAgAABAgQIECDQHgGBVHvm2kgJECBAgAABAgQIECBAgAABAgQIECBAgAABAiMREEiNhF2nBAgQIECAAAECBAgQIECAAAECBAgQIECAAIH2CAik2jPXRkqAAAECBAgQIECAAAECBAgQIECAAAECBAgQGImAQGok7DolQIAAAQIECBAgQIAAAQIECBAgQIAAAQIECLRHQCDVnrk2UgIECBAgQIAAAQIECBAgQIAAAQIECBAgQIDASAQEUiNh1ykBAgQIECBAgAABAgQIECBAgAABAgQIECBAoD0CAqn2zLWREiBAgAABAgQIECBAgAABAgQIECBAgAABAgRGIiCQGgm7TgkQIECAAAECBAgQIECAAAECBAgQIECAAAEC7REQSLVnro2UAAECBAgQIECAAAECBAgQIECAAAECBAgQIDASAYHUSNh1SoAAAQIECBAgQIAAAQIECBAgQIAAAQIECBBoj4BAqj1zbaQECBAgQIAAAQIECBAgQIAAAQIECBAgQIAAgZEICKRGwq5TAgQIECBAgAABAgQIECBAgAABAgQIECBAgEB7BARS7ZlrIyVAgAABAgQIECBAgAABAgQIECBAgAABAgQIjERAIDUSdp0SIECAAAECBAgQIECAAAECBAgQIECAAAECBNoj8P8Bqf6i5RtPwU4AAAAASUVORK5CYII=', '1605152528', '12', '56');

-- ----------------------------
-- Table structure for home_lease_goods
-- ----------------------------
DROP TABLE IF EXISTS `home_lease_goods`;
CREATE TABLE `home_lease_goods` (
  `id` int(11) unsigned NOT NULL AUTO_INCREMENT COMMENT '物品租借',
  `goods_name` varchar(255) DEFAULT NULL COMMENT '物品名称',
  `goods_num` int(11) DEFAULT NULL COMMENT '数量',
  `building_id` int(11) DEFAULT NULL,
  `create_time` varchar(20) DEFAULT NULL,
  PRIMARY KEY (`id`)
) ENGINE=MyISAM AUTO_INCREMENT=5 DEFAULT CHARSET=utf8;

-- ----------------------------
-- Records of home_lease_goods
-- ----------------------------
INSERT INTO `home_lease_goods` VALUES ('1', '雨伞', '1000', '44', '1603324634');
INSERT INTO `home_lease_goods` VALUES ('2', '鞋子', '100', '44', '1603324733');
INSERT INTO `home_lease_goods` VALUES ('4', '水果', '2', '56', '1605240634');

-- ----------------------------
-- Table structure for home_lease_records
-- ----------------------------
DROP TABLE IF EXISTS `home_lease_records`;
CREATE TABLE `home_lease_records` (
  `id` int(11) unsigned NOT NULL AUTO_INCREMENT COMMENT '租借记录',
  `room_id` int(11) DEFAULT NULL,
  `goods_id` int(11) DEFAULT NULL,
  `goods_num` int(11) DEFAULT NULL COMMENT '数量',
  `create_time` varchar(11) DEFAULT NULL,
  `building_id` int(11) DEFAULT NULL,
  PRIMARY KEY (`id`)
) ENGINE=MyISAM AUTO_INCREMENT=7 DEFAULT CHARSET=utf8;

-- ----------------------------
-- Records of home_lease_records
-- ----------------------------
INSERT INTO `home_lease_records` VALUES ('3', '17', '2', '1', '1603330683', '44');
INSERT INTO `home_lease_records` VALUES ('4', '32', '1', '10', '1603690087', '44');
INSERT INTO `home_lease_records` VALUES ('5', '32', '2', '1', '1603690908', '44');
INSERT INTO `home_lease_records` VALUES ('6', '98', '4', '1', '1605240762', '56');

-- ----------------------------
-- Table structure for home_member_record
-- ----------------------------
DROP TABLE IF EXISTS `home_member_record`;
CREATE TABLE `home_member_record` (
  `id` int(11) NOT NULL AUTO_INCREMENT COMMENT '会员充值记录',
  `vip_id` int(11) DEFAULT NULL,
  `money` varchar(5) DEFAULT NULL,
  `create_time` varchar(11) DEFAULT NULL,
  `building_id` int(11) DEFAULT NULL,
  `operator` varchar(255) DEFAULT NULL COMMENT '操作者',
  PRIMARY KEY (`id`)
) ENGINE=MyISAM AUTO_INCREMENT=16 DEFAULT CHARSET=utf8;

-- ----------------------------
-- Records of home_member_record
-- ----------------------------
INSERT INTO `home_member_record` VALUES ('15', '20', '50', '1605170616', '56', '12');

-- ----------------------------
-- Table structure for home_nighttrial_system
-- ----------------------------
DROP TABLE IF EXISTS `home_nighttrial_system`;
CREATE TABLE `home_nighttrial_system` (
  `id` int(11) NOT NULL AUTO_INCREMENT,
  `future` varchar(5) DEFAULT '1' COMMENT '应到未到',
  `leaving` varchar(5) DEFAULT '1' COMMENT '应离未离',
  `room_status` varchar(5) DEFAULT '1' COMMENT '房间状态',
  `automatic` varchar(5) DEFAULT '1' COMMENT '自动交班',
  `night_trial_time` varchar(50) DEFAULT '02:00:00' COMMENT '夜审时间',
  `building_id` int(11) DEFAULT NULL,
  PRIMARY KEY (`id`)
) ENGINE=MyISAM AUTO_INCREMENT=16 DEFAULT CHARSET=utf8;

-- ----------------------------
-- Records of home_nighttrial_system
-- ----------------------------
INSERT INTO `home_nighttrial_system` VALUES ('10', '1', '1', '1', '1', '02:00:00', '41');
INSERT INTO `home_nighttrial_system` VALUES ('11', '1', '1', '1', '1', '02:00:00', null);
INSERT INTO `home_nighttrial_system` VALUES ('12', '1', '1', '1', '1', '02:00:00', '44');
INSERT INTO `home_nighttrial_system` VALUES ('13', '1', '1', '1', '1', '02:00:00', '39');
INSERT INTO `home_nighttrial_system` VALUES ('14', '1', '1', '1', '1', '02:00:00', '56');
INSERT INTO `home_nighttrial_system` VALUES ('15', '1', '1', '1', '1', '02:00:00', '55');

-- ----------------------------
-- Table structure for home_room_admin
-- ----------------------------
DROP TABLE IF EXISTS `home_room_admin`;
CREATE TABLE `home_room_admin` (
  `id` int(11) NOT NULL AUTO_INCREMENT,
  `name` varchar(50) DEFAULT NULL,
  `user_num` varchar(50) DEFAULT NULL,
  `user_pwd` varchar(50) DEFAULT NULL,
  `building_id` int(11) DEFAULT NULL,
  `token` varchar(255) DEFAULT NULL,
  `uid` varchar(200) DEFAULT NULL COMMENT '手机id.推送的id',
  `token_time` varchar(15) DEFAULT NULL,
  PRIMARY KEY (`id`)
) ENGINE=MyISAM AUTO_INCREMENT=5 DEFAULT CHARSET=utf8;

-- ----------------------------
-- Records of home_room_admin
-- ----------------------------
INSERT INTO `home_room_admin` VALUES ('1', '码云', 'mayun', '123456', '44', 'd71361d67641df924998a7aae0a6b702', 'd7b23c1fce5a2af635095749ca3109e1', '1604834953');
INSERT INTO `home_room_admin` VALUES ('2', '张一鸣', 'zhangyiming', '123456', '44', null, null, null);
INSERT INTO `home_room_admin` VALUES ('3', '232', 'test', '123456', '44', 'e4d50b4281842f175036bbf4b79aa97d', '7715453a49ba608cee9e5d3796d6f368', '1604802553');
INSERT INTO `home_room_admin` VALUES ('4', '亚朵001', 'yaduo1001', '123456', '56', 'a0cd984f82ba38aa3043e6c9b5f453e6', '7715453a49ba608cee9e5d3796d6f368', '1605244128');

-- ----------------------------
-- Table structure for home_room_income
-- ----------------------------
DROP TABLE IF EXISTS `home_room_income`;
CREATE TABLE `home_room_income` (
  `id` int(11) NOT NULL AUTO_INCREMENT COMMENT '房间收入总表',
  `count` int(11) DEFAULT NULL COMMENT '房间数',
  `income_details` varchar(255) DEFAULT NULL COMMENT '总金额',
  `deposit_record` varchar(255) DEFAULT NULL COMMENT '总定金',
  `activity_price` varchar(10) DEFAULT NULL COMMENT '活动价格',
  `member_price` varchar(10) DEFAULT NULL COMMENT '会员价格',
  `create_time` varchar(11) DEFAULT NULL,
  `room_arr` varchar(255) DEFAULT NULL COMMENT '房间',
  `in_time` varchar(50) DEFAULT NULL,
  `move_time` varchar(50) DEFAULT NULL,
  `status` varchar(5) DEFAULT '1' COMMENT '状态',
  `price_receivable` varchar(10) DEFAULT NULL COMMENT '应收价格',
  `num_arr` varchar(255) DEFAULT NULL,
  `building_id` int(11) DEFAULT NULL,
  `parent_id` int(11) DEFAULT NULL COMMENT '主房间id',
  `operator` varchar(255) DEFAULT NULL COMMENT '操作者',
  PRIMARY KEY (`id`)
) ENGINE=MyISAM AUTO_INCREMENT=99 DEFAULT CHARSET=utf8;

-- ----------------------------
-- Records of home_room_income
-- ----------------------------
INSERT INTO `home_room_income` VALUES ('94', '3', '398', '0', '1', '0.9', '1604973781', '97,98,99', '20201110', '20201111', '0', '358.2', '1001,1002,1003', '56', '97', '12');
INSERT INTO `home_room_income` VALUES ('95', '1', '99', '0', '1', '0.9', '1605151949', '97', '20201112', '20201113', '0', '89.1', '1001', '56', '97', '12');
INSERT INTO `home_room_income` VALUES ('96', '1', '232', '0', '1', '0.9', '1605170493', '101', '20201112', '20201113', '1', '208.8', '1005', '56', '101', '12');
INSERT INTO `home_room_income` VALUES ('97', '1', '99', '0', '1', '0.9', '1605243812', '102', '20201113', '20201114', '1', '89.1', '1006', '56', '102', '12');
INSERT INTO `home_room_income` VALUES ('98', '1', '99', '0', '1', '0.9', '1605243834', '99', '20201113', '20201114', '1', '89.1', '1003', '56', '99', '12');

-- ----------------------------
-- Table structure for home_room_publish
-- ----------------------------
DROP TABLE IF EXISTS `home_room_publish`;
CREATE TABLE `home_room_publish` (
  `id` int(11) NOT NULL AUTO_INCREMENT,
  `service` varchar(50) DEFAULT NULL,
  `room` varchar(50) DEFAULT NULL,
  `admin` varchar(50) DEFAULT NULL,
  `building_id` int(11) DEFAULT NULL,
  `status` varchar(255) DEFAULT '1' COMMENT '1在执行、0执行完成',
  `desc` varchar(255) DEFAULT '任务介绍-》任务流程》》》' COMMENT '任务内容',
  PRIMARY KEY (`id`)
) ENGINE=MyISAM AUTO_INCREMENT=20 DEFAULT CHARSET=utf8;

-- ----------------------------
-- Records of home_room_publish
-- ----------------------------
INSERT INTO `home_room_publish` VALUES ('1', '1', '17', '1', '44', '1', '第三方第三方');
INSERT INTO `home_room_publish` VALUES ('2', '1', '63', '1', '44', '1', '地方大幅度发');
INSERT INTO `home_room_publish` VALUES ('3', '3', '65', '3', '44', '1', '大幅度');
INSERT INTO `home_room_publish` VALUES ('6', '1', '65', '1', '44', '1', '3232');
INSERT INTO `home_room_publish` VALUES ('7', '1', '67', '1', '44', '1', '32');
INSERT INTO `home_room_publish` VALUES ('8', '3', '77', '1', '44', '1', '23');
INSERT INTO `home_room_publish` VALUES ('9', '2', '75', '1', '44', '1', '232');
INSERT INTO `home_room_publish` VALUES ('10', '1', '67', '1', '44', '1', '323');
INSERT INTO `home_room_publish` VALUES ('11', '1', '81', '1', '44', '3', '23');
INSERT INTO `home_room_publish` VALUES ('12', '1', '75', '1', '44', '1', '3');
INSERT INTO `home_room_publish` VALUES ('13', '4', '73', '1', '44', '3', '23');
INSERT INTO `home_room_publish` VALUES ('14', '4', '85', '1', '44', '1', '任务介绍-》任务流程》》》');
INSERT INTO `home_room_publish` VALUES ('15', '3', '84', '1', '44', '1', '任务介绍-》任务流程》》》');
INSERT INTO `home_room_publish` VALUES ('16', '1', '83', '1', '44', '2', '任务介绍-》任务流程》》》');
INSERT INTO `home_room_publish` VALUES ('17', '5', '97', '4', '56', '2', '任务介绍-》任务流程》》》');
INSERT INTO `home_room_publish` VALUES ('18', '6', '98', '4', '56', '1', '任务介绍-》任务流程》》》');
INSERT INTO `home_room_publish` VALUES ('19', '7', '102', '4', '56', '1', '任务介绍-》任务流程》》》');

-- ----------------------------
-- Table structure for home_room_records
-- ----------------------------
DROP TABLE IF EXISTS `home_room_records`;
CREATE TABLE `home_room_records` (
  `id` int(11) unsigned NOT NULL AUTO_INCREMENT COMMENT '换房记录',
  `current_id` int(11) DEFAULT NULL COMMENT '当前房间id',
  `replace_id` int(11) DEFAULT NULL COMMENT '需要更换房间的id',
  `create_time` varchar(11) DEFAULT NULL,
  `building_id` int(11) DEFAULT NULL,
  `operator` varchar(255) DEFAULT NULL COMMENT '操作者',
  PRIMARY KEY (`id`)
) ENGINE=MyISAM AUTO_INCREMENT=12 DEFAULT CHARSET=utf8;

-- ----------------------------
-- Records of home_room_records
-- ----------------------------
INSERT INTO `home_room_records` VALUES ('11', '1005', '1002', '1605170505', '56', '12');

-- ----------------------------
-- Table structure for home_room_refund
-- ----------------------------
DROP TABLE IF EXISTS `home_room_refund`;
CREATE TABLE `home_room_refund` (
  `id` int(11) NOT NULL AUTO_INCREMENT COMMENT '房间退款记录',
  `room_rate` varchar(10) DEFAULT NULL COMMENT '房费退款',
  `deposit` varchar(10) DEFAULT NULL COMMENT '押金退款	',
  `reason` varchar(250) DEFAULT NULL COMMENT '退款理由',
  `desc` text COMMENT '备注',
  `operator` varchar(50) DEFAULT NULL COMMENT '操作者',
  `create_time` varchar(11) DEFAULT NULL,
  `building_id` int(11) DEFAULT NULL,
  `room_id` int(11) DEFAULT NULL,
  PRIMARY KEY (`id`)
) ENGINE=MyISAM AUTO_INCREMENT=67 DEFAULT CHARSET=utf8;

-- ----------------------------
-- Records of home_room_refund
-- ----------------------------
INSERT INTO `home_room_refund` VALUES ('64', '0', '0', '', '', '12', '1605092197', '56', '98');
INSERT INTO `home_room_refund` VALUES ('65', '0', '0', '', '', '12', '1605092203', '56', '97');
INSERT INTO `home_room_refund` VALUES ('66', '0', '0', '', '', '12', '1605151966', '56', '97');

-- ----------------------------
-- Table structure for home_room_service
-- ----------------------------
DROP TABLE IF EXISTS `home_room_service`;
CREATE TABLE `home_room_service` (
  `id` int(11) NOT NULL AUTO_INCREMENT,
  `service_name` varchar(50) NOT NULL,
  `building_id` int(11) NOT NULL,
  PRIMARY KEY (`id`)
) ENGINE=MyISAM AUTO_INCREMENT=8 DEFAULT CHARSET=utf8;

-- ----------------------------
-- Records of home_room_service
-- ----------------------------
INSERT INTO `home_room_service` VALUES ('1', '保洁', '44');
INSERT INTO `home_room_service` VALUES ('2', '安保', '44');
INSERT INTO `home_room_service` VALUES ('3', '维修', '44');
INSERT INTO `home_room_service` VALUES ('4', '送餐', '44');
INSERT INTO `home_room_service` VALUES ('5', '维修', '56');
INSERT INTO `home_room_service` VALUES ('6', '保洁', '56');
INSERT INTO `home_room_service` VALUES ('7', '送餐', '56');

-- ----------------------------
-- Table structure for home_room_subscribe
-- ----------------------------
DROP TABLE IF EXISTS `home_room_subscribe`;
CREATE TABLE `home_room_subscribe` (
  `id` int(11) NOT NULL AUTO_INCREMENT COMMENT '房间预订',
  `guest_name` varchar(50) DEFAULT NULL,
  `credentials` varchar(50) DEFAULT NULL,
  `room_id` int(11) DEFAULT NULL,
  `in_time` varchar(50) DEFAULT NULL,
  `move_time` varchar(50) DEFAULT NULL,
  `create_time` varchar(50) DEFAULT NULL,
  `room_status` varchar(255) DEFAULT '0' COMMENT '1在住0未入住',
  `operator` varchar(255) DEFAULT NULL COMMENT '操作者',
  `building_id` int(11) DEFAULT NULL COMMENT '楼栋id',
  PRIMARY KEY (`id`)
) ENGINE=MyISAM AUTO_INCREMENT=48 DEFAULT CHARSET=utf8;

-- ----------------------------
-- Records of home_room_subscribe
-- ----------------------------
INSERT INTO `home_room_subscribe` VALUES ('45', '1515', '1551', '63', '20201111', '20201112', '1604892242', '1', '6', '44');
INSERT INTO `home_room_subscribe` VALUES ('46', '3343', '4324', '66', '20201111', '20201112', '1604896713', '1', '6', '44');
INSERT INTO `home_room_subscribe` VALUES ('47', '23', '232', '97', '20201113', '20201116', '1605170185', '1', '12', '56');

-- ----------------------------
-- Table structure for home_subscribe_msg
-- ----------------------------
DROP TABLE IF EXISTS `home_subscribe_msg`;
CREATE TABLE `home_subscribe_msg` (
  `id` int(11) NOT NULL AUTO_INCREMENT COMMENT '预订房间信息',
  `income_details` varchar(10) DEFAULT NULL COMMENT '收入',
  `room_id` int(11) DEFAULT NULL COMMENT '房间id',
  `deposit_record` varchar(5) DEFAULT NULL COMMENT '押金记录',
  `activity_price` varchar(5) DEFAULT '1' COMMENT '活动折扣',
  `member_price` varchar(5) DEFAULT '1' COMMENT '会员折扣',
  `stay_days` varchar(5) DEFAULT NULL COMMENT '入住天数',
  `create_time` varchar(10) DEFAULT NULL,
  `types` varchar(5) DEFAULT '1' COMMENT '1普通/2a按小时收费',
  `status` varchar(5) DEFAULT '1' COMMENT '1在住0离开/2预订',
  `in_time` varchar(15) DEFAULT NULL,
  `move_time` varchar(15) DEFAULT NULL,
  `operator` varchar(255) DEFAULT NULL COMMENT '操作者',
  `building_id` int(11) DEFAULT NULL,
  PRIMARY KEY (`id`)
) ENGINE=MyISAM AUTO_INCREMENT=416 DEFAULT CHARSET=utf8;

-- ----------------------------
-- Records of home_subscribe_msg
-- ----------------------------
INSERT INTO `home_subscribe_msg` VALUES ('415', '297', '97', '0', '1', '1', '3', '1605170185', '1', '2', '1605196800', '1605456000', '12', '56');

-- ----------------------------
-- Table structure for hotel_facilities
-- ----------------------------
DROP TABLE IF EXISTS `hotel_facilities`;
CREATE TABLE `hotel_facilities` (
  `id` int(11) NOT NULL AUTO_INCREMENT COMMENT '酒店设施',
  `name` varchar(50) DEFAULT NULL COMMENT '停车场',
  `status` varchar(2) DEFAULT NULL,
  PRIMARY KEY (`id`)
) ENGINE=MyISAM AUTO_INCREMENT=5 DEFAULT CHARSET=utf8;

-- ----------------------------
-- Records of hotel_facilities
-- ----------------------------
INSERT INTO `hotel_facilities` VALUES ('1', '停车场', '1');
INSERT INTO `hotel_facilities` VALUES ('2', '餐厅', '1');
INSERT INTO `hotel_facilities` VALUES ('3', 'WiFi', '1');
INSERT INTO `hotel_facilities` VALUES ('4', '会议室', '0');

-- ----------------------------
-- Table structure for hotel_img
-- ----------------------------
DROP TABLE IF EXISTS `hotel_img`;
CREATE TABLE `hotel_img` (
  `id` int(11) unsigned NOT NULL AUTO_INCREMENT,
  `image` varchar(255) DEFAULT NULL COMMENT '手机 地址',
  `title` varchar(255) DEFAULT NULL,
  `building_id` int(11) DEFAULT NULL,
  `src` varchar(255) DEFAULT NULL COMMENT '电脑地址',
  PRIMARY KEY (`id`)
) ENGINE=MyISAM AUTO_INCREMENT=42 DEFAULT CHARSET=utf8;

-- ----------------------------
-- Records of hotel_img
-- ----------------------------
INSERT INTO `hotel_img` VALUES ('35', 'http://www.hotel.xyz/storage/topic/20201116/a0dd2763b5c853eb121aa9ae8c04b6a9.jpg', null, '56', '/storage/topic/20201116/a0dd2763b5c853eb121aa9ae8c04b6a9.jpg');
INSERT INTO `hotel_img` VALUES ('36', 'http://www.hotel.xyz/storage/topic/20201116/efe40a417d201911028b94a1ff3c4656.jpg', null, '56', '/storage/topic/20201116/efe40a417d201911028b94a1ff3c4656.jpg');
INSERT INTO `hotel_img` VALUES ('37', 'http://www.hotel.xyz/storage/topic/20201116/0363a8dcdc3b270e9e09712390a2073a.jpg', null, '56', '/storage/topic/20201116/0363a8dcdc3b270e9e09712390a2073a.jpg');
INSERT INTO `hotel_img` VALUES ('38', 'http://www.hotel.xyz/storage/topic/20201117/80bfdfd14528347ea35e587baa9d8c52.jpg', null, '44', '/storage/topic/20201117/80bfdfd14528347ea35e587baa9d8c52.jpg');
INSERT INTO `hotel_img` VALUES ('39', 'http://www.hotel.xyz/storage/topic/20201117/69adab3ec09895b950cbcf99e50857f8.jpg', null, '44', '/storage/topic/20201117/69adab3ec09895b950cbcf99e50857f8.jpg');
INSERT INTO `hotel_img` VALUES ('40', 'http://www.hotel.xyz/storage/topic/20201117/17b6cf7d9fdc4ad398eb8e7fe54403e8.jpg', null, '55', '/storage/topic/20201117/17b6cf7d9fdc4ad398eb8e7fe54403e8.jpg');
INSERT INTO `hotel_img` VALUES ('41', 'http://www.hotel.xyz/storage/topic/20201118/b2bf07e96b63a6a092ba6fe7fe3f957b.jpg', null, '41', '/storage/topic/20201118/b2bf07e96b63a6a092ba6fe7fe3f957b.jpg');

-- ----------------------------
-- Table structure for hotel_move_ren
-- ----------------------------
DROP TABLE IF EXISTS `hotel_move_ren`;
CREATE TABLE `hotel_move_ren` (
  `id` int(11) NOT NULL AUTO_INCREMENT COMMENT '添加入住人',
  `user_name` varchar(50) DEFAULT NULL,
  `user_num` varchar(50) DEFAULT NULL,
  `room_id` int(11) DEFAULT NULL,
  `status` varchar(5) DEFAULT '1' COMMENT '0离店1在住',
  `create_time` varchar(50) DEFAULT NULL,
  `types` varchar(5) DEFAULT '1' COMMENT '1普通2预订',
  PRIMARY KEY (`id`)
) ENGINE=MyISAM AUTO_INCREMENT=932 DEFAULT CHARSET=utf8;

-- ----------------------------
-- Records of hotel_move_ren
-- ----------------------------
INSERT INTO `hotel_move_ren` VALUES ('931', '243', '4343', '1003', '1', '1605243834', '1');
INSERT INTO `hotel_move_ren` VALUES ('930', '243', '4343', '1005', '1', '1605243823', '1');
INSERT INTO `hotel_move_ren` VALUES ('921', '武大郎', '542527198208281552', '4001', '1', '1604896010', '1');
INSERT INTO `hotel_move_ren` VALUES ('922', '2323', '2323', '2005', '1', '1604896010', '1');
INSERT INTO `hotel_move_ren` VALUES ('928', '243', '4343', '1002', '1', '1605170493', '1');
INSERT INTO `hotel_move_ren` VALUES ('929', '243', '4343', '1006', '1', '1605243812', '1');

-- ----------------------------
-- Table structure for hotel_system
-- ----------------------------
DROP TABLE IF EXISTS `hotel_system`;
CREATE TABLE `hotel_system` (
  `id` int(11) NOT NULL AUTO_INCREMENT,
  `hotel_name` varchar(50) DEFAULT '酒店名称' COMMENT '酒店名称',
  `tel` varchar(15) DEFAULT '1888888888' COMMENT '酒店电话',
  `address` varchar(255) DEFAULT NULL COMMENT '酒店地址',
  `text` varchar(255) DEFAULT NULL COMMENT '介绍',
  `facilities` varchar(255) DEFAULT NULL COMMENT '设施',
  `building_id` int(11) DEFAULT NULL,
  `logo` varchar(255) DEFAULT '/static/bool.png' COMMENT 'logo 图',
  `cover_img` text COMMENT '封面图',
  `characteristic` varchar(255) DEFAULT NULL COMMENT '特征',
  `city` varchar(255) DEFAULT NULL,
  PRIMARY KEY (`id`)
) ENGINE=MyISAM AUTO_INCREMENT=13 DEFAULT CHARSET=utf8;

-- ----------------------------
-- Records of hotel_system
-- ----------------------------
INSERT INTO `hotel_system` VALUES ('8', '亚朵酒店', '1888888888', '山东青岛', '亚朵001', '停车场,餐厅,WiFi', '56', '/storage/topic/20201116/de4d8e2b9aa684a6e24028b9ebba4e61.jpg', '/storage/topic/20201116/8877e66bb283e1a1dc1ad8d231b3cacf.jpg', '清雅含蓄，端庄丰华，将中式简奢发挥极致001', '上海');
INSERT INTO `hotel_system` VALUES ('9', '酒店名称', '1888888888', null, null, null, null, null, null, null, null);
INSERT INTO `hotel_system` VALUES ('10', '测试酒店', '1888888888', '上海浦东新区', '151551', '停车场,餐厅,WiFi,会议室', '44', '/storage/topic/20201116/7d9b635d664fedf5cfabbc8f8f97aeb1.jpg', '/storage/topic/20201116/5dfd89600bb9e8000db5206af855db6e.jpg', '清雅含蓄，端庄丰华，将中式简奢发挥极致002', '上海');
INSERT INTO `hotel_system` VALUES ('11', '香格里拉 ', '1888888888', '北京王府井', '3232', '停车场,会议室', '55', '/storage/topic/20201116/ff53de109f853715dc26aaf5f17fe8c2.jpg', '/storage/topic/20201116/a3f083a9482b2668ae1dba834bc35922.jpg', '清雅含蓄，端庄丰华，将中式简奢发挥极致003', '西安');
INSERT INTO `hotel_system` VALUES ('12', '如家酒店', '1888888888', '4343', '4334', '停车场,餐厅,WiFi', '41', '/storage/topic/20201116/9239fcd6e3c149f3f32f779cec7d3851.jpg', '/storage/topic/20201116/8877e66bb283e1a1dc1ad8d231b3cacf.jpg', '清雅含蓄，端庄丰华，将中式简奢发挥极致004', '西安');

-- ----------------------------
-- Table structure for identity
-- ----------------------------
DROP TABLE IF EXISTS `identity`;
CREATE TABLE `identity` (
  `id` int(11) unsigned NOT NULL AUTO_INCREMENT,
  `identity` varchar(50) NOT NULL,
  `create_time` varchar(11) NOT NULL,
  PRIMARY KEY (`id`)
) ENGINE=MyISAM AUTO_INCREMENT=5 DEFAULT CHARSET=utf8;

-- ----------------------------
-- Records of identity
-- ----------------------------
INSERT INTO `identity` VALUES ('2', '身份证', '1591172355');
INSERT INTO `identity` VALUES ('4', '驾驶证', '1600135164');

-- ----------------------------
-- Table structure for income
-- ----------------------------
DROP TABLE IF EXISTS `income`;
CREATE TABLE `income` (
  `id` int(11) NOT NULL AUTO_INCREMENT COMMENT '入住记录中间表',
  `income_details` varchar(10) DEFAULT NULL COMMENT '收入',
  `room_id` int(11) DEFAULT NULL COMMENT '房间id',
  `deposit_record` varchar(5) DEFAULT NULL COMMENT '押金记录',
  `activity_price` varchar(5) DEFAULT '1' COMMENT '活动折扣',
  `member_price` varchar(5) DEFAULT '1' COMMENT '会员折扣',
  `superior_id` int(11) DEFAULT NULL COMMENT '上级id（主客房的id）',
  `room_change` varchar(5) DEFAULT NULL COMMENT '换房记录',
  `create_time` varchar(10) DEFAULT NULL,
  `types` varchar(5) DEFAULT '1' COMMENT '1普通/2a按小时收费',
  `status` varchar(5) DEFAULT '1' COMMENT '1在住0离开/2预订',
  PRIMARY KEY (`id`)
) ENGINE=MyISAM AUTO_INCREMENT=693 DEFAULT CHARSET=utf8;

-- ----------------------------
-- Records of income
-- ----------------------------
INSERT INTO `income` VALUES ('691', '232', '101', '0', '1', '0.9', null, null, '1605243823', '1', '1');
INSERT INTO `income` VALUES ('690', '99', '102', '0', '1', '0.9', null, null, '1605243812', '1', '1');
INSERT INTO `income` VALUES ('689', '232', '101', '0', '1', '0.9', null, null, '1605170493', '1', '1');
INSERT INTO `income` VALUES ('692', '99', '99', '0', '1', '0.9', null, null, '1605243834', '1', '1');

-- ----------------------------
-- Table structure for layout
-- ----------------------------
DROP TABLE IF EXISTS `layout`;
CREATE TABLE `layout` (
  `id` int(11) unsigned NOT NULL AUTO_INCREMENT,
  `type_name` varchar(50) NOT NULL COMMENT '房型名称',
  `create_time` varchar(11) NOT NULL,
  `price` int(5) NOT NULL COMMENT '价格',
  `deposit` int(5) NOT NULL COMMENT '押金',
  `hour` varchar(5) DEFAULT NULL COMMENT '每小时的价格',
  `building_id` int(11) DEFAULT NULL,
  PRIMARY KEY (`id`)
) ENGINE=MyISAM AUTO_INCREMENT=44 DEFAULT CHARSET=utf8;

-- ----------------------------
-- Records of layout
-- ----------------------------
INSERT INTO `layout` VALUES ('35', '亚朵特惠房', '1604973476', '99', '0', '12', '56');
INSERT INTO `layout` VALUES ('36', '亚朵双人间', '1604973498', '200', '10', '20', '56');
INSERT INTO `layout` VALUES ('37', '亚朵主题房', '1604973552', '232', '1', '10', '56');
INSERT INTO `layout` VALUES ('38', '亚朵打折房', '1604973629', '1001', '20', '10', '56');
INSERT INTO `layout` VALUES ('39', '七夕房', '1605403598', '200', '10', '10', '44');
INSERT INTO `layout` VALUES ('40', '中秋房', '1605589052', '815', '10', '8', '44');
INSERT INTO `layout` VALUES ('41', '香格里拉单人', '1605589162', '100', '1', '10', '55');
INSERT INTO `layout` VALUES ('42', '香格里拉优惠', '1605589175', '322', '2', '1', '55');
INSERT INTO `layout` VALUES ('43', '如家', '1605683849', '200', '10', '122', '41');

-- ----------------------------
-- Table structure for member
-- ----------------------------
DROP TABLE IF EXISTS `member`;
CREATE TABLE `member` (
  `id` int(11) NOT NULL AUTO_INCREMENT,
  `card` varchar(50) DEFAULT NULL,
  `name` varchar(50) DEFAULT '默认名字',
  `sex` varchar(2) DEFAULT NULL,
  `tel` varchar(50) DEFAULT NULL,
  `identity` varchar(50) DEFAULT NULL,
  `type` varchar(50) DEFAULT NULL,
  `create_time` varchar(11) DEFAULT NULL,
  `status` varchar(2) DEFAULT '1',
  `building_id` int(11) DEFAULT NULL,
  `money` varchar(5) DEFAULT '0' COMMENT '金额',
  `password` varchar(50) DEFAULT NULL,
  `token` varchar(255) DEFAULT NULL,
  PRIMARY KEY (`id`)
) ENGINE=MyISAM AUTO_INCREMENT=22 DEFAULT CHARSET=utf8;

-- ----------------------------
-- Records of member
-- ----------------------------
INSERT INTO `member` VALUES ('10', 'wudalang007', '武大郎', '1', '13521212222', '542527198208281552', '8', '1603503723', '1', '44', '1053', null, null);
INSERT INTO `member` VALUES ('6', '2342432', '陈方一杰', '0', '18810101011', '350822197101183592', '8', '1601287620', '1', '44', '520', null, null);
INSERT INTO `member` VALUES ('7', '232423', '大牛的会员', '0', '15201010139', '451002198204238859', '7', '1601289190', '1', '39', '5201', null, null);
INSERT INTO `member` VALUES ('8', 'yue', '乐晗蕾', '0', '13522012222', '511826197005258546', '11', '1601514182', '1', '44', '600', null, null);
INSERT INTO `member` VALUES ('9', '23232', '陈布尔', '1', '15011111369', '140825197508173636', '10', '1602922292', '1', '44', '500', null, null);
INSERT INTO `member` VALUES ('11', '3243543', '艺朵朵', '0', '13809055222', '3115484212121551', '10', '1603503753', '1', '44', '900', null, null);
INSERT INTO `member` VALUES ('12', '324324', '花慧月', '0', '15738888963', '510722197109219021', '10', '1603505901', '1', '44', '500', null, null);
INSERT INTO `member` VALUES ('13', '2121', '许和雅', '0', '1212', '141032198805257380', '7', '1603772391', '1', '44', '4134', null, null);
INSERT INTO `member` VALUES ('14', '2', '钱安卉', '0', '500103198503111941', '2323', '7', '1603772417', '1', '44', '400', null, null);
INSERT INTO `member` VALUES ('15', '32', '凤谷雪', '0', '2323', '44092319850718266X', '7', '1603772464', '1', '44', '300', null, null);
INSERT INTO `member` VALUES ('16', null, '默认名字', null, '18669907333', null, null, '1604542852', '1', null, '0', '25d55ad283aa400af464c76d713c07ad', 'cfa79400ee8942b3c3523eeb90ff3c40');
INSERT INTO `member` VALUES ('20', '32343', '243', '0', '3434343', '4343', '13', '1604973754', '1', '56', '50', null, null);
INSERT INTO `member` VALUES ('19', null, '默认名字', null, '18669907331', null, null, '1604738526', '1', null, '0', 'e10adc3949ba59abbe56e057f20f883e', '8d8a35622eba536a842e4938c52b5c11');

-- ----------------------------
-- Table structure for order
-- ----------------------------
DROP TABLE IF EXISTS `order`;
CREATE TABLE `order` (
  `id` int(11) NOT NULL AUTO_INCREMENT,
  `order_num` varchar(20) NOT NULL,
  `create_time` varchar(11) NOT NULL,
  `building_id` int(11) DEFAULT NULL,
  `status` varchar(5) DEFAULT '1' COMMENT '订单状态、1未入库0已经入库',
  PRIMARY KEY (`id`)
) ENGINE=MyISAM AUTO_INCREMENT=46 DEFAULT CHARSET=utf8;

-- ----------------------------
-- Records of order
-- ----------------------------
INSERT INTO `order` VALUES ('44', '20201112-4225', '1605169179', '56', '1');
INSERT INTO `order` VALUES ('45', '20201112-8635', '1605169187', '56', '1');

-- ----------------------------
-- Table structure for payment
-- ----------------------------
DROP TABLE IF EXISTS `payment`;
CREATE TABLE `payment` (
  `id` int(11) unsigned NOT NULL AUTO_INCREMENT,
  `pay_name` varchar(50) NOT NULL,
  `create_time` varchar(11) NOT NULL,
  PRIMARY KEY (`id`)
) ENGINE=MyISAM AUTO_INCREMENT=16 DEFAULT CHARSET=utf8;

-- ----------------------------
-- Records of payment
-- ----------------------------
INSERT INTO `payment` VALUES ('9', '支付宝', '1591147885');
INSERT INTO `payment` VALUES ('11', '微信', '1591148405');
INSERT INTO `payment` VALUES ('12', '现金', '1591148722');

-- ----------------------------
-- Table structure for purchases
-- ----------------------------
DROP TABLE IF EXISTS `purchases`;
CREATE TABLE `purchases` (
  `id` int(11) NOT NULL AUTO_INCREMENT,
  `goods_id` varchar(10) NOT NULL,
  `number` int(11) NOT NULL,
  `order_id` int(11) NOT NULL,
  `create_time` varchar(11) NOT NULL,
  `building_id` int(11) DEFAULT NULL,
  `status` varchar(5) DEFAULT NULL,
  PRIMARY KEY (`id`)
) ENGINE=MyISAM AUTO_INCREMENT=39 DEFAULT CHARSET=utf8;

-- ----------------------------
-- Records of purchases
-- ----------------------------
INSERT INTO `purchases` VALUES ('27', '13', '100', '17', '1601603302', '39', null);
INSERT INTO `purchases` VALUES ('28', '14', '100', '17', '1601603314', '39', null);
INSERT INTO `purchases` VALUES ('29', '11', '500', '18', '1601603335', '44', null);
INSERT INTO `purchases` VALUES ('30', '11', '100', '18', '1601603685', '44', null);
INSERT INTO `purchases` VALUES ('31', '11', '600', '18', '1601603707', '44', null);
INSERT INTO `purchases` VALUES ('32', '11', '111', '19', '1601603874', '44', null);
INSERT INTO `purchases` VALUES ('33', '15', '800', '23', '1601604197', '44', null);
INSERT INTO `purchases` VALUES ('34', '11', '1314', '24', '1602980956', '44', null);
INSERT INTO `purchases` VALUES ('35', '15', '520', '24', '1602981036', '44', null);
INSERT INTO `purchases` VALUES ('36', '11', '50', '18', '1603614928', '44', null);
INSERT INTO `purchases` VALUES ('37', '22', '50', '18', '1603614937', '44', null);
INSERT INTO `purchases` VALUES ('38', '24', '50', '18', '1603614946', '44', null);

-- ----------------------------
-- Table structure for recharge
-- ----------------------------
DROP TABLE IF EXISTS `recharge`;
CREATE TABLE `recharge` (
  `id` int(11) NOT NULL AUTO_INCREMENT,
  `recharge` varchar(10) NOT NULL,
  `give` varchar(10) NOT NULL COMMENT '赠送的额度',
  `building_id` int(11) DEFAULT NULL,
  PRIMARY KEY (`id`)
) ENGINE=MyISAM AUTO_INCREMENT=7 DEFAULT CHARSET=utf8;

-- ----------------------------
-- Records of recharge
-- ----------------------------

-- ----------------------------
-- Table structure for room
-- ----------------------------
DROP TABLE IF EXISTS `room`;
CREATE TABLE `room` (
  `id` int(11) unsigned NOT NULL AUTO_INCREMENT,
  `room_num` varchar(50) NOT NULL COMMENT '房间号码',
  `room_name` varchar(50) NOT NULL COMMENT '房间名称',
  `type_id` int(5) NOT NULL COMMENT '房间类型id',
  `building_id` int(5) NOT NULL COMMENT '楼栋id',
  `storey_id` int(5) NOT NULL COMMENT '楼层id',
  `tel` varchar(15) DEFAULT NULL COMMENT '电话',
  `desc` varchar(255) DEFAULT NULL COMMENT '描述',
  `create_time` varchar(11) NOT NULL COMMENT '创建时间',
  `room_id` varchar(11) DEFAULT 'no' COMMENT '主房间id',
  `status` varchar(2) DEFAULT '1' COMMENT '1空闲2有人3会员4维修5锁房6待打扫 7预订',
  `guest_name` varchar(50) DEFAULT NULL COMMENT '客人姓名',
  `activity_id` int(11) DEFAULT NULL COMMENT '促销活动',
  `credentials` varchar(50) DEFAULT NULL COMMENT '证件号码',
  `guest_sex` varchar(2) DEFAULT NULL,
  `guest_source` int(11) DEFAULT NULL COMMENT '宾客来源',
  `guest_tel` varchar(255) DEFAULT NULL COMMENT '宾客手机号',
  `guest_number` int(11) DEFAULT NULL COMMENT '宾客人数',
  `move_duration` varchar(50) DEFAULT NULL COMMENT '入住时长',
  `in_time` varchar(50) DEFAULT NULL COMMENT '入住时间',
  `move_time` varchar(50) DEFAULT '' COMMENT '离开时间',
  `payment_id` int(11) DEFAULT NULL COMMENT '收款方式',
  `breakfast` varchar(2) DEFAULT NULL COMMENT '早餐',
  `bed` varchar(4) DEFAULT NULL COMMENT '床位',
  `member_id` int(11) DEFAULT '0' COMMENT '会员id',
  PRIMARY KEY (`id`)
) ENGINE=MyISAM AUTO_INCREMENT=107 DEFAULT CHARSET=utf8;

-- ----------------------------
-- Records of room
-- ----------------------------
INSERT INTO `room` VALUES ('97', '1001', '1515', '35', '56', '48', '', '', '1604973512', 'no', '7', '23', '0', '232', '', '0', '3434343', '0', '', '20201113', '20201116', null, '1', '1', '20');
INSERT INTO `room` VALUES ('98', '1002', '15', '36', '56', '49', '', '', '1604973525', 'no', '2', '243', '0', '4343', '0', '1', '3434343', '0', '', '20201112', '20201113', null, '0', '1', '20');
INSERT INTO `room` VALUES ('99', '1003', '151', '35', '56', '47', '', '', '1604973535', 'no', '2', '243', '0', '4343', '0', '1', '3434343', '0', '', '20201113', '20201114', null, '0', '1', '20');
INSERT INTO `room` VALUES ('100', '1004', '15', '38', '56', '47', '', '', '1604973642', 'no', '1', null, null, null, null, null, null, null, null, null, '', null, '0', '1', '0');
INSERT INTO `room` VALUES ('101', '1005', '3', '37', '56', '47', '', '', '1604973653', 'no', '2', '243', '0', '4343', '0', '1', '3434343', '0', '', '20201113', '20201114', null, '0', '1', '20');
INSERT INTO `room` VALUES ('102', '1006', '任务', '35', '56', '48', '18669907331', '大幅度', '1605168004', 'no', '2', '243', '0', '4343', '0', '1', '3434343', null, null, '20201113', '20201114', null, '1', '1', '20');
INSERT INTO `room` VALUES ('103', '2001', '多少度', '39', '44', '46', '', '', '1605403612', 'no', '1', null, null, null, null, null, null, null, null, null, '', null, '0', '1', '0');
INSERT INTO `room` VALUES ('104', '1001', '232', '43', '41', '18', '', '', '1605683862', 'no', '1', null, null, null, null, null, null, null, null, null, '', null, '0', '1', '0');
INSERT INTO `room` VALUES ('105', '1002', '3232', '43', '41', '18', '', '', '1605683872', 'no', '1', null, null, null, null, null, null, null, null, null, '', null, '0', '1', '0');
INSERT INTO `room` VALUES ('106', '1003', '位', '43', '41', '18', '', '', '1605683883', 'no', '1', null, null, null, null, null, null, null, null, null, '', null, '0', '1', '0');

-- ----------------------------
-- Table structure for storey
-- ----------------------------
DROP TABLE IF EXISTS `storey`;
CREATE TABLE `storey` (
  `id` int(11) unsigned NOT NULL AUTO_INCREMENT,
  `storey` varchar(50) NOT NULL,
  `create_time` varchar(11) NOT NULL,
  `building` varchar(10) DEFAULT NULL,
  PRIMARY KEY (`id`)
) ENGINE=MyISAM AUTO_INCREMENT=56 DEFAULT CHARSET=utf8;

-- ----------------------------
-- Records of storey
-- ----------------------------
INSERT INTO `storey` VALUES ('16', '102层', '1591062772', '39');
INSERT INTO `storey` VALUES ('17', '5层', '1591064800', '40');
INSERT INTO `storey` VALUES ('18', '10层', '1591066401', '41');
INSERT INTO `storey` VALUES ('20', '101层', '1591067345', '48');
INSERT INTO `storey` VALUES ('21', '102层', '1591067357', '40');
INSERT INTO `storey` VALUES ('22', '103层', '1591067366', '48');
INSERT INTO `storey` VALUES ('23', '104层', '1591067375', '48');
INSERT INTO `storey` VALUES ('46', '3', '1604104436', '44');
INSERT INTO `storey` VALUES ('45', '2', '1604104433', '44');
INSERT INTO `storey` VALUES ('44', '1', '1604104428', '44');
INSERT INTO `storey` VALUES ('43', '1515', '1604102950', '39');
INSERT INTO `storey` VALUES ('47', '1', '1604553388', '56');
INSERT INTO `storey` VALUES ('48', '2', '1604553392', '56');
INSERT INTO `storey` VALUES ('49', '3', '1604553395', '56');
INSERT INTO `storey` VALUES ('50', '4', '1604553399', '56');
INSERT INTO `storey` VALUES ('51', '5', '1604553404', '56');
INSERT INTO `storey` VALUES ('52', '6', '1604553407', '56');
INSERT INTO `storey` VALUES ('53', '7', '1605242453', '56');
INSERT INTO `storey` VALUES ('54', '1', '1605589119', '55');
INSERT INTO `storey` VALUES ('55', '2', '1605589123', '55');

-- ----------------------------
-- Table structure for tel_code
-- ----------------------------
DROP TABLE IF EXISTS `tel_code`;
CREATE TABLE `tel_code` (
  `id` int(11) unsigned NOT NULL AUTO_INCREMENT COMMENT '手机验证码',
  `tel` varchar(20) DEFAULT NULL,
  `code` varchar(50) DEFAULT NULL,
  `create_time` varchar(11) DEFAULT NULL,
  PRIMARY KEY (`id`)
) ENGINE=MyISAM AUTO_INCREMENT=17 DEFAULT CHARSET=utf8;

-- ----------------------------
-- Records of tel_code
-- ----------------------------
INSERT INTO `tel_code` VALUES ('14', '18669907312', '360864', '1604541663');
INSERT INTO `tel_code` VALUES ('15', '18669907331', '382937', '1605429213');
INSERT INTO `tel_code` VALUES ('16', '18669907332', '740119', '1604543205');

-- ----------------------------
-- Table structure for viptype
-- ----------------------------
DROP TABLE IF EXISTS `viptype`;
CREATE TABLE `viptype` (
  `id` int(11) NOT NULL AUTO_INCREMENT,
  `vipname` varchar(50) NOT NULL,
  `price` varchar(10) NOT NULL,
  `create_time` varchar(11) NOT NULL,
  `building_id` int(11) DEFAULT NULL,
  PRIMARY KEY (`id`)
) ENGINE=MyISAM AUTO_INCREMENT=16 DEFAULT CHARSET=utf8;

-- ----------------------------
-- Records of viptype
-- ----------------------------
INSERT INTO `viptype` VALUES ('7', '白金', '0.8', '1601287313', '44');
INSERT INTO `viptype` VALUES ('8', '黄金', '0.9', '1601287320', '44');
INSERT INTO `viptype` VALUES ('9', '大牛的会员类型', '0.9', '1601289175', '39');
INSERT INTO `viptype` VALUES ('10', '钻石', '0.6', '1602922128', '44');
INSERT INTO `viptype` VALUES ('11', '水晶', '0.5', '1603764438', '44');
INSERT INTO `viptype` VALUES ('13', '黄金', '0.9', '1604973721', '56');
INSERT INTO `viptype` VALUES ('14', '白金', '0.8', '1604973729', '56');
INSERT INTO `viptype` VALUES ('15', '钻石', '0.7', '1604973743', '56');

-- ----------------------------
-- Table structure for voice
-- ----------------------------
DROP TABLE IF EXISTS `voice`;
CREATE TABLE `voice` (
  `id` int(11) NOT NULL AUTO_INCREMENT COMMENT '语音设置',
  `status` varchar(2) DEFAULT '1' COMMENT '0关、1开',
  `types` varchar(255) DEFAULT NULL COMMENT '语音类型',
  `building_id` int(11) DEFAULT NULL,
  PRIMARY KEY (`id`)
) ENGINE=MyISAM AUTO_INCREMENT=7 DEFAULT CHARSET=utf8;

-- ----------------------------
-- Records of voice
-- ----------------------------
INSERT INTO `voice` VALUES ('1', '1', '思悦', null);
INSERT INTO `voice` VALUES ('2', '1', '艾美', '44');
INSERT INTO `voice` VALUES ('3', '1', '姗姗', '39');
INSERT INTO `voice` VALUES ('4', '1', '青青', '56');
INSERT INTO `voice` VALUES ('5', '1', '若兮', '55');
INSERT INTO `voice` VALUES ('6', '1', '若兮', '41');

-- ----------------------------
-- Table structure for week
-- ----------------------------
DROP TABLE IF EXISTS `week`;
CREATE TABLE `week` (
  `id` int(11) unsigned NOT NULL AUTO_INCREMENT,
  `monday` int(11) DEFAULT NULL COMMENT '1',
  `tuesday` int(11) DEFAULT NULL COMMENT '2',
  `wednesday` int(11) DEFAULT NULL COMMENT '3',
  `thursday` int(11) DEFAULT NULL COMMENT '4',
  `friday` int(11) DEFAULT NULL COMMENT '5',
  `saturday` int(11) DEFAULT NULL COMMENT '6',
  `sunday` int(11) DEFAULT NULL COMMENT '7',
  `eight` int(11) DEFAULT NULL,
  `nine` int(255) DEFAULT NULL,
  `ten` int(255) DEFAULT NULL,
  `eleven` int(255) DEFAULT NULL,
  `twelve` int(255) DEFAULT NULL,
  `thirteen` int(255) DEFAULT NULL,
  `fourteen` int(255) DEFAULT NULL,
  `layout_id` int(11) DEFAULT NULL,
  `create_time` varchar(20) DEFAULT NULL,
  PRIMARY KEY (`id`)
) ENGINE=MyISAM AUTO_INCREMENT=250 DEFAULT CHARSET=utf8;

-- ----------------------------
-- Records of week
-- ----------------------------
INSERT INTO `week` VALUES ('240', '99', '99', '99', '99', '99', '99', '99', '99', '99', '99', '99', '99', '99', '99', '97', '20201204');
INSERT INTO `week` VALUES ('241', '200', '200', '200', '99', '99', '99', '99', '99', '99', '99', '99', '99', '99', '99', '98', '20201204');
INSERT INTO `week` VALUES ('242', '99', '99', '99', '99', '99', '99', '99', '99', '99', '99', '99', '99', '99', '99', '99', '20201204');
INSERT INTO `week` VALUES ('243', '1001', '1001', '1001', '99', '99', '99', '99', '99', '99', '99', '99', '99', '99', '99', '100', '20201204');
INSERT INTO `week` VALUES ('244', '232', '232', '232', '99', '99', '99', '99', '99', '99', '99', '99', '99', '99', '99', '101', '20201204');
INSERT INTO `week` VALUES ('245', '99', '99', '99', '99', '99', '99', '99', '99', '99', '99', '99', '99', '99', '99', '102', '20201204');
INSERT INTO `week` VALUES ('246', '200', '200', '200', '200', '200', '200', '200', '200', '99', '99', '99', '99', '99', '99', '103', '20201204');
INSERT INTO `week` VALUES ('247', '200', '200', '200', '200', '200', '200', '200', '200', '200', '200', '200', '99', '99', '99', '104', '20201204');
INSERT INTO `week` VALUES ('248', '200', '200', '200', '200', '200', '200', '200', '200', '200', '200', '200', '99', '99', '99', '105', '20201204');
INSERT INTO `week` VALUES ('249', '200', '200', '200', '200', '200', '200', '200', '200', '200', '200', '200', '99', '99', '99', '106', '20201204');
